post_id,username,post_text,timestamp,likes,comments,shares,language
923,@coderthinker615,Why is nobody talking about this documentary?,2026-01-31 23:30:00,12,1.0,1.0,en
4970,@techexplorer915,Traffic this morning was unreal.,2026-06-28 23:11:00,10,5.0,2.0,en
2684,@realchef424,Cette nouvelle est incroyable.,2026-04-06 08:17:00,32,5.0,2.0,fr
138,@mrwriter160,Anyone else excited for the weekend?,2026-01-04 00:31:00,19,3.0,0.0,en
2040,@trueexplorer291,Feliz viernes a todos!,2026-03-13 19:20:00,7,2.0,1.0,es
2613,@msdreamer242,Wat een mooie dag vandaag!,2026-04-03 19:38:00,32,4.0,1.0,nl
3756,@realgamer938,Just tried the new update and it's amazing! #tech,2026-05-15 20:09:00,6,3.0,,en
4865,@mrthinker789,Just adopted a puppy and I'm obsessed.,2026-06-25 06:56:00,43,,2.0,en
1282,@mssoul242,Why is nobody talking about this documentary?,2026-02-13 19:33:00,37,6.0,2.0,en
1776,@dailysoul400,Kan niet wachten op het weekend!,2026-03-03 09:43:00,56,11.0,1.0,nl
1614,@digitalexplorer54,,2026-02-25 07:32:00,40,6.0,1.0,en
4518,@dailytechupdate,Why is nobody talking about this documentary?,2026-06-12 19:50:00,632,89.0,18.0,en
1717,@mrlife490,This is exactly why I love this community.,2026-02-28 16:47:00,34,3.0,2.0,en
4789,@wildwriter840,Conference talk today was so inspiring.,2026-06-22 06:43:00,41,9.0,1.0,en
2269,@techartist752,Just tried the new update and it's amazing! #tech,2026-03-21 06:50:00,10,4.0,0.0,en
2404,@thedev461,Wat een mooie dag vandaag!,2026-03-27 19:01:00,39,3.0,3.0,nl
208,@realthinker625,Endlich mein Projekt fertig.,2026-01-07 02:59:00,13,1.0,1.0,de
1191,@sunnydreamer555,Just adopted a puppy and I'm obsessed.,2026-02-10 16:20:00,20,2.0,2.0,en
4927,@nightthinker765,"New blog post is live, check it out!",2026-06-26 21:41:00,8,3.0,2.0,en
1596,@dailytechupdate,Cette nouvelle est incroyable.,2026-02-24 14:08:00,856,44.0,16.0,fr
1168,@msdev488,Quelle belle journee aujourd'hui!,2026-02-09 21:23:00,33,5.0,2.0,fr
4,@urbantraveler960,Reading a great book on data science right now.,2026-01-01 04:49:00,53,7.0,5.0,en
4994,@quietdev850,"Feeling grateful today, small wins count.",2026-06-29 15:39:00,37,8.0,0.0,en
1742,@techvibes895,Can we talk about how good this weather is today?,2026-03-01 19:22:00,15,4.0,2.0,en
4950,@msdev427,Just tried the new update and it's amazing! #tech,2026-06-27 20:57:00,105,16.0,4.0,en
4162,@drartist738,"New blog post is live, check it out!",2026-05-30 16:16:00,64,1.0,4.0,en
1243,@happysoul106,"Working from the coffee shop again, love this place.",2026-02-12 12:23:00,30,2.0,2.0,en
1755,@techvibes895,Can we talk about how good this weather is today?,2026-03-02 13:35:00,17,5.0,0.0,en
936,@silentstudent341,"Big news coming soon, stay tuned!",2026-02-01 14:02:00,81,5.0,6.0,en
4334,@nightgamer397,Just tried the new update and it's amazing! #tech,2026-06-05 21:04:00,31,6.0,3.0,en
3551,@mspanda608,Anyone else excited for the weekend?,2026-05-08 05:20:00,5,3.0,1.0,en
4953,@quietpanda383,No puedo creer las noticias de hoy.,2026-06-27 23:50:00,30,4.0,2.0,es
982,@cosmicwanderer621,Reading a great book on data science right now.,2026-02-03 10:05:00,58,2.0,2.0,en
1129,@wildchef664,No puedo creer las noticias de hoy.,2026-02-08 11:24:00,32,5.0,,es
258,@mslife244,Terminando el proyecto por fin.,2026-01-09 01:24:00,81,8.0,,es
3486,@msgamer981,Reading a great book on data science right now.,2026-05-05 15:24:00,66,5.0,6.0,en
4039,@urbanartist548,"New blog post is live, check it out!",2026-05-26 12:08:00,47,7.0,4.0,en
2069,@techstudent104,"Working from the coffee shop again, love this place.",2026-03-13 22:25:00,80,9.0,4.0,en
274,@realrunner705,Wat een mooie dag vandaag!,2026-01-09 14:48:00,36,2.0,3.0,nl
4944,@luckyfox776,Finally finished my project after weeks of work.,2026-06-27 15:11:00,15,5.0,0.0,en
3215,@wildstudent902,This is exactly why I love this community.,2026-04-25 16:07:00,91,5.0,5.0,en
1832,@truepanda203,"Working from the coffee shop again, love this place.",2026-03-05 18:03:00,10,3.0,0.0,en
2949,@drvibes554,"Big news coming soon, stay tuned!",2026-04-16 21:31:00,24,4.0,1.0,en
308,@wilddev434,"Working from the coffee shop again, love this place.",2026-01-09 21:40:00,166,25.0,11.0,en
3783,@silentfox174,Traffic this morning was unreal.,2026-05-16 07:18:00,58,3.0,4.0,en
2570,@justnews237,"New blog post is live, check it out!",2026-04-02 08:15:00,98,8.0,3.0,en
4103,@cosmicpanda822,Terminando el proyecto por fin.,2026-05-28 22:27:00,131,4.0,7.0,es
1638,@urbanlife82,Vivement le week-end!,2026-02-26 11:28:00,34,3.0,1.0,fr
3068,@digitalwriter441,No puedo creer las noticias de hoy.,2026-04-20 09:58:00,40,5.0,3.0,es
2137,@urbanwriter806,Just tried the new update and it's amazing! #tech,2026-03-16 19:09:00,106,8.0,7.0,en
4548,@thelife285,"Working from the coffee shop again, love this place.",2026-06-13 05:31:00,199,23.0,4.0,en
2428,@therunner54,Conference talk today was so inspiring.,2026-03-27 21:16:00,40,3.0,3.0,en
1407,@realmind514,Can we talk about how good this weather is today?,2026-02-18 00:16:00,17,2.0,0.0,en
4063,@luckywanderer748,This is exactly why I love this community.,2026-05-27 03:34:00,20,2.0,1.0,en
626,@digitalfox339,"Feeling grateful today, small wins count.",2026-01-21 04:25:00,53,7.0,2.0,en
1049,@thenews721,Je viens de terminer mon projet.,2026-02-06 11:26:00,40,4.0,3.0,fr
4177,@urbanpanda555,"Feeling grateful today, small wins count.",2026-05-31 05:00:00,102,5.0,4.0,en
4204,@cosmicvibes266,"Feeling grateful today, small wins count.",2026-06-01 02:48:00,16,6.0,2.0,en
4280,@dailyexplorer949,Traffic this morning was unreal.,2026-06-04 13:23:00,35,5.0,3.0,en
1912,@digitalexplorer54,Cooking experiment gone right for once!,2026-03-08 01:33:00,19,5.0,1.0,en
1686,@wildexplorer290,Traffic this morning was unreal.,2026-02-27 19:54:00,95,3.0,3.0,en
1431,@sunnydreamer992,Ich freue mich aufs Wochenende!,2026-02-18 21:29:00,193,8.0,8.0,de
2498,@nightstudent848,"Working from the coffee shop again, love this place.",2026-03-30 10:35:00,46,3.0,2.0,en
3774,@luckyfox283,Reading a great book on data science right now.,2026-05-15 21:11:00,27,3.0,0.0,en
219,@technews849,"New blog post is live, check it out!",2026-01-07 11:23:00,7,3.0,2.0,en
2512,@urbantraveler501,Just tried the new update and it's amazing! #tech,2026-03-30 23:51:00,20,3.0,2.0,en
3429,@digitalgamer420,Feliz viernes a todos!,2026-05-03 05:38:00,18,4.0,2.0,es
4905,@mrsoul331,Conference talk today was so inspiring.,2026-06-26 19:07:00,35,4.0,0.0,en
3911,@sunnyfox373,Can we talk about how good this weather is today?,2026-05-21 20:50:00,41,3.0,1.0,en
2622,@techartist141,Traffic this morning was unreal.,2026-04-03 20:24:00,348,53.0,,en
1173,@therunner54,Traffic this morning was unreal.,2026-02-10 03:04:00,30,4.0,4.0,en
2249,@cosmicthinker904,Can we talk about how good this weather is today?,2026-03-20 20:42:00,65,9.0,5.0,en
3712,@thetraveler554,Just tried the new update and it's amazing! #tech,2026-05-14 14:20:00,25,0.0,3.0,en
4986,@cosmicgamer860,"Working from the coffee shop again, love this place.",2026-06-29 09:17:00,13,1.0,0.0,en
2811,@reallife2,Just tried the new update and it's amazing! #tech,2026-04-10 21:59:00,17,3.0,3.0,en
1268,@codertraveler952,Just adopted a puppy and I'm obsessed.,2026-02-13 09:17:00,18,1.0,2.0,en
2644,@quiettraveler68,"Working from the coffee shop again, love this place.",2026-04-04 06:28:00,11,4.0,2.0,en
3141,@silentsoul738,"Working from the coffee shop again, love this place.",2026-04-23 21:11:00,11,2.0,0.0,en
5062,@nightvoice129,👍👍,2026-05-18 10:50:00,3,0.0,0.0,en
4869,@cosmicvibes266,Reading a great book on data science right now.,2026-06-25 09:43:00,60,7.0,5.0,en
3735,@techdreamer926,"Working from the coffee shop again, love this place.",2026-05-15 14:00:00,145,22.0,12.0,en
4328,@truefox665,"New blog post is live, check it out!",2026-06-05 20:26:00,36,5.0,1.0,en
706,@cosmicvibes193,"Working from the coffee shop again, love this place.",2026-01-23 20:43:00,97,13.0,2.0,en
3179,@silentgamer114,"Feeling grateful today, small wins count.",2026-04-24 20:15:00,55,7.0,2.0,en
1441,@thedev705,"Big news coming soon, stay tuned!",2026-02-19 03:48:00,214,17.0,13.0,en
2317,@sunnymind75,"New blog post is live, check it out!",2026-03-23 13:40:00,59,3.0,4.0,en
1460,@truepanda203,Feliz viernes a todos!,2026-02-19 23:35:00,7,0.0,1.0,es
4450,@silentmind241,Just tried the new update and it's amazing! #tech,2026-06-10 11:50:00,49,8.0,0.0,en
2514,@dailytechupdate,Why is nobody talking about this documentary?,2026-03-31 01:07:00,329,22.0,16.0,en
1216,@drchef131,No puedo creer las noticias de hoy.,2026-02-11 08:42:00,44,10.0,1.0,es
2940,@coderchef574,"New blog post is live, check it out!",2026-04-16 06:37:00,40,2.0,2.0,en
1329,@truedev87,Feliz viernes a todos!,2026-02-14 19:27:00,98,8.0,2.0,es
4894,@happyvibes37,Vivement le week-end!,2026-06-26 10:02:00,24,3.0,0.0,fr
574,@wilddev280,Eindelijk mijn project afgerond.,2026-01-19 05:12:00,10,5.0,0.0,nl
1608,@wildgamer534,Cooking experiment gone right for once!,2026-02-25 01:55:00,11,,2.0,en
3881,@msdreamer316,,2026-05-20 22:06:00,142,,13.0,en
1461,@dailytraveler153,"Big news coming soon, stay tuned!",2026-02-20 00:11:00,190,26.0,4.0,en
1714,@silentchef208,Traffic this morning was unreal.,2026-02-28 06:54:00,105,17.0,7.0,en
955,@msfox674,Just tried the new update and it's amazing! #tech,2026-02-02 07:45:00,14,1.0,2.0,en
3426,@digitaltraveler160,Eindelijk mijn project afgerond.,2026-05-03 01:05:00,83,5.0,6.0,nl
4699,@happypanda482,Was fur ein schoner Tag heute!,2026-06-19 05:51:00,130,4.0,4.0,de
1872,@thenews721,Just tried the new update and it's amazing! #tech,2026-03-06 21:12:00,166,8.0,5.0,en
3285,@techexplorer840,Finally finished my project after weeks of work.,2026-04-28 06:46:00,131,7.0,4.0,en
5016,@theartist682,.,2026-03-19 00:20:00,0,1.0,1.0,en
827,@mssoul499,"New blog post is live, check it out!",2026-01-28 19:35:00,168,7.0,9.0,en
2891,@coderlife793,This is exactly why I love this community.,2026-04-14 10:27:00,18,3.0,1.0,en
1180,@silentdev455,Traffic this morning was unreal.,2026-02-10 08:10:00,18,4.0,2.0,en
2067,@sunnylife494,Can we talk about how good this weather is today?,2026-03-13 21:57:00,24,1.0,1.0,en
329,@msthinker917,Cooking experiment gone right for once!,2026-01-10 12:52:00,5,0.0,,en
4628,@silentpanda419,Feliz viernes a todos!,2026-06-16 18:26:00,9,4.0,0.0,es
4774,@quietnews847,Conference talk today was so inspiring.,2026-06-21 15:27:00,102,13.0,4.0,en
5035,@urbanrunner736,.,2026-04-16 07:36:00,2,0.0,1.0,en
3934,@quietvoice816,Anyone else excited for the weekend?,2026-05-22 16:28:00,16,2.0,2.0,en
2511,@silentsoul957,Vivement le week-end!,2026-03-30 23:14:00,21,6.0,,fr
5028,@realdev36,-,2026-06-15 16:01:00,3,0.0,1.0,en
214,@mslife259,"Big news coming soon, stay tuned!",2026-01-07 09:06:00,121,6.0,3.0,en
4443,@digitalgamer420,This is exactly why I love this community.,2026-06-10 00:24:00,146,20.0,6.0,en
73,@quietpanda434,Vivement le week-end!,2026-01-02 19:41:00,18,1.0,0.0,fr
3863,@coderartist746,Just tried the new update and it's amazing! #tech,2026-05-20 02:15:00,5,3.0,0.0,en
2230,@luckywanderer748,This is exactly why I love this community.,2026-03-20 16:57:00,11,2.0,0.0,en
4226,@luckywanderer748,Vivement le week-end!,2026-06-02 04:38:00,25,2.0,,fr
1092,@coderthinker615,Why is nobody talking about this documentary?,2026-02-06 22:12:00,454,36.0,17.0,en
4345,@cosmicgamer860,"Working from the coffee shop again, love this place.",2026-06-05 21:57:00,64,5.0,2.0,en
4651,@techsoul134,Finally finished my project after weeks of work.,2026-06-17 13:13:00,31,7.0,3.0,en
1183,@nightvoice746,This is exactly why I love this community.,2026-02-10 10:15:00,63,11.0,3.0,en
1554,@msthinker917,Cooking experiment gone right for once!,2026-02-22 23:29:00,124,12.0,9.0,en
2357,@reallife812,Why is nobody talking about this documentary?,2026-03-25 11:44:00,14,3.0,0.0,en
771,@cosmicchef738,Eindelijk mijn project afgerond.,2026-01-26 11:20:00,17,1.0,2.0,nl
2706,@wildstudent902,Anyone else excited for the weekend?,2026-04-07 15:21:00,63,6.0,1.0,en
1462,@luckythinker618,This is exactly why I love this community.,2026-02-20 00:29:00,28,7.0,2.0,en
2353,@drartist738,"New blog post is live, check it out!",2026-03-25 07:24:00,7,,2.0,en
2623,@techthinker731,Cooking experiment gone right for once!,2026-04-03 20:27:00,64,13.0,,en
3940,@sunnysoul514,Just tried the new update and it's amazing! #tech,2026-05-22 19:17:00,16,3.0,0.0,en
1639,@msgamer981,Traffic this morning was unreal.,2026-02-26 12:07:00,10,,2.0,en
3909,@drchef131,Conference talk today was so inspiring.,2026-05-21 19:30:00,50,5.0,1.0,en
829,@wildtraveler685,Traffic this morning was unreal.,2026-01-28 19:51:00,7,4.0,0.0,en
492,@happyvoice838,"New blog post is live, check it out!",2026-01-16 19:36:00,93,15.0,9.0,en
522,@realdreamer515,Just adopted a puppy and I'm obsessed.,2026-01-17 01:26:00,7,2.0,2.0,en
2673,@coderchef184,Traffic this morning was unreal.,2026-04-05 23:23:00,7,,2.0,en
4669,@luckyfox776,Can we talk about how good this weather is today?,2026-06-18 08:24:00,31,1.0,0.0,en
2235,@quietmind886,"Working from the coffee shop again, love this place.",2026-03-20 19:06:00,35,5.0,4.0,en
2906,@codernews565,Terminando el proyecto por fin.,2026-04-15 01:33:00,27,4.0,3.0,es
722,@msstudent408,Cette nouvelle est incroyable.,2026-01-24 03:50:00,72,6.0,0.0,fr
3851,@msthinker197,"Working from the coffee shop again, love this place.",2026-05-19 14:37:00,9,4.0,1.0,en
1773,@nightgamer200,Wat een mooie dag vandaag!,2026-03-03 05:25:00,131,8.0,5.0,nl
745,@luckywriter709,Vivement le week-end!,2026-01-25 07:54:00,2,3.0,0.0,fr
2485,@silentthinker438,Dit nieuws is ongelooflijk.,2026-03-29 20:38:00,9,3.0,1.0,nl
1334,@techdev574,Traffic this morning was unreal.,2026-02-14 21:42:00,10,4.0,1.0,en
419,@techwanderer832,Why is nobody talking about this documentary?,2026-01-14 00:29:00,70,4.0,6.0,en
832,@realartist272,Can we talk about how good this weather is today?,2026-01-29 02:19:00,85,4.0,4.0,en
3356,@realgamer938,Feliz viernes a todos!,2026-05-01 09:08:00,45,6.0,4.0,es
3046,@quietrunner149,Conference talk today was so inspiring.,2026-04-19 15:25:00,1,2.0,2.0,en
5093,@dailythinker783,.,2026-02-11 22:19:00,1,1.0,0.0,en
4193,@drgamer893,Anyone else excited for the weekend?,2026-05-31 20:22:00,8,3.0,1.0,en
4374,@mrmind444,This is exactly why I love this community.,2026-06-06 16:53:00,46,8.0,2.0,en
1072,@happygamer649,Je viens de terminer mon projet.,2026-02-06 20:09:00,14,3.0,,fr
2389,@quietvibes333,Dit nieuws is ongelooflijk.,2026-03-27 06:22:00,151,22.0,2.0,nl
956,@mspanda158,Reading a great book on data science right now.,2026-02-02 08:25:00,310,,15.0,en
1396,@quietdev385,Can we talk about how good this weather is today?,2026-02-17 15:35:00,11,,0.0,en
678,@luckygamer372,This is exactly why I love this community.,2026-01-23 11:54:00,154,16.0,6.0,en
2925,@happypanda983,Why is nobody talking about this documentary?,2026-04-15 18:06:00,29,5.0,2.0,en
538,@digitalpanda228,,2026-01-17 18:20:00,5,1.0,1.0,en
4984,@techthinker22,Conference talk today was so inspiring.,2026-06-29 08:53:00,9,4.0,2.0,en
323,@coderdreamer231,Feliz viernes a todos!,2026-01-10 06:41:00,43,2.0,,es
2718,@techstudent104,"Working from the coffee shop again, love this place.",2026-04-08 07:29:00,15,2.0,,en
193,@drsoul916,Just adopted a puppy and I'm obsessed.,2026-01-06 13:58:00,131,3.0,12.0,en
3263,@urbandev22,Just tried the new update and it's amazing! #tech,2026-04-27 10:50:00,18,2.0,2.0,en
4572,@reallife832,Kan niet wachten op het weekend!,2026-06-14 16:09:00,52,7.0,4.0,nl
2342,@quietlife239,"New blog post is live, check it out!",2026-03-24 16:35:00,39,8.0,2.0,en
979,@justwriter143,"Feeling grateful today, small wins count.",2026-02-03 07:17:00,14,3.0,1.0,en
4480,@justexplorer571,Cooking experiment gone right for once!,2026-06-11 15:10:00,86,8.0,3.0,en
4216,@coderchef654,Just tried the new update and it's amazing! #tech,2026-06-01 10:36:00,146,13.0,3.0,en
46,@urbanpanda555,Feliz viernes a todos!,2026-01-02 06:10:00,44,4.0,1.0,es
1124,@silentvoice503,Finally finished my project after weeks of work.,2026-02-08 06:03:00,7,2.0,1.0,en
2074,@truerunner583,"Working from the coffee shop again, love this place.",2026-03-14 02:28:00,38,5.0,0.0,en
4931,@dailywanderer197,"Big news coming soon, stay tuned!",2026-06-27 01:39:00,26,5.0,2.0,en
1615,@msgamer420,"Working from the coffee shop again, love this place.",2026-02-25 09:01:00,10,3.0,0.0,en
1322,@silentvoice503,Cooking experiment gone right for once!,2026-02-14 08:01:00,3,3.0,0.0,en
3956,@thetraveler466,Traffic this morning was unreal.,2026-05-22 21:06:00,20,5.0,2.0,en
4088,@thechef938,This is exactly why I love this community.,2026-05-28 06:31:00,10,4.0,1.0,en
5024,@thedreamer792,??,2026-03-20 04:46:00,3,0.0,1.0,en
810,@mrdev46,Eindelijk mijn project afgerond.,2026-01-28 01:07:00,72,5.0,5.0,nl
1991,@quietvoice816,This is exactly why I love this community.,2026-03-11 13:32:00,13,5.0,,en
3933,@msdreamer316,Cooking experiment gone right for once!,2026-05-22 15:57:00,18,3.0,1.0,en
55,@digitalwriter441,Just tried the new update and it's amazing! #tech,2026-01-02 14:16:00,18,3.0,2.0,en
280,@dailytechupdate,Quelle belle journee aujourd'hui!,2026-01-09 19:15:00,944,22.0,,fr
500,@codersoul455,Cooking experiment gone right for once!,2026-01-16 20:38:00,12,5.0,1.0,en
2371,@msrunner198,Just tried the new update and it's amazing! #tech,2026-03-26 00:10:00,6,4.0,0.0,en
3550,@happyvibes37,No puedo creer las noticias de hoy.,2026-05-08 03:20:00,11,3.0,2.0,es
1279,@quietchef717,Just adopted a puppy and I'm obsessed.,2026-02-13 19:10:00,29,2.0,3.0,en
251,@cosmicpanda822,"Working from the coffee shop again, love this place.",2026-01-08 18:30:00,68,7.0,1.0,en
1368,@luckyvibes228,Anyone else excited for the weekend?,2026-02-16 11:29:00,23,3.0,2.0,en
4051,@dailysoul400,Traffic this morning was unreal.,2026-05-26 19:48:00,58,7.0,4.0,en
893,@dailywriter863,This is exactly why I love this community.,2026-01-30 21:21:00,28,2.0,1.0,en
364,@dailypanda23,Just adopted a puppy and I'm obsessed.,2026-01-11 16:59:00,43,5.0,3.0,en
2844,@silentvibes496,Just tried the new update and it's amazing! #tech,2026-04-12 08:09:00,63,,4.0,en
2646,@quietlife151,Just adopted a puppy and I'm obsessed.,2026-04-04 07:14:00,82,9.0,4.0,en
1248,@dailypanda227,"Feeling grateful today, small wins count.",2026-02-12 19:12:00,52,9.0,1.0,en
4277,@digitalvoice610,Conference talk today was so inspiring.,2026-06-04 11:21:00,57,3.0,,en
3553,@msdev488,,2026-05-08 07:32:00,26,6.0,3.0,en
3104,@trueexplorer291,Wat een mooie dag vandaag!,2026-04-22 07:00:00,57,2.0,3.0,nl
3446,@mrvoice745,Finally finished my project after weeks of work.,2026-05-04 02:29:00,20,5.0,,en
1501,@msgamer717,Reading a great book on data science right now.,2026-02-20 20:48:00,18,2.0,0.0,en
3764,@reallife812,Why is nobody talking about this documentary?,2026-05-15 20:27:00,9,4.0,,en
1605,@therunner406,This is exactly why I love this community.,2026-02-24 23:14:00,49,4.0,1.0,en
2288,@quietexplorer877,Just tried the new update and it's amazing! #tech,2026-03-22 04:26:00,33,8.0,2.0,en
2978,@nightgamer397,Wat een mooie dag vandaag!,2026-04-17 19:46:00,91,11.0,3.0,nl
4075,@sunnythinker776,"New blog post is live, check it out!",2026-05-27 18:09:00,90,4.0,8.0,en
4257,@drfox907,"Big news coming soon, stay tuned!",2026-06-03 21:37:00,32,3.0,2.0,en
3058,@luckychef807,"New blog post is live, check it out!",2026-04-19 23:34:00,137,4.0,12.0,en
5027,@sunnynews100,-,2026-04-30 07:14:00,1,1.0,1.0,en
1836,@nightstudent939,Traffic this morning was unreal.,2026-03-05 22:50:00,13,4.0,2.0,en
3110,@nightthinker801,"Working from the coffee shop again, love this place.",2026-04-22 14:19:00,19,5.0,1.0,en
3702,@digitalexplorer54,Can we talk about how good this weather is today?,2026-05-14 05:32:00,27,3.0,1.0,en
1178,@reallife812,Kan niet wachten op het weekend!,2026-02-10 05:52:00,52,5.0,3.0,nl
3348,@coderthinker615,Feliz viernes a todos!,2026-05-01 02:19:00,131,5.0,,es
2863,@urbanrunner384,Why is nobody talking about this documentary?,2026-04-13 03:59:00,11,,2.0,en
1804,@urbanartist763,Reading a great book on data science right now.,2026-03-04 17:53:00,97,11.0,3.0,en
3489,@justthinker414,Cooking experiment gone right for once!,2026-05-05 19:12:00,80,5.0,3.0,en
3008,@quietwanderer488,Anyone else excited for the weekend?,2026-04-17 22:21:00,90,6.0,3.0,en
2181,@mspanda158,Anyone else excited for the weekend?,2026-03-18 15:26:00,19,3.0,1.0,en
2996,@dailylife417,Why is nobody talking about this documentary?,2026-04-17 21:01:00,126,20.0,2.0,en
4048,@realsoul108,This is exactly why I love this community.,2026-05-26 15:48:00,23,4.0,2.0,en
5048,@trueartist216,!!,2026-06-28 09:39:00,3,0.0,0.0,en
2963,@digitalgamer420,This is exactly why I love this community.,2026-04-17 10:29:00,45,4.0,2.0,en
3791,@cosmicthinker904,Can we talk about how good this weather is today?,2026-05-16 12:42:00,57,6.0,3.0,en
2381,@wilddev280,Just adopted a puppy and I'm obsessed.,2026-03-26 15:40:00,34,3.0,1.0,en
1133,@drdev183,Anyone else excited for the weekend?,2026-02-08 14:50:00,24,1.0,1.0,en
3052,@thechef938,,2026-04-19 18:24:00,8,3.0,,en
2214,@sunnynews853,Je viens de terminer mon projet.,2026-03-20 01:29:00,76,8.0,8.0,fr
1627,@wildexplorer479,Traffic this morning was unreal.,2026-02-25 20:08:00,192,7.0,6.0,en
3561,@thewanderer677,Cette nouvelle est incroyable.,2026-05-08 17:46:00,17,,1.0,fr
2926,@dailypanda659,Cooking experiment gone right for once!,2026-04-15 19:17:00,29,4.0,1.0,en
2966,@silentvibes978,Anyone else excited for the weekend?,2026-04-17 13:23:00,40,2.0,2.0,en
2675,@wildexplorer479,Traffic this morning was unreal.,2026-04-06 02:08:00,119,9.0,3.0,en
3441,@truerunner489,Just adopted a puppy and I'm obsessed.,2026-05-03 21:04:00,58,10.0,4.0,en
4826,@thelife562,Quelle belle journee aujourd'hui!,2026-06-23 15:27:00,29,3.0,1.0,fr
1668,@cosmiclife650,"New blog post is live, check it out!",2026-02-27 08:08:00,116,19.0,4.0,en
958,@silentlife571,Was fur ein schoner Tag heute!,2026-02-02 10:40:00,114,10.0,3.0,de
2788,@techwanderer832,Vivement le week-end!,2026-04-10 19:42:00,15,2.0,2.0,fr
1020,@msfox886,Reading a great book on data science right now.,2026-02-05 05:02:00,121,8.0,5.0,en
890,@coderrunner754,Reading a great book on data science right now.,2026-01-30 21:10:00,41,,3.0,en
1600,@justexplorer571,Quelle belle journee aujourd'hui!,2026-02-24 15:21:00,36,3.0,2.0,fr
2183,@wildexplorer290,Traffic this morning was unreal.,2026-03-18 20:30:00,6,3.0,2.0,en
546,@silentvibes496,"Feeling grateful today, small wins count.",2026-01-18 02:07:00,96,4.0,5.0,en
1724,@drthinker366,Just tried the new update and it's amazing! #tech,2026-02-28 23:27:00,314,22.0,17.0,en
1882,@techstudent671,"Big news coming soon, stay tuned!",2026-03-06 21:58:00,28,2.0,2.0,en
1779,@sunnyvibes978,Cooking experiment gone right for once!,2026-03-03 12:01:00,61,11.0,3.0,en
1390,@truepanda203,Conference talk today was so inspiring.,2026-02-17 08:28:00,37,4.0,0.0,en
3848,@truerunner620,Conference talk today was so inspiring.,2026-05-19 04:52:00,94,4.0,7.0,en
2670,@codertraveler952,"New blog post is live, check it out!",2026-04-05 20:41:00,62,6.0,5.0,en
5038,@nightdreamer384,...,2026-03-29 17:06:00,1,1.0,0.0,en
2396,@techsoul614,Reading a great book on data science right now.,2026-03-27 12:13:00,23,,,en
1143,@drdev183,Anyone else excited for the weekend?,2026-02-09 00:22:00,71,,2.0,en
3639,@quietvoice816,Ich freue mich aufs Wochenende!,2026-05-11 04:21:00,22,2.0,0.0,de
1816,@quietvoice816,Endlich mein Projekt fertig.,2026-03-04 23:39:00,8,4.0,0.0,de
1511,@drpanda582,Reading a great book on data science right now.,2026-02-20 23:17:00,177,26.0,13.0,en
4833,@cosmiclife650,Conference talk today was so inspiring.,2026-06-23 20:56:00,48,5.0,2.0,en
3184,@techsoul957,Just adopted a puppy and I'm obsessed.,2026-04-24 20:49:00,22,5.0,2.0,en
61,@happyvoice838,"New blog post is live, check it out!",2026-01-02 17:42:00,8,4.0,1.0,en
1716,@nightnews757,Cooking experiment gone right for once!,2026-02-28 14:30:00,11,4.0,,en
82,@coderdev433,Wat een mooie dag vandaag!,2026-01-02 20:16:00,83,10.0,5.0,nl
3594,@silentchef208,Traffic this morning was unreal.,2026-05-09 02:35:00,75,9.0,7.0,en
4685,@urbanstudent314,"New blog post is live, check it out!",2026-06-18 18:13:00,102,7.0,7.0,en
2660,@mrchef836,Dit nieuws is ongelooflijk.,2026-04-05 07:06:00,135,6.0,8.0,nl
5113,@drchef131,.,2026-02-26 21:36:00,0,0.0,0.0,en
4687,@truepanda203,Traffic this morning was unreal.,2026-06-18 18:49:00,107,6.0,6.0,en
4332,@sunnynews435,"New blog post is live, check it out!",2026-06-05 20:49:00,17,4.0,1.0,en
647,@wildmind569,Just adopted a puppy and I'm obsessed.,2026-01-22 00:16:00,20,5.0,2.0,en
259,@techwriter588,Can we talk about how good this weather is today?,2026-01-09 04:23:00,23,,1.0,en
2240,@mssoul776,"Big news coming soon, stay tuned!",2026-03-20 19:48:00,105,10.0,8.0,en
4677,@quietvoice816,This is exactly why I love this community.,2026-06-18 13:11:00,49,5.0,3.0,en
2785,@mrlife845,Que buen dia para salir a caminar!,2026-04-10 19:35:00,93,2.0,3.0,es
650,@nightexplorer653,Ich freue mich aufs Wochenende!,2026-01-22 02:17:00,11,5.0,2.0,de
1765,@coderwanderer616,This is exactly why I love this community.,2026-03-02 23:19:00,50,7.0,3.0,en
3260,@trueexplorer781,Why is nobody talking about this documentary?,2026-04-27 04:41:00,9,1.0,0.0,en
1973,@dailychef65,Dit nieuws is ongelooflijk.,2026-03-10 22:28:00,144,24.0,6.0,nl
4460,@wildsoul854,Why is nobody talking about this documentary?,2026-06-10 18:50:00,12,3.0,2.0,en
2234,@silentmind598,Just adopted a puppy and I'm obsessed.,2026-03-20 18:32:00,55,3.0,0.0,en
2379,@happytraveler328,Vivement le week-end!,2026-03-26 13:20:00,16,4.0,1.0,fr
1545,@coderthinker615,Why is nobody talking about this documentary?,2026-02-22 12:25:00,57,8.0,4.0,en
2831,@sunnysoul514,Just tried the new update and it's amazing! #tech,2026-04-11 18:29:00,187,27.0,10.0,en
5036,@digitalwriter150,??,2026-06-26 23:30:00,1,1.0,1.0,en
1835,@justexplorer571,Que buen dia para salir a caminar!,2026-03-05 22:33:00,85,5.0,7.0,es
1397,@quietexplorer509,"New blog post is live, check it out!",2026-02-17 16:21:00,2,1.0,2.0,en
3734,@quietnews990,Wat een mooie dag vandaag!,2026-05-15 12:53:00,20,1.0,2.0,nl
4192,@happyvoice838,Reading a great book on data science right now.,2026-05-31 17:57:00,53,10.0,5.0,en
1381,@drsoul588,"Feeling grateful today, small wins count.",2026-02-17 02:07:00,17,4.0,1.0,en
4067,@dailyvibes92,Finally finished my project after weeks of work.,2026-05-27 07:28:00,61,2.0,1.0,en
1795,@trueexplorer296,Just tried the new update and it's amazing! #tech,2026-03-04 09:41:00,31,5.0,1.0,en
1331,@msthinker282,"Big news coming soon, stay tuned!",2026-02-14 19:46:00,52,7.0,4.0,en
4471,@thechef632,Just adopted a puppy and I'm obsessed.,2026-06-11 03:36:00,40,6.0,3.0,en
1126,@drsoul588,No puedo creer las noticias de hoy.,2026-02-08 06:22:00,104,9.0,9.0,es
1130,@dailyvibes974,Anyone else excited for the weekend?,2026-02-08 11:58:00,49,7.0,3.0,en
3016,@happytraveler328,Reading a great book on data science right now.,2026-04-18 04:27:00,150,18.0,3.0,en
2247,@drchef131,Endlich mein Projekt fertig.,2026-03-20 20:24:00,30,4.0,1.0,de
5099,@codervoice30,...,2026-01-28 02:51:00,2,0.0,0.0,en
342,@sunnymind75,Just adopted a puppy and I'm obsessed.,2026-01-10 21:19:00,18,2.0,2.0,en
3272,@therunner987,Je viens de terminer mon projet.,2026-04-27 14:06:00,3,4.0,,fr
4757,@sunnydreamer555,Cooking experiment gone right for once!,2026-06-20 23:03:00,10,0.0,1.0,en
4567,@silentstudent341,Que buen dia para salir a caminar!,2026-06-14 11:06:00,14,2.0,0.0,es
799,@techexplorer840,Terminando el proyecto por fin.,2026-01-27 14:34:00,12,4.0,1.0,es
1064,@realnews22,Terminando el proyecto por fin.,2026-02-06 19:31:00,88,8.0,6.0,es
1720,@quiettraveler68,Conference talk today was so inspiring.,2026-02-28 19:33:00,84,5.0,,en
375,@dailytechupdate,"Feeling grateful today, small wins count.",2026-01-11 21:43:00,968,77.0,33.0,en
3328,@quietnews847,Conference talk today was so inspiring.,2026-04-30 09:20:00,19,3.0,1.0,en
2722,@quietlife552,Diese Nachricht ist unglaublich.,2026-04-08 08:27:00,7,1.0,,de
4844,@therunner406,Quelle belle journee aujourd'hui!,2026-06-24 06:18:00,6,0.0,1.0,fr
563,@justnews408,Finally finished my project after weeks of work.,2026-01-18 18:49:00,21,,2.0,en
4439,@techstudent104,Traffic this morning was unreal.,2026-06-09 20:05:00,20,4.0,1.0,en
4511,@msvibes786,Just adopted a puppy and I'm obsessed.,2026-06-12 19:12:00,24,2.0,,en
3763,@coderfox204,Finally finished my project after weeks of work.,2026-05-15 20:26:00,13,1.0,2.0,en
3447,@silentfox174,Reading a great book on data science right now.,2026-05-04 03:23:00,160,26.0,9.0,en
937,@sunnywanderer454,Endlich mein Projekt fertig.,2026-02-01 19:33:00,10,1.0,1.0,de
2101,@wildsoul854,Que buen dia para salir a caminar!,2026-03-15 06:51:00,19,3.0,0.0,es
4858,@happysoul423,Why is nobody talking about this documentary?,2026-06-24 22:10:00,62,5.0,3.0,en
627,@wildpanda661,Cette nouvelle est incroyable.,2026-01-21 04:31:00,31,5.0,1.0,fr
2041,@quietrunner149,Can we talk about how good this weather is today?,2026-03-13 19:21:00,15,5.0,3.0,en
847,@silentmind741,Can we talk about how good this weather is today?,2026-01-29 14:42:00,24,4.0,2.0,en
3171,@luckyrunner26,Vivement le week-end!,2026-04-24 19:42:00,28,3.0,4.0,fr
89,@nightthinker765,This is exactly why I love this community.,2026-01-02 20:39:00,132,15.0,9.0,en
1591,@quietlife552,"Big news coming soon, stay tuned!",2026-02-24 08:33:00,9,3.0,1.0,en
2248,@drsoul916,Je viens de terminer mon projet.,2026-03-20 20:34:00,44,5.0,2.0,fr
2764,@realtraveler885,Anyone else excited for the weekend?,2026-04-09 19:56:00,8,1.0,,en
2554,@cosmicgamer860,Vivement le week-end!,2026-04-01 18:54:00,34,7.0,2.0,fr
578,@thelife347,"Working from the coffee shop again, love this place.",2026-01-19 06:51:00,17,0.0,1.0,en
2064,@mrartist788,Anyone else excited for the weekend?,2026-03-13 21:53:00,97,,5.0,en
3307,@cosmicgamer542,Anyone else excited for the weekend?,2026-04-29 00:37:00,8,4.0,2.0,en
231,@dailytechupdate,Why is nobody talking about this documentary?,2026-01-07 22:45:00,471,40.0,27.0,en
4495,@nightthinker724,Just adopted a puppy and I'm obsessed.,2026-06-12 05:41:00,7,3.0,1.0,en
1699,@silentdreamer438,"Big news coming soon, stay tuned!",2026-02-27 20:53:00,15,4.0,,en
2647,@sunnysoul449,Why is nobody talking about this documentary?,2026-04-04 11:48:00,29,5.0,0.0,en
2312,@quietmind15,Just tried the new update and it's amazing! #tech,2026-03-23 04:38:00,31,1.0,1.0,en
499,@techchef117,Can we talk about how good this weather is today?,2026-01-16 20:38:00,143,14.0,8.0,en
1299,@techstudent623,Just adopted a puppy and I'm obsessed.,2026-02-13 21:08:00,107,8.0,7.0,en
990,@mrartist788,,2026-02-04 00:42:00,26,4.0,0.0,en
4412,@wildpanda875,Cooking experiment gone right for once!,2026-06-08 08:10:00,94,11.0,6.0,en
3349,@techexplorer915,Dit nieuws is ongelooflijk.,2026-05-01 03:20:00,39,,2.0,nl
2775,@silentmind241,Just tried the new update and it's amazing! #tech,2026-04-10 06:25:00,30,3.0,3.0,en
239,@digitalvoice610,Conference talk today was so inspiring.,2026-01-08 05:36:00,20,3.0,2.0,en
2253,@realtraveler132,This is exactly why I love this community.,2026-03-20 21:09:00,23,4.0,2.0,en
863,@drdev183,Feliz viernes a todos!,2026-01-30 06:58:00,8,2.0,1.0,es
271,@quietdev850,"Feeling grateful today, small wins count.",2026-01-09 12:28:00,15,1.0,2.0,en
4811,@happysoul650,Cooking experiment gone right for once!,2026-06-23 03:34:00,67,6.0,3.0,en
2039,@happyartist969,Anyone else excited for the weekend?,2026-03-13 19:19:00,12,0.0,2.0,en
437,@urbanpanda555,Traffic this morning was unreal.,2026-01-14 16:50:00,97,7.0,6.0,en
2361,@realgamer938,Feliz viernes a todos!,2026-03-25 14:47:00,55,4.0,1.0,es
4165,@sunnyvoice684,Just adopted a puppy and I'm obsessed.,2026-05-30 19:09:00,7,2.0,0.0,en
1101,@happyvoice637,Vivement le week-end!,2026-02-07 08:48:00,61,,4.0,fr
1035,@wildtraveler685,Traffic this morning was unreal.,2026-02-05 23:26:00,14,3.0,0.0,en
593,@dailymind993,Was fur ein schoner Tag heute!,2026-01-19 20:05:00,11,2.0,,de
1909,@reallife812,Eindelijk mijn project afgerond.,2026-03-07 22:11:00,3,4.0,,nl
3175,@sunnypanda453,Quelle belle journee aujourd'hui!,2026-04-24 19:49:00,11,5.0,0.0,fr
2690,@therunner54,"New blog post is live, check it out!",2026-04-06 15:56:00,58,9.0,4.0,en
3679,@truepanda203,No puedo creer las noticias de hoy.,2026-05-13 08:23:00,14,4.0,0.0,es
506,@codervoice415,"Working from the coffee shop again, love this place.",2026-01-16 21:01:00,3,2.0,,en
871,@reallife812,Why is nobody talking about this documentary?,2026-01-30 16:23:00,179,9.0,9.0,en
1624,@luckystudent449,"Feeling grateful today, small wins count.",2026-02-25 18:40:00,7,0.0,1.0,en
2168,@thechef938,Terminando el proyecto por fin.,2026-03-17 21:49:00,105,15.0,3.0,es
1237,@dailypanda659,Eindelijk mijn project afgerond.,2026-02-12 10:06:00,52,5.0,1.0,nl
2601,@justthinker414,Cooking experiment gone right for once!,2026-04-03 16:19:00,286,44.0,18.0,en
4388,@quietexplorer346,Just tried the new update and it's amazing! #tech,2026-06-07 06:55:00,17,2.0,2.0,en
878,@codersoul455,Cooking experiment gone right for once!,2026-01-30 19:27:00,62,8.0,2.0,en
2905,@drchef131,Conference talk today was so inspiring.,2026-04-15 00:15:00,26,5.0,2.0,en
378,@wildwriter233,Just adopted a puppy and I'm obsessed.,2026-01-11 22:26:00,49,4.0,4.0,en
4713,@urbanrunner736,Conference talk today was so inspiring.,2026-06-19 19:44:00,50,6.0,4.0,en
620,@cosmicvibes266,"Feeling grateful today, small wins count.",2026-01-20 21:02:00,33,6.0,2.0,en
3210,@mslife244,Cette nouvelle est incroyable.,2026-04-25 13:24:00,56,8.0,5.0,fr
339,@luckyexplorer123,"Big news coming soon, stay tuned!",2026-01-10 18:31:00,82,15.0,1.0,en
2055,@techartist752,,2026-03-13 21:08:00,40,2.0,1.0,es
3468,@dailytechupdate,Diese Nachricht ist unglaublich.,2026-05-05 00:37:00,1065,48.0,64.0,de
3798,@thetraveler554,Can we talk about how good this weather is today?,2026-05-16 20:30:00,26,5.0,3.0,en
2437,@urbanartist874,Cooking experiment gone right for once!,2026-03-28 03:57:00,46,4.0,2.0,en
3706,@urbanexplorer713,"Big news coming soon, stay tuned!",2026-05-14 08:36:00,21,3.0,1.0,en
4751,@coderchef574,"Big news coming soon, stay tuned!",2026-06-20 18:40:00,56,10.0,,en
130,@happysoul650,Cooking experiment gone right for once!,2026-01-03 19:18:00,13,3.0,0.0,en
2008,@silentwanderer253,Finally finished my project after weeks of work.,2026-03-12 13:29:00,10,4.0,0.0,en
3994,@wilddreamer783,Just adopted a puppy and I'm obsessed.,2026-05-24 13:31:00,20,3.0,1.0,en
3938,@silentmind361,Vivement le week-end!,2026-05-22 19:03:00,23,2.0,1.0,fr
2275,@silentmind741,Feliz viernes a todos!,2026-03-21 08:41:00,62,10.0,4.0,es
2888,@dailyfox281,Reading a great book on data science right now.,2026-04-14 06:40:00,22,5.0,3.0,en
4561,@drgamer893,Dit nieuws is ongelooflijk.,2026-06-14 01:24:00,9,2.0,1.0,nl
3603,@dailyvibes92,No puedo creer las noticias de hoy.,2026-05-09 11:13:00,54,9.0,2.0,es
2053,@truechef930,Cooking experiment gone right for once!,2026-03-13 21:04:00,32,5.0,3.0,en
1561,@sunnyfox219,Kan niet wachten op het weekend!,2026-02-23 05:31:00,68,4.0,2.0,nl
4611,@thefox339,Dit nieuws is ongelooflijk.,2026-06-16 06:28:00,61,5.0,3.0,nl
490,@msdreamer316,Eindelijk mijn project afgerond.,2026-01-16 19:27:00,16,3.0,2.0,nl
4681,@thetraveler554,Que buen dia para salir a caminar!,2026-06-18 16:11:00,8,4.0,1.0,es
1829,@thefox52,Just tried the new update and it's amazing! #tech,2026-03-05 14:46:00,37,2.0,1.0,en
4623,@nightvibes838,"Feeling grateful today, small wins count.",2026-06-16 15:49:00,86,5.0,1.0,en
3714,@sunnymind75,"New blog post is live, check it out!",2026-05-14 15:48:00,104,16.0,8.0,en
2084,@wildwriter840,Wat een mooie dag vandaag!,2026-03-14 13:42:00,48,9.0,1.0,nl
4186,@quietthinker269,This is exactly why I love this community.,2026-05-31 12:46:00,15,4.0,0.0,en
278,@cosmicwanderer724,Terminando el proyecto por fin.,2026-01-09 18:54:00,28,3.0,3.0,es
3902,@quietdreamer85,Vivement le week-end!,2026-05-21 15:22:00,50,,2.0,fr
4300,@justwriter143,"Feeling grateful today, small wins count.",2026-06-05 07:22:00,16,5.0,0.0,en
1528,@sunnyexplorer926,Terminando el proyecto por fin.,2026-02-21 17:19:00,5,0.0,2.0,es
4788,@dailyvibes114,Finally finished my project after weeks of work.,2026-06-22 05:34:00,7,1.0,1.0,en
1917,@nightexplorer406,Feliz viernes a todos!,2026-03-08 03:39:00,9,3.0,,es
1999,@msdev427,Just tried the new update and it's amazing! #tech,2026-03-12 07:25:00,6,3.0,1.0,en
1963,@mrvibes839,"Big news coming soon, stay tuned!",2026-03-10 10:26:00,21,4.0,,en
376,@msrunner198,Diese Nachricht ist unglaublich.,2026-01-11 21:46:00,43,4.0,3.0,de
4064,@sunnystudent109,Anyone else excited for the weekend?,2026-05-27 03:34:00,12,2.0,0.0,en
122,@cosmictraveler626,Reading a great book on data science right now.,2026-01-03 11:18:00,102,11.0,,en
4534,@thefox909,Conference talk today was so inspiring.,2026-06-12 21:39:00,24,1.0,0.0,en
2578,@dailychef65,Why is nobody talking about this documentary?,2026-04-02 12:56:00,27,,2.0,en
5077,@quiettraveler68,👍👍,2026-01-29 18:08:00,1,0.0,1.0,en
314,@dailylife895,Que buen dia para salir a caminar!,2026-01-10 00:11:00,8,1.0,1.0,es
3145,@mrartist788,Anyone else excited for the weekend?,2026-04-24 02:11:00,19,6.0,2.0,en
800,@trueexplorer879,Anyone else excited for the weekend?,2026-01-27 15:19:00,19,2.0,0.0,en
4941,@msdev103,Cette nouvelle est incroyable.,2026-06-27 10:23:00,101,10.0,4.0,fr
685,@coderlife793,Reading a great book on data science right now.,2026-01-23 19:17:00,28,4.0,1.0,en
41,@truethinker286,Traffic this morning was unreal.,2026-01-02 03:30:00,4,0.0,1.0,en
36,@quietvibes333,"Big news coming soon, stay tuned!",2026-01-02 01:01:00,14,0.0,1.0,en
290,@codertraveler495,Dit nieuws is ongelooflijk.,2026-01-09 20:16:00,63,4.0,5.0,nl
4557,@nightvoice64,"New blog post is live, check it out!",2026-06-13 19:48:00,39,6.0,3.0,en
1163,@happywriter500,Was fur ein schoner Tag heute!,2026-02-09 16:49:00,40,6.0,2.0,de
4645,@dailywriter148,"Big news coming soon, stay tuned!",2026-06-17 07:55:00,104,14.0,2.0,en
4429,@digitalwriter882,"Working from the coffee shop again, love this place.",2026-06-09 08:29:00,6,4.0,1.0,en
3340,@nightvibes838,Que buen dia para salir a caminar!,2026-04-30 19:49:00,17,2.0,2.0,es
3784,@urbandev22,Was fur ein schoner Tag heute!,2026-05-16 07:21:00,22,2.0,0.0,de
1573,@msfox51,No puedo creer las noticias de hoy.,2026-02-23 13:21:00,76,6.0,2.0,es
671,@thelife562,Why is nobody talking about this documentary?,2026-01-22 23:05:00,30,4.0,1.0,en
1003,@quiettraveler468,"Working from the coffee shop again, love this place.",2026-02-04 13:47:00,75,4.0,3.0,en
4875,@truerunner583,Why is nobody talking about this documentary?,2026-06-25 14:10:00,29,4.0,0.0,en
1880,@trueartist840,"New blog post is live, check it out!",2026-03-06 21:49:00,14,1.0,0.0,en
662,@msrunner198,Just tried the new update and it's amazing! #tech,2026-01-22 15:21:00,10,0.0,2.0,en
1505,@nightvoice129,Reading a great book on data science right now.,2026-02-20 21:22:00,29,3.0,1.0,en
120,@sunnysoul514,Cette nouvelle est incroyable.,2026-01-03 09:38:00,110,13.0,2.0,fr
3126,@coderchef654,Endlich mein Projekt fertig.,2026-04-23 05:40:00,13,5.0,0.0,de
2809,@digitalartist662,Why is nobody talking about this documentary?,2026-04-10 21:52:00,8,4.0,0.0,en
596,@wildthinker933,Reading a great book on data science right now.,2026-01-19 23:45:00,143,7.0,,en
777,@realstudent654,"Big news coming soon, stay tuned!",2026-01-26 15:57:00,78,4.0,7.0,en
2383,@luckywanderer475,Why is nobody talking about this documentary?,2026-03-26 17:49:00,46,4.0,,en
4988,@dailyvibes599,Anyone else excited for the weekend?,2026-06-29 10:19:00,148,16.0,8.0,en
3538,@realmind514,Can we talk about how good this weather is today?,2026-05-07 17:14:00,99,14.0,8.0,en
1562,@msthinker197,"Working from the coffee shop again, love this place.",2026-02-23 06:10:00,58,7.0,5.0,en
2688,@wildpanda661,"Feeling grateful today, small wins count.",2026-04-06 11:05:00,17,6.0,1.0,en
386,@wildstudent902,"Big news coming soon, stay tuned!",2026-01-12 03:56:00,16,0.0,2.0,en
4452,@truefox665,"New blog post is live, check it out!",2026-06-10 13:25:00,39,6.0,4.0,en
1318,@wilddreamer458,"Big news coming soon, stay tuned!",2026-02-14 03:19:00,41,6.0,2.0,en
96,@luckyfox246,No puedo creer las noticias de hoy.,2026-01-02 20:58:00,40,4.0,2.0,es
1921,@digitalartist418,"New blog post is live, check it out!",2026-03-08 06:45:00,41,6.0,2.0,en
2331,@silentmind598,Cooking experiment gone right for once!,2026-03-24 06:19:00,68,11.0,5.0,en
751,@urbanwriter806,Just adopted a puppy and I'm obsessed.,2026-01-25 14:02:00,23,5.0,0.0,en
4507,@digitalwriter716,Anyone else excited for the weekend?,2026-06-12 14:46:00,15,0.0,0.0,en
2969,@therunner406,Je viens de terminer mon projet.,2026-04-17 15:57:00,7,0.0,,fr
119,@dailylife895,Finally finished my project after weeks of work.,2026-01-03 08:17:00,10,0.0,1.0,en
2285,@techfox917,No puedo creer las noticias de hoy.,2026-03-21 23:41:00,19,2.0,,es
31,@dailyfox281,Reading a great book on data science right now.,2026-01-01 23:35:00,17,0.0,2.0,en
4652,@truevibes165,"Big news coming soon, stay tuned!",2026-06-17 13:34:00,64,2.0,,en
664,@reallife371,Why is nobody talking about this documentary?,2026-01-22 18:20:00,60,3.0,2.0,en
4584,@therunner32,Kan niet wachten op het weekend!,2026-06-15 07:56:00,2,2.0,0.0,nl
3651,@coderchef184,Traffic this morning was unreal.,2026-05-11 20:17:00,7,2.0,0.0,en
3304,@thechef938,This is exactly why I love this community.,2026-04-28 23:57:00,18,1.0,3.0,en
4600,@mrfox152,Just tried the new update and it's amazing! #tech,2026-06-15 20:15:00,8,3.0,,en
3505,@nightthinker765,Traffic this morning was unreal.,2026-05-06 15:10:00,56,3.0,5.0,en
2221,@justnews161,Cette nouvelle est incroyable.,2026-03-20 08:59:00,89,12.0,2.0,fr
28,@quietvibes333,Wat een mooie dag vandaag!,2026-01-01 21:29:00,1,1.0,,nl
2418,@techexplorer915,Traffic this morning was unreal.,2026-03-27 20:02:00,13,0.0,2.0,en
1519,@dailytraveler231,"Feeling grateful today, small wins count.",2026-02-21 07:21:00,135,9.0,4.0,en
2080,@realtraveler132,This is exactly why I love this community.,2026-03-14 10:58:00,52,3.0,4.0,en
2311,@luckygamer372,Why is nobody talking about this documentary?,2026-03-23 03:44:00,162,22.0,7.0,en
5114,@sunnydev554,-,2026-01-24 05:07:00,1,0.0,1.0,en
3622,@coderthinker615,Why is nobody talking about this documentary?,2026-05-10 10:50:00,27,4.0,2.0,en
4643,@sunnysoul514,No puedo creer las noticias de hoy.,2026-06-17 05:57:00,3,3.0,1.0,es
3982,@digitalexplorer54,Eindelijk mijn project afgerond.,2026-05-23 23:34:00,7,2.0,0.0,nl
1479,@cosmicwanderer621,Endlich mein Projekt fertig.,2026-02-20 19:03:00,44,2.0,2.0,de
4402,@luckynews916,Terminando el proyecto por fin.,2026-06-07 23:39:00,34,8.0,,es
2468,@techmind844,Can we talk about how good this weather is today?,2026-03-29 06:59:00,22,1.0,0.0,en
1016,@thepanda660,Traffic this morning was unreal.,2026-02-05 00:20:00,5,2.0,2.0,en
2405,@urbandev22,"Feeling grateful today, small wins count.",2026-03-27 19:04:00,388,27.0,12.0,en
4054,@mrgamer661,Je viens de terminer mon projet.,2026-05-26 22:22:00,5,0.0,0.0,fr
605,@dailyfox84,Conference talk today was so inspiring.,2026-01-20 06:38:00,28,,2.0,en
483,@truethinker286,"Feeling grateful today, small wins count.",2026-01-16 13:22:00,9,4.0,,en
3450,@wildsoul663,This is exactly why I love this community.,2026-05-04 04:31:00,3,1.0,2.0,en
4011,@cosmicsoul411,Que buen dia para salir a caminar!,2026-05-25 05:50:00,12,2.0,2.0,es
588,@sunnyfox373,Was fur ein schoner Tag heute!,2026-01-19 17:34:00,55,7.0,4.0,de
3952,@techdreamer926,"Working from the coffee shop again, love this place.",2026-05-22 20:36:00,19,4.0,1.0,en
4483,@silentmind741,Conference talk today was so inspiring.,2026-06-11 16:26:00,14,1.0,2.0,en
5108,@silentlife571,-,2026-06-06 05:04:00,3,0.0,0.0,en
3637,@dailytraveler153,Traffic this morning was unreal.,2026-05-11 00:57:00,143,17.0,9.0,en
1005,@thechef632,Just tried the new update and it's amazing! #tech,2026-02-04 14:31:00,145,17.0,6.0,en
4981,@luckywanderer748,This is exactly why I love this community.,2026-06-29 06:30:00,20,1.0,1.0,en
2514,@dailytechupdate,Why is nobody talking about this documentary?,2026-03-31 01:07:00,329,22.0,16.0,en
4752,@thesoul854,Dit nieuws is ongelooflijk.,2026-06-20 18:48:00,30,6.0,1.0,nl
835,@happyvibes211,Why is nobody talking about this documentary?,2026-01-29 05:21:00,23,1.0,1.0,en
381,@drchef61,This is exactly why I love this community.,2026-01-11 22:50:00,218,20.0,7.0,en
2447,@thelife347,Just tried the new update and it's amazing! #tech,2026-03-28 13:38:00,33,3.0,2.0,en
3797,@msgamer577,Conference talk today was so inspiring.,2026-05-16 19:59:00,46,5.0,2.0,en
1472,@techstudent504,Feliz viernes a todos!,2026-02-20 09:50:00,28,2.0,3.0,es
5107,@realvoice524,??,2026-01-22 05:36:00,0,0.0,0.0,en
4867,@reallife812,Why is nobody talking about this documentary?,2026-06-25 09:15:00,37,6.0,1.0,en
4033,@codervibes571,This is exactly why I love this community.,2026-05-26 04:38:00,347,45.0,28.0,en
2719,@silentchef208,Traffic this morning was unreal.,2026-04-08 07:38:00,99,5.0,4.0,en
4816,@mschef852,Cooking experiment gone right for once!,2026-06-23 09:39:00,4,2.0,0.0,en
1901,@urbanpanda555,Traffic this morning was unreal.,2026-03-07 10:59:00,9,0.0,0.0,en
2694,@codertraveler952,Just adopted a puppy and I'm obsessed.,2026-04-06 18:43:00,76,3.0,7.0,en
2012,@luckysoul961,Terminando el proyecto por fin.,2026-03-12 18:46:00,14,2.0,2.0,es
2752,@justvoice443,Finally finished my project after weeks of work.,2026-04-09 04:36:00,6,3.0,1.0,en
4703,@mrexplorer753,Wat een mooie dag vandaag!,2026-06-19 08:40:00,25,4.0,2.0,nl
4343,@dailytraveler231,Vivement le week-end!,2026-06-05 21:50:00,11,4.0,1.0,fr
3436,@happytraveler328,Can we talk about how good this weather is today?,2026-05-03 16:00:00,19,2.0,,en
684,@techwanderer832,Que buen dia para salir a caminar!,2026-01-23 19:09:00,48,6.0,5.0,es
281,@techstudent623,Just adopted a puppy and I'm obsessed.,2026-01-09 19:18:00,37,2.0,0.0,en
4591,@wildtraveler520,Je viens de terminer mon projet.,2026-06-15 14:49:00,22,0.0,1.0,fr
199,@theartist682,Wat een mooie dag vandaag!,2026-01-06 18:35:00,23,0.0,0.0,nl
2781,@sunnylife494,Je viens de terminer mon projet.,2026-04-10 16:12:00,191,24.0,11.0,fr
4760,@techsoul957,Terminando el proyecto por fin.,2026-06-21 01:39:00,25,2.0,0.0,es
4196,@happyvibes211,Why is nobody talking about this documentary?,2026-05-31 21:43:00,23,3.0,2.0,en
2070,@luckysoul961,Why is nobody talking about this documentary?,2026-03-13 22:26:00,19,1.0,1.0,en
4357,@justthinker414,Kan niet wachten op het weekend!,2026-06-06 04:44:00,46,5.0,2.0,nl
398,@sunnylife280,Traffic this morning was unreal.,2026-01-13 03:37:00,34,2.0,3.0,en
2037,@justnews408,This is exactly why I love this community.,2026-03-13 19:01:00,36,5.0,0.0,en
2359,@sunnydev298,"New blog post is live, check it out!",2026-03-25 13:28:00,45,7.0,4.0,en
4588,@urbandev22,"Feeling grateful today, small wins count.",2026-06-15 14:02:00,30,4.0,0.0,en
3560,@mrlife845,Why is nobody talking about this documentary?,2026-05-08 17:06:00,18,5.0,2.0,en
812,@techdreamer926,"Working from the coffee shop again, love this place.",2026-01-28 02:52:00,12,2.0,2.0,en
2124,@silentlife571,Traffic this morning was unreal.,2026-03-16 03:33:00,38,3.0,2.0,en
3699,@cosmicwanderer288,"Working from the coffee shop again, love this place.",2026-05-13 23:13:00,38,4.0,3.0,en
1934,@happyvibes37,Just adopted a puppy and I'm obsessed.,2026-03-08 21:51:00,17,2.0,1.0,en
4360,@quietmind15,Cooking experiment gone right for once!,2026-06-06 06:07:00,52,9.0,3.0,en
19,@dailyvoice565,Reading a great book on data science right now.,2026-01-01 13:46:00,10,4.0,,en
2120,@sunnydev298,Reading a great book on data science right now.,2026-03-15 20:15:00,178,11.0,5.0,en
2551,@nightlife455,Just tried the new update and it's amazing! #tech,2026-04-01 16:49:00,54,10.0,3.0,en
1136,@urbanwriter806,Conference talk today was so inspiring.,2026-02-08 17:37:00,27,3.0,2.0,en
4278,@quietnews990,Just adopted a puppy and I'm obsessed.,2026-06-04 13:12:00,10,4.0,0.0,en
623,@sunnyfox219,Wat een mooie dag vandaag!,2026-01-21 00:49:00,12,1.0,1.0,nl
4973,@codervoice415,"Working from the coffee shop again, love this place.",2026-06-29 00:36:00,9,5.0,0.0,en
750,@urbanlife82,Finally finished my project after weeks of work.,2026-01-25 12:14:00,13,5.0,0.0,en
3043,@dailygamer259,Conference talk today was so inspiring.,2026-04-19 12:30:00,9,0.0,1.0,en
2392,@techrunner92,Cooking experiment gone right for once!,2026-03-27 10:35:00,3,2.0,0.0,en
1471,@drchef61,This is exactly why I love this community.,2026-02-20 09:36:00,20,3.0,2.0,en
186,@msdreamer316,Cooking experiment gone right for once!,2026-01-06 03:31:00,154,23.0,10.0,en
187,@silentstudent762,"Feeling grateful today, small wins count.",2026-01-06 05:23:00,16,1.0,2.0,en
883,@wilddev280,Just adopted a puppy and I'm obsessed.,2026-01-30 20:40:00,22,4.0,3.0,en
1808,@nightdev719,"Feeling grateful today, small wins count.",2026-03-04 19:16:00,26,4.0,0.0,en
3202,@msthinker282,"Big news coming soon, stay tuned!",2026-04-25 06:37:00,73,5.0,,en
2822,@wildthinker128,Wat een mooie dag vandaag!,2026-04-11 09:34:00,19,1.0,,nl
4354,@quietdev850,Que buen dia para salir a caminar!,2026-06-06 02:57:00,16,1.0,,es
3494,@dailyvibes974,Anyone else excited for the weekend?,2026-05-06 02:29:00,93,10.0,7.0,en
2195,@msdreamer242,Wat een mooie dag vandaag!,2026-03-19 08:29:00,10,2.0,0.0,nl
4004,@realgamer418,Just tried the new update and it's amazing! #tech,2026-05-25 00:18:00,84,3.0,2.0,en
724,@realmind514,Can we talk about how good this weather is today?,2026-01-24 07:21:00,33,6.0,,en
2329,@thedev705,No puedo creer las noticias de hoy.,2026-03-24 06:14:00,27,3.0,,es
69,@techvibes115,Ich freue mich aufs Wochenende!,2026-01-02 19:28:00,29,7.0,2.0,de
1194,@msfox106,Cooking experiment gone right for once!,2026-02-10 16:49:00,26,1.0,2.0,en
5090,@luckyrunner462,??,2026-01-04 18:07:00,3,0.0,1.0,en
4841,@reallife371,Why is nobody talking about this documentary?,2026-06-24 04:08:00,50,1.0,2.0,en
3640,@realtraveler885,"New blog post is live, check it out!",2026-05-11 05:36:00,6,3.0,2.0,en
2121,@mrmind444,This is exactly why I love this community.,2026-03-15 20:27:00,152,10.0,5.0,en
3680,@msgamer577,Je viens de terminer mon projet.,2026-05-13 08:42:00,52,3.0,2.0,fr
2935,@sunnystudent544,Conference talk today was so inspiring.,2026-04-16 02:40:00,25,2.0,1.0,en
2047,@coderchef654,Just adopted a puppy and I'm obsessed.,2026-03-13 20:02:00,8,0.0,1.0,en
4317,@coderdreamer231,Why is nobody talking about this documentary?,2026-06-05 19:31:00,7,0.0,2.0,en
295,@urbantraveler960,Terminando el proyecto por fin.,2026-01-09 20:47:00,100,15.0,5.0,es
3636,@happylife828,"Working from the coffee shop again, love this place.",2026-05-11 00:01:00,33,1.0,1.0,en
1023,@cosmicsoul411,Just tried the new update and it's amazing! #tech,2026-02-05 08:13:00,34,7.0,2.0,en
3570,@thenews721,Kan niet wachten op het weekend!,2026-05-08 20:05:00,31,7.0,4.0,nl
1862,@urbanstudent314,Kan niet wachten op het weekend!,2026-03-06 20:06:00,11,0.0,2.0,nl
3627,@drlife685,Anyone else excited for the weekend?,2026-05-10 15:17:00,26,4.0,,en
3572,@sunnysoul726,Finally finished my project after weeks of work.,2026-05-08 20:24:00,21,5.0,1.0,en
2698,@coderthinker615,Traffic this morning was unreal.,2026-04-06 23:07:00,19,2.0,1.0,en
4725,@thechef632,"Feeling grateful today, small wins count.",2026-06-19 21:06:00,25,6.0,3.0,en
698,@therunner406,This is exactly why I love this community.,2026-01-23 20:10:00,61,7.0,4.0,en
185,@justthinker414,Eindelijk mijn project afgerond.,2026-01-06 02:08:00,25,5.0,,nl
749,@wildtraveler520,Quelle belle journee aujourd'hui!,2026-01-25 11:08:00,77,10.0,4.0,fr
3254,@dailytechupdate,This is exactly why I love this community.,2026-04-27 00:34:00,619,52.0,19.0,en
1526,@sunnyexplorer926,Just adopted a puppy and I'm obsessed.,2026-02-21 14:54:00,34,1.0,4.0,en
4739,@urbanmind722,Quelle belle journee aujourd'hui!,2026-06-20 03:14:00,62,7.0,4.0,fr
3683,@digitalwriter441,Kan niet wachten op het weekend!,2026-05-13 09:21:00,14,,1.0,nl
2200,@dailytechupdate,Just adopted a puppy and I'm obsessed.,2026-03-19 13:13:00,815,51.0,13.0,en
4462,@cosmicwanderer621,"Big news coming soon, stay tuned!",2026-06-10 19:34:00,25,4.0,2.0,en
318,@justwanderer572,This is exactly why I love this community.,2026-01-10 03:10:00,10,3.0,0.0,en
320,@drthinker366,No puedo creer las noticias de hoy.,2026-01-10 05:37:00,70,11.0,6.0,es
2731,@justwriter143,Just tried the new update and it's amazing! #tech,2026-04-08 13:40:00,10,3.0,2.0,en
4449,@coderchef184,Traffic this morning was unreal.,2026-06-10 10:07:00,42,3.0,3.0,en
2909,@dailyvibes974,,2026-04-15 03:57:00,11,1.0,0.0,en
3004,@techvibes895,Dit nieuws is ongelooflijk.,2026-04-17 21:42:00,14,5.0,0.0,nl
1366,@nightgamer397,Terminando el proyecto por fin.,2026-02-16 09:44:00,78,7.0,1.0,es
882,@drvoice288,Why is nobody talking about this documentary?,2026-01-30 20:38:00,48,,,en
550,@drvoice288,"Big news coming soon, stay tuned!",2026-01-18 05:20:00,21,5.0,1.0,en
2073,@quietvoice816,"New blog post is live, check it out!",2026-03-14 02:27:00,149,17.0,11.0,en
1895,@nightfox415,Traffic this morning was unreal.,2026-03-07 06:49:00,39,2.0,,en
1351,@quietstudent773,Eindelijk mijn project afgerond.,2026-02-15 16:46:00,24,0.0,1.0,nl
3805,@truewriter874,Conference talk today was so inspiring.,2026-05-17 04:49:00,18,2.0,2.0,en
3322,@wildexplorer270,Que buen dia para salir a caminar!,2026-04-30 03:05:00,10,1.0,,es
4365,@quietartist595,Kan niet wachten op het weekend!,2026-06-06 10:01:00,53,10.0,1.0,nl
5051,@urbannews229,-,2026-04-17 00:43:00,1,1.0,1.0,en
947,@drpanda582,Can we talk about how good this weather is today?,2026-02-02 03:13:00,21,3.0,3.0,en
131,@justnews237,Wat een mooie dag vandaag!,2026-01-03 20:18:00,59,7.0,5.0,nl
1264,@cosmicwanderer850,Que buen dia para salir a caminar!,2026-02-13 06:43:00,3,1.0,,es
2482,@dailythinker783,Cooking experiment gone right for once!,2026-03-29 17:35:00,11,3.0,0.0,en
3467,@silentpanda419,"Big news coming soon, stay tuned!",2026-05-05 00:14:00,41,9.0,2.0,en
3692,@justmind541,"Working from the coffee shop again, love this place.",2026-05-13 19:13:00,264,40.0,14.0,en
4958,@drrunner405,Anyone else excited for the weekend?,2026-06-28 05:48:00,34,4.0,1.0,en
3950,@msvibes786,Just adopted a puppy and I'm obsessed.,2026-05-22 20:15:00,22,6.0,2.0,en
3279,@realartist455,Just adopted a puppy and I'm obsessed.,2026-04-28 01:09:00,33,1.0,1.0,en
3440,@msfox106,Terminando el proyecto por fin.,2026-05-03 20:37:00,17,2.0,2.0,es
867,@thetraveler239,This is exactly why I love this community.,2026-01-30 12:10:00,16,2.0,0.0,en
1681,@nightgamer97,No puedo creer las noticias de hoy.,2026-02-27 19:24:00,40,7.0,2.0,es
2842,@mrfox923,Que buen dia para salir a caminar!,2026-04-12 04:51:00,15,1.0,3.0,es
3529,@justthinker414,Cooking experiment gone right for once!,2026-05-07 08:36:00,29,4.0,2.0,en
1848,@happyvoice838,Terminando el proyecto por fin.,2026-03-06 10:57:00,16,4.0,2.0,es
3541,@nightvoice129,Reading a great book on data science right now.,2026-05-07 18:00:00,249,25.0,7.0,en
3437,@luckylife2,"New blog post is live, check it out!",2026-05-03 17:00:00,38,6.0,,en
4151,@mrgamer661,Traffic this morning was unreal.,2026-05-30 01:23:00,109,10.0,3.0,en
4890,@nighttraveler146,Eindelijk mijn project afgerond.,2026-06-26 04:52:00,70,7.0,6.0,nl
2002,@reallife2,This is exactly why I love this community.,2026-03-12 09:34:00,19,5.0,0.0,en
559,@wildexplorer290,Can we talk about how good this weather is today?,2026-01-18 16:28:00,21,3.0,1.0,en
1641,@silentmind598,"New blog post is live, check it out!",2026-02-26 13:17:00,82,13.0,2.0,en
281,@techstudent623,Just adopted a puppy and I'm obsessed.,2026-01-09 19:18:00,37,2.0,0.0,en
465,@trueexplorer879,Quelle belle journee aujourd'hui!,2026-01-15 21:13:00,42,8.0,,fr
2131,@truedreamer447,Finally finished my project after weeks of work.,2026-03-16 08:43:00,73,12.0,3.0,en
92,@cosmicwriter242,Cette nouvelle est incroyable.,2026-01-02 20:49:00,811,38.0,20.0,fr
3181,@drsoul588,"Feeling grateful today, small wins count.",2026-04-24 20:26:00,18,,2.0,en
2533,@dailylife417,Kan niet wachten op het weekend!,2026-03-31 20:50:00,39,5.0,0.0,nl
2141,@sunnydev298,"New blog post is live, check it out!",2026-03-17 00:23:00,11,2.0,2.0,en
2262,@dailytechupdate,Why is nobody talking about this documentary?,2026-03-21 00:35:00,580,17.0,24.0,en
336,@silentmind598,Just adopted a puppy and I'm obsessed.,2026-01-10 17:38:00,18,2.0,2.0,en
1093,@msgamer981,Quelle belle journee aujourd'hui!,2026-02-06 23:08:00,9,4.0,,fr
3975,@wildstudent902,Terminando el proyecto por fin.,2026-05-23 16:09:00,5,1.0,,es
501,@coderchef184,Traffic this morning was unreal.,2026-01-16 20:44:00,37,6.0,1.0,en
3817,@wildsoul854,Why is nobody talking about this documentary?,2026-05-17 22:38:00,17,2.0,1.0,en
3613,@urbanpanda555,Ich freue mich aufs Wochenende!,2026-05-10 03:16:00,25,,3.0,de
4065,@drchef131,Conference talk today was so inspiring.,2026-05-27 04:29:00,12,,1.0,en
3382,@therunner987,Was fur ein schoner Tag heute!,2026-05-01 20:41:00,8,2.0,1.0,de
1818,@nightgamer397,Just tried the new update and it's amazing! #tech,2026-03-05 03:10:00,6,1.0,2.0,en
2451,@dailyartist662,"Big news coming soon, stay tuned!",2026-03-28 16:02:00,14,,3.0,en
2058,@realgamer551,Vivement le week-end!,2026-03-13 21:35:00,33,5.0,1.0,fr
547,@sunnylife494,Can we talk about how good this weather is today?,2026-01-18 03:00:00,17,6.0,1.0,en
4213,@urbandev22,Terminando el proyecto por fin.,2026-06-01 07:37:00,17,2.0,2.0,es
2072,@happygamer649,Can we talk about how good this weather is today?,2026-03-14 02:10:00,67,5.0,2.0,en
682,@nightmind504,Just adopted a puppy and I'm obsessed.,2026-01-23 17:45:00,205,13.0,11.0,en
4657,@drrunner405,Cette nouvelle est incroyable.,2026-06-17 22:04:00,59,7.0,3.0,fr
1065,@drsoul265,Finally finished my project after weeks of work.,2026-02-06 19:31:00,18,,0.0,en
4134,@silentlife571,Just adopted a puppy and I'm obsessed.,2026-05-29 20:28:00,32,2.0,0.0,en
659,@silentnews94,This is exactly why I love this community.,2026-01-22 10:13:00,98,5.0,7.0,en
4028,@digitaltraveler160,Terminando el proyecto por fin.,2026-05-25 23:24:00,19,4.0,1.0,es
1323,@realsoul108,Why is nobody talking about this documentary?,2026-02-14 08:44:00,7,3.0,0.0,en
2408,@dailywriter863,Diese Nachricht ist unglaublich.,2026-03-27 19:30:00,61,7.0,1.0,de
2107,@sunnywriter182,Traffic this morning was unreal.,2026-03-15 10:57:00,21,2.0,3.0,en
16,@dailytechupdate,Why is nobody talking about this documentary?,2026-01-01 12:04:00,917,95.0,64.0,en
4964,@happyvoice223,Just adopted a puppy and I'm obsessed.,2026-06-28 13:21:00,22,0.0,1.0,en
2335,@dailydev686,Vivement le week-end!,2026-03-24 10:48:00,51,,3.0,fr
4998,@wilddev280,Just adopted a puppy and I'm obsessed.,2026-06-29 21:57:00,126,11.0,3.0,en
4804,@thenews924,No puedo creer las noticias de hoy.,2026-06-22 19:22:00,82,10.0,1.0,es
4514,@drsoul265,Finally finished my project after weeks of work.,2026-06-12 19:33:00,36,6.0,4.0,en
583,@techstudent104,"Working from the coffee shop again, love this place.",2026-01-19 11:09:00,66,3.0,2.0,en
3006,@theartist682,Just tried the new update and it's amazing! #tech,2026-04-17 21:48:00,6,2.0,1.0,en
80,@realgamer418,Traffic this morning was unreal.,2026-01-02 20:13:00,25,2.0,1.0,en
3326,@quietexplorer877,Just tried the new update and it's amazing! #tech,2026-04-30 06:47:00,4,1.0,0.0,en
3580,@silentdev455,Traffic this morning was unreal.,2026-05-08 21:12:00,122,17.0,8.0,en
564,@silentchef208,Anyone else excited for the weekend?,2026-01-18 19:59:00,64,8.0,3.0,en
2910,@dailylife711,Can we talk about how good this weather is today?,2026-04-15 05:32:00,7,1.0,0.0,en
4206,@trueexplorer291,This is exactly why I love this community.,2026-06-01 04:35:00,15,,1.0,en
1380,@thelife285,Feliz viernes a todos!,2026-02-17 00:42:00,23,,0.0,es
3168,@silentwanderer253,"Big news coming soon, stay tuned!",2026-04-24 19:39:00,271,29.0,19.0,en
4822,@mrvoice745,Wat een mooie dag vandaag!,2026-06-23 12:11:00,119,9.0,,nl
1140,@msthinker197,"Working from the coffee shop again, love this place.",2026-02-08 21:49:00,27,2.0,1.0,en
1598,@mssoul242,Traffic this morning was unreal.,2026-02-24 14:40:00,189,26.0,16.0,en
3383,@sunnygamer479,Was fur ein schoner Tag heute!,2026-05-01 20:45:00,65,10.0,4.0,de
4015,@technews244,Why is nobody talking about this documentary?,2026-05-25 10:54:00,1,1.0,1.0,en
2983,@sunnylife494,Can we talk about how good this weather is today?,2026-04-17 20:13:00,6,4.0,,en
2433,@justnews408,This is exactly why I love this community.,2026-03-27 21:51:00,52,7.0,3.0,en
939,@luckyfox283,Traffic this morning was unreal.,2026-02-01 22:53:00,34,4.0,3.0,en
922,@drnews6,Conference talk today was so inspiring.,2026-01-31 23:18:00,147,6.0,3.0,en
5014,@happyvoice223,🙂,2026-06-05 15:41:00,0,1.0,1.0,en
4727,@wildpanda661,"Feeling grateful today, small wins count.",2026-06-19 21:37:00,71,11.0,7.0,en
1365,@msdev598,"Big news coming soon, stay tuned!",2026-02-16 09:19:00,32,4.0,4.0,en
279,@digitaltraveler160,Terminando el proyecto por fin.,2026-01-09 19:12:00,32,6.0,2.0,es
496,@cosmicmind408,"New blog post is live, check it out!",2026-01-16 19:55:00,163,8.0,8.0,en
1610,@techthinker275,Cooking experiment gone right for once!,2026-02-25 02:24:00,8,4.0,0.0,en
3266,@dailyvibes974,Endlich mein Projekt fertig.,2026-04-27 11:07:00,73,11.0,6.0,de
2545,@techstudent623,Just adopted a puppy and I'm obsessed.,2026-04-01 12:15:00,43,4.0,5.0,en
2917,@techsoul957,Just adopted a puppy and I'm obsessed.,2026-04-15 09:53:00,38,3.0,4.0,en
3814,@techstudent671,"Big news coming soon, stay tuned!",2026-05-17 21:00:00,77,13.0,5.0,en
1560,@urbanmind722,Can we talk about how good this weather is today?,2026-02-23 04:49:00,61,3.0,3.0,en
1957,@wildpanda661,Je viens de terminer mon projet.,2026-03-10 05:42:00,37,7.0,0.0,fr
1807,@luckytraveler235,"New blog post is live, check it out!",2026-03-04 19:02:00,85,11.0,8.0,en
2496,@truelife595,Why is nobody talking about this documentary?,2026-03-30 08:36:00,118,14.0,7.0,en
2790,@dailytechupdate,Why is nobody talking about this documentary?,2026-04-10 19:45:00,368,41.0,15.0,en
2629,@luckystudent449,"Feeling grateful today, small wins count.",2026-04-03 21:03:00,14,1.0,2.0,en
794,@luckychef807,Finally finished my project after weeks of work.,2026-01-27 06:00:00,162,7.0,13.0,en
4529,@happylife828,Vivement le week-end!,2026-06-12 21:13:00,66,2.0,5.0,fr
4431,@thefox909,Wat een mooie dag vandaag!,2026-06-09 11:53:00,56,4.0,,nl
2549,@cosmicsoul411,Just tried the new update and it's amazing! #tech,2026-04-01 14:42:00,115,,4.0,en
1577,@realtraveler885,"Feeling grateful today, small wins count.",2026-02-23 21:39:00,36,,0.0,en
498,@dailywriter863,"Big news coming soon, stay tuned!",2026-01-16 19:59:00,30,3.0,1.0,en
1971,@msdev427,Just tried the new update and it's amazing! #tech,2026-03-10 18:51:00,153,14.0,9.0,en
2489,@urbanartist874,Cooking experiment gone right for once!,2026-03-30 01:04:00,26,4.0,2.0,en
3770,@nighttraveler146,Reading a great book on data science right now.,2026-05-15 20:40:00,42,8.0,2.0,en
1576,@dailyvoice75,Can we talk about how good this weather is today?,2026-02-23 17:15:00,28,6.0,1.0,en
1958,@coderartist746,Dit nieuws is ongelooflijk.,2026-03-10 06:15:00,66,9.0,3.0,nl
2024,@realartist719,"Working from the coffee shop again, love this place.",2026-03-13 06:53:00,68,9.0,,en
1695,@coderwanderer447,Reading a great book on data science right now.,2026-02-27 20:34:00,90,11.0,4.0,en
3876,@drsoul265,Finally finished my project after weeks of work.,2026-05-20 17:17:00,24,6.0,0.0,en
1295,@mrsoul458,"Feeling grateful today, small wins count.",2026-02-13 20:39:00,15,2.0,1.0,en
4629,@silentfox174,Reading a great book on data science right now.,2026-06-16 18:41:00,11,0.0,2.0,en
2616,@theartist682,Wat een mooie dag vandaag!,2026-04-03 19:45:00,24,2.0,,nl
4830,@digitalexplorer54,Why is nobody talking about this documentary?,2026-06-23 20:07:00,75,3.0,5.0,en
1622,@drvoice288,Quelle belle journee aujourd'hui!,2026-02-25 16:36:00,31,7.0,2.0,fr
961,@mrvoice745,Finally finished my project after weeks of work.,2026-02-02 16:36:00,24,2.0,2.0,en
3910,@cosmiclife650,Dit nieuws is ongelooflijk.,2026-05-21 20:26:00,69,6.0,,nl
4892,@urbanrunner384,Just tried the new update and it's amazing! #tech,2026-06-26 07:46:00,31,,2.0,en
3875,@thechef632,Je viens de terminer mon projet.,2026-05-20 16:16:00,56,3.0,2.0,fr
4852,@thetraveler554,,2026-06-24 17:47:00,16,3.0,1.0,en
2843,@wildgamer534,Cooking experiment gone right for once!,2026-04-12 07:43:00,79,12.0,3.0,en
3821,@drchef61,Traffic this morning was unreal.,2026-05-18 04:45:00,15,3.0,0.0,en
587,@quietlife239,Kan niet wachten op het weekend!,2026-01-19 17:23:00,23,4.0,0.0,nl
4506,@techsoul957,Terminando el proyecto por fin.,2026-06-12 13:50:00,104,5.0,3.0,es
3951,@truerunner489,Can we talk about how good this weather is today?,2026-05-22 20:22:00,9,3.0,2.0,en
4444,@luckydev518,"Big news coming soon, stay tuned!",2026-06-10 00:42:00,14,3.0,1.0,en
2810,@cosmictraveler626,Just adopted a puppy and I'm obsessed.,2026-04-10 21:54:00,27,7.0,3.0,en
260,@wildtraveler520,Just tried the new update and it's amazing! #tech,2026-01-09 04:49:00,21,4.0,0.0,en
4617,@dailytechupdate,Anyone else excited for the weekend?,2026-06-16 13:27:00,657,30.0,26.0,en
525,@quietwanderer195,"Big news coming soon, stay tuned!",2026-01-17 03:23:00,18,2.0,2.0,en
3428,@thenews924,Eindelijk mijn project afgerond.,2026-05-03 04:01:00,81,7.0,,nl
1735,@msfox886,"Big news coming soon, stay tuned!",2026-03-01 08:30:00,90,9.0,6.0,en
3346,@cosmicmind867,This is exactly why I love this community.,2026-04-30 23:27:00,195,,16.0,en
1070,@techwanderer832,Que buen dia para salir a caminar!,2026-02-06 19:58:00,68,8.0,2.0,es
1088,@msvibes786,Just adopted a puppy and I'm obsessed.,2026-02-06 21:55:00,37,8.0,2.0,en
123,@truethinker286,No puedo creer las noticias de hoy.,2026-01-03 12:24:00,52,5.0,2.0,es
995,@codernews486,Endlich mein Projekt fertig.,2026-02-04 04:41:00,29,6.0,,de
473,@cosmicgamer860,Vivement le week-end!,2026-01-15 23:52:00,13,1.0,,fr
4455,@sunnygamer479,Just tried the new update and it's amazing! #tech,2026-06-10 14:25:00,95,14.0,8.0,en
825,@techthinker448,"Feeling grateful today, small wins count.",2026-01-28 17:17:00,19,5.0,1.0,en
1748,@trueexplorer981,Dit nieuws is ongelooflijk.,2026-03-02 07:33:00,47,9.0,1.0,nl
1885,@quietlife552,This is exactly why I love this community.,2026-03-07 02:05:00,169,7.0,8.0,en
3374,@silentmind241,Just tried the new update and it's amazing! #tech,2026-05-01 20:03:00,17,5.0,1.0,en
2284,@wildpanda661,"Feeling grateful today, small wins count.",2026-03-21 23:15:00,7,2.0,1.0,en
3273,@thechef938,Vivement le week-end!,2026-04-27 14:31:00,199,19.0,3.0,fr
1797,@happyrunner742,Anyone else excited for the weekend?,2026-03-04 13:01:00,35,3.0,2.0,en
1429,@dailylife711,Can we talk about how good this weather is today?,2026-02-18 19:33:00,35,5.0,3.0,en
1759,@sunnyvoice684,Ich freue mich aufs Wochenende!,2026-03-02 16:10:00,160,8.0,,de
4535,@drmind714,"Big news coming soon, stay tuned!",2026-06-12 21:40:00,20,3.0,0.0,en
2724,@silentwanderer253,Kan niet wachten op het weekend!,2026-04-08 11:15:00,6,3.0,0.0,nl
4005,@digitaltraveler160,This is exactly why I love this community.,2026-05-25 01:32:00,69,4.0,1.0,en
2970,@themind501,Can we talk about how good this weather is today?,2026-04-17 19:10:00,32,4.0,3.0,en
5040,@therunner987,!!,2026-02-03 12:14:00,0,1.0,0.0,en
1584,@thenews924,This is exactly why I love this community.,2026-02-24 01:41:00,26,6.0,1.0,en
4664,@sunnysoul726,Finally finished my project after weeks of work.,2026-06-18 05:01:00,19,4.0,2.0,en
1955,@sunnyvoice684,"Big news coming soon, stay tuned!",2026-03-09 21:40:00,14,,0.0,en
4806,@thedev461,This is exactly why I love this community.,2026-06-22 21:38:00,37,6.0,1.0,en
1354,@thechef938,This is exactly why I love this community.,2026-02-15 19:59:00,8,1.0,,en
1131,@happyvibes211,Why is nobody talking about this documentary?,2026-02-08 13:53:00,41,7.0,0.0,en
2126,@coderdev433,Traffic this morning was unreal.,2026-03-16 05:34:00,13,1.0,2.0,en
1559,@justexplorer571,Cooking experiment gone right for once!,2026-02-23 04:29:00,9,3.0,1.0,en
4975,@urbanpanda555,Cooking experiment gone right for once!,2026-06-29 02:50:00,67,6.0,,en
1424,@dailysoul400,Traffic this morning was unreal.,2026-02-18 14:31:00,38,8.0,1.0,en
2537,@truedev87,"Working from the coffee shop again, love this place.",2026-04-01 03:53:00,32,8.0,1.0,en
429,@silentvibes978,Terminando el proyecto por fin.,2026-01-14 07:04:00,10,3.0,2.0,es
552,@urbanpanda555,"Big news coming soon, stay tuned!",2026-01-18 09:45:00,29,6.0,2.0,en
126,@urbanwriter806,Just tried the new update and it's amazing! #tech,2026-01-03 17:19:00,25,3.0,0.0,en
3941,@happystudent901,Finally finished my project after weeks of work.,2026-05-22 19:17:00,36,6.0,2.0,en
1800,@nightgamer97,Can we talk about how good this weather is today?,2026-03-04 14:25:00,9,1.0,1.0,en
1146,@techchef117,Traffic this morning was unreal.,2026-02-09 03:57:00,18,4.0,1.0,en
2958,@coderwriter454,Just adopted a puppy and I'm obsessed.,2026-04-17 05:49:00,9,2.0,0.0,en
4021,@sunnyfox219,"Big news coming soon, stay tuned!",2026-05-25 16:14:00,1,4.0,0.0,en
1502,@mrthinker789,No puedo creer las noticias de hoy.,2026-02-20 21:01:00,172,6.0,7.0,es
740,@dailyfox116,Conference talk today was so inspiring.,2026-01-25 06:35:00,18,5.0,3.0,en
2884,@dailytechupdate,This is exactly why I love this community.,2026-04-14 01:18:00,835,101.0,38.0,en
1292,@happyrunner56,Reading a great book on data science right now.,2026-02-13 20:28:00,6,4.0,2.0,en
1508,@sunnyvoice739,,2026-02-20 21:30:00,78,13.0,1.0,de
4872,@silentpanda419,Conference talk today was so inspiring.,2026-06-25 13:19:00,54,2.0,4.0,en
3657,@sunnyvoice684,Just tried the new update and it's amazing! #tech,2026-05-12 07:08:00,7,3.0,0.0,en
104,@techstudent504,Cooking experiment gone right for once!,2026-01-02 21:46:00,8,4.0,1.0,en
744,@silentdreamer438,Just adopted a puppy and I'm obsessed.,2026-01-25 07:48:00,9,1.0,0.0,en
1784,@dailytechupdate,Why is nobody talking about this documentary?,2026-03-03 19:16:00,609,26.0,44.0,en
2976,@sunnystudent968,Conference talk today was so inspiring.,2026-04-17 19:31:00,4,0.0,0.0,en
4577,@urbandev990,Anyone else excited for the weekend?,2026-06-15 00:47:00,17,4.0,,en
4801,@justwriter143,Ich freue mich aufs Wochenende!,2026-06-22 17:16:00,61,9.0,3.0,de
2653,@happyvoice838,Just adopted a puppy and I'm obsessed.,2026-04-04 20:35:00,26,0.0,,en
4126,@dailysoul400,Traffic this morning was unreal.,2026-05-29 19:45:00,1,0.0,2.0,en
2174,@cosmicfox319,"Big news coming soon, stay tuned!",2026-03-18 08:58:00,6,1.0,0.0,en
1553,@mschef687,Just tried the new update and it's amazing! #tech,2026-02-22 23:03:00,42,5.0,1.0,en
4945,@therunner54,Traffic this morning was unreal.,2026-06-27 16:13:00,65,4.0,,en
4825,@thedev461,Que buen dia para salir a caminar!,2026-06-23 14:25:00,27,3.0,1.0,es
896,@therunner406,Terminando el proyecto por fin.,2026-01-30 21:26:00,89,10.0,3.0,es
3241,@techstudent671,"Big news coming soon, stay tuned!",2026-04-26 14:43:00,8,1.0,1.0,en
1356,@realwanderer449,Kan niet wachten op het weekend!,2026-02-15 21:05:00,12,2.0,0.0,nl
3673,@sunnynews853,"New blog post is live, check it out!",2026-05-13 00:01:00,35,3.0,3.0,en
869,@justvoice443,Finally finished my project after weeks of work.,2026-01-30 12:32:00,16,4.0,0.0,en
2193,@wilddev434,"Working from the coffee shop again, love this place.",2026-03-19 06:33:00,30,6.0,2.0,en
1112,@mrlife845,Traffic this morning was unreal.,2026-02-07 20:23:00,25,0.0,3.0,en
2490,@cosmicchef738,Reading a great book on data science right now.,2026-03-30 01:20:00,24,7.0,3.0,en
1582,@sunnydreamer555,Feliz viernes a todos!,2026-02-24 01:04:00,11,3.0,1.0,es
4377,@happyvibes211,Why is nobody talking about this documentary?,2026-06-07 02:17:00,26,3.0,1.0,en
306,@silentpanda529,Can we talk about how good this weather is today?,2026-01-09 21:35:00,50,6.0,5.0,en
3319,@realtraveler132,This is exactly why I love this community.,2026-04-30 01:42:00,21,3.0,1.0,en
2255,@msstudent630,"Feeling grateful today, small wins count.",2026-03-20 21:19:00,9,1.0,,en
2556,@urbanmind722,Dit nieuws is ongelooflijk.,2026-04-01 19:42:00,137,4.0,10.0,nl
2602,@wildexplorer290,Traffic this morning was unreal.,2026-04-03 16:19:00,27,5.0,1.0,en
4069,@dailylife895,Finally finished my project after weeks of work.,2026-05-27 11:30:00,35,,2.0,en
1177,@wilddev434,"Working from the coffee shop again, love this place.",2026-02-10 04:41:00,52,2.0,3.0,en
4917,@luckyfox283,Just adopted a puppy and I'm obsessed.,2026-06-26 20:44:00,44,10.0,4.0,en
2827,@dailytechupdate,Conference talk today was so inspiring.,2026-04-11 15:30:00,416,28.0,24.0,en
2553,@realrunner533,Cette nouvelle est incroyable.,2026-04-01 18:33:00,68,5.0,,fr
4749,@wildpanda661,"Feeling grateful today, small wins count.",2026-06-20 17:58:00,16,3.0,3.0,en
3827,@cosmicgamer542,"Big news coming soon, stay tuned!",2026-05-18 05:44:00,29,5.0,2.0,en
209,@mssoul242,Je viens de terminer mon projet.,2026-01-07 03:41:00,17,4.0,1.0,fr
2052,@wildwriter840,Conference talk today was so inspiring.,2026-03-13 20:55:00,47,9.0,3.0,en
1400,@cosmicwanderer222,Cooking experiment gone right for once!,2026-02-17 19:05:00,34,8.0,2.0,en
1083,@drrunner405,Endlich mein Projekt fertig.,2026-02-06 21:20:00,11,0.0,1.0,de
1967,@quietdev385,Can we talk about how good this weather is today?,2026-03-10 12:24:00,19,4.0,2.0,en
369,@thestudent200,Vivement le week-end!,2026-01-11 18:43:00,1,2.0,1.0,fr
1113,@sunnyvoice684,Traffic this morning was unreal.,2026-02-07 23:00:00,29,6.0,,en
3846,@drdev183,Anyone else excited for the weekend?,2026-05-19 03:13:00,11,3.0,2.0,en
3309,@realstudent654,Was fur ein schoner Tag heute!,2026-04-29 03:28:00,20,4.0,3.0,de
689,@sunnynews418,"Big news coming soon, stay tuned!",2026-01-23 19:30:00,45,7.0,1.0,en
1206,@cosmicgamer542,Kan niet wachten op het weekend!,2026-02-11 02:01:00,14,1.0,3.0,nl
455,@msfox106,Cooking experiment gone right for once!,2026-01-15 14:23:00,19,5.0,2.0,en
3164,@wildthinker540,Dit nieuws is ongelooflijk.,2026-04-24 19:28:00,27,3.0,4.0,nl
2859,@nightthinker801,"Working from the coffee shop again, love this place.",2026-04-12 23:15:00,17,2.0,1.0,en
14,@dailytraveler231,"Big news coming soon, stay tuned!",2026-01-01 11:08:00,12,,0.0,en
1581,@therunner32,Was fur ein schoner Tag heute!,2026-02-24 00:46:00,51,4.0,2.0,de
5044,@justmind588,...,2026-02-26 19:15:00,1,0.0,1.0,en
4327,@silenttraveler77,,2026-06-05 20:18:00,12,2.0,,fr
2476,@wildthinker540,Conference talk today was so inspiring.,2026-03-29 12:52:00,14,0.0,0.0,en
910,@theexplorer402,Anyone else excited for the weekend?,2026-01-31 12:35:00,56,5.0,4.0,en
3225,@dailychef65,Why is nobody talking about this documentary?,2026-04-26 02:25:00,12,0.0,2.0,en
1737,@sunnyfox219,"Working from the coffee shop again, love this place.",2026-03-01 10:43:00,18,0.0,3.0,en
2530,@coderdreamer251,Feliz viernes a todos!,2026-03-31 19:10:00,76,11.0,5.0,es
3188,@luckypanda930,Kan niet wachten op het weekend!,2026-04-24 21:05:00,10,5.0,2.0,nl
969,@justwriter143,"Feeling grateful today, small wins count.",2026-02-02 22:08:00,17,5.0,1.0,en
5046,@digitalpanda228,😴,2026-03-13 20:09:00,1,1.0,0.0,en
2224,@dailytechupdate,Wat een mooie dag vandaag!,2026-03-20 11:51:00,666,28.0,17.0,nl
888,@techdreamer505,Reading a great book on data science right now.,2026-01-30 20:57:00,8,5.0,2.0,en
4010,@techstudent671,"Big news coming soon, stay tuned!",2026-05-25 05:43:00,57,8.0,1.0,en
1305,@happylife828,"Working from the coffee shop again, love this place.",2026-02-13 21:26:00,14,4.0,,en
2430,@quietchef544,Why is nobody talking about this documentary?,2026-03-27 21:25:00,7,3.0,,en
1601,@digitalpanda954,Terminando el proyecto por fin.,2026-02-24 16:18:00,54,2.0,0.0,es
2699,@quietlife552,"Big news coming soon, stay tuned!",2026-04-07 00:16:00,151,10.0,10.0,en
2977,@digitaltraveler160,This is exactly why I love this community.,2026-04-17 19:39:00,19,1.0,0.0,en
1203,@cosmicwanderer850,"Working from the coffee shop again, love this place.",2026-02-11 00:01:00,19,2.0,1.0,en
802,@dailyvibes599,Anyone else excited for the weekend?,2026-01-27 18:28:00,88,7.0,,en
4053,@digitalartist418,"New blog post is live, check it out!",2026-05-26 22:14:00,98,,,en
3800,@realdreamer515,No puedo creer las noticias de hoy.,2026-05-16 22:50:00,9,3.0,0.0,es
4639,@mrchef836,No puedo creer las noticias de hoy.,2026-06-17 03:30:00,52,2.0,4.0,es
200,@truerunner620,"Working from the coffee shop again, love this place.",2026-01-06 18:59:00,38,2.0,,en
1421,@digitalchef759,Reading a great book on data science right now.,2026-02-18 09:25:00,60,10.0,3.0,en
4323,@nightvoice129,Just adopted a puppy and I'm obsessed.,2026-06-05 19:51:00,246,18.0,7.0,en
1108,@digitalwriter441,Just tried the new update and it's amazing! #tech,2026-02-07 14:04:00,12,0.0,0.0,en
3969,@quietvoice816,This is exactly why I love this community.,2026-05-23 11:49:00,26,3.0,2.0,en
4821,@dailylife895,Finally finished my project after weeks of work.,2026-06-23 12:06:00,9,0.0,0.0,en
4366,@techexplorer915,Kan niet wachten op het weekend!,2026-06-06 10:24:00,71,14.0,4.0,nl
2668,@coderwanderer447,Je viens de terminer mon projet.,2026-04-05 13:58:00,27,3.0,2.0,fr
460,@silentwriter862,Can we talk about how good this weather is today?,2026-01-15 18:10:00,12,2.0,1.0,en
4889,@coderdreamer231,,2026-06-26 04:47:00,49,4.0,,en
2400,@coderfox204,,2026-03-27 13:56:00,40,4.0,2.0,fr
2944,@silentstudent915,This is exactly why I love this community.,2026-04-16 13:27:00,16,5.0,,en
4157,@mrgamer661,Can we talk about how good this weather is today?,2026-05-30 10:40:00,27,5.0,3.0,en
3105,@coderchef184,Traffic this morning was unreal.,2026-04-22 08:00:00,70,5.0,3.0,en
392,@drsoul265,Cette nouvelle est incroyable.,2026-01-12 21:10:00,39,2.0,0.0,fr
1761,@luckyfox758,Just adopted a puppy and I'm obsessed.,2026-03-02 20:02:00,18,4.0,0.0,en
1551,@luckywriter983,Cette nouvelle est incroyable.,2026-02-22 21:31:00,27,3.0,3.0,fr
2151,@dailypanda23,No puedo creer las noticias de hoy.,2026-03-17 08:41:00,56,6.0,4.0,es
242,@mrsoul935,"Working from the coffee shop again, love this place.",2026-01-08 09:15:00,70,9.0,3.0,en
886,@luckyrunner277,Conference talk today was so inspiring.,2026-01-30 20:48:00,86,5.0,5.0,en
823,@happygamer41,No puedo creer las noticias de hoy.,2026-01-28 14:14:00,9,1.0,1.0,es
4096,@truewanderer482,Just tried the new update and it's amazing! #tech,2026-05-28 15:26:00,95,11.0,8.0,en
2177,@sunnyfox219,"Big news coming soon, stay tuned!",2026-03-18 12:26:00,153,22.0,6.0,en
2487,@luckylife2,Kan niet wachten op het weekend!,2026-03-29 23:03:00,49,5.0,3.0,nl
2961,@happytraveler328,Reading a great book on data science right now.,2026-04-17 09:40:00,87,10.0,4.0,en
930,@drthinker366,Wat een mooie dag vandaag!,2026-02-01 06:09:00,5,0.0,0.0,nl
1403,@justmind541,Quelle belle journee aujourd'hui!,2026-02-17 21:28:00,27,4.0,1.0,fr
2417,@dailytechupdate,Why is nobody talking about this documentary?,2026-03-27 19:53:00,546,52.0,,en
1494,@mrartist788,Anyone else excited for the weekend?,2026-02-20 20:03:00,21,5.0,3.0,en
1147,@silentvoice982,Wat een mooie dag vandaag!,2026-02-09 06:51:00,22,5.0,2.0,nl
4693,@coderwriter454,Traffic this morning was unreal.,2026-06-19 00:01:00,237,35.0,12.0,en
3581,@cosmicgamer939,This is exactly why I love this community.,2026-05-08 21:18:00,25,1.0,3.0,en
4602,@thechef632,Just adopted a puppy and I'm obsessed.,2026-06-15 20:31:00,62,10.0,6.0,en
4719,@dailylife711,Cooking experiment gone right for once!,2026-06-19 20:35:00,27,5.0,2.0,en
442,@dailywanderer197,"Big news coming soon, stay tuned!",2026-01-15 00:07:00,52,5.0,5.0,en
2164,@quietnews847,Vivement le week-end!,2026-03-17 19:43:00,99,14.0,2.0,fr
1395,@dailydev686,Just tried the new update and it's amazing! #tech,2026-02-17 14:56:00,11,5.0,2.0,en
804,@sunnysoul514,"Working from the coffee shop again, love this place.",2026-01-27 20:47:00,21,,,en
3250,@drsoul916,Just adopted a puppy and I'm obsessed.,2026-04-26 23:12:00,77,11.0,1.0,en
1517,@happyvoice838,"New blog post is live, check it out!",2026-02-21 05:19:00,26,2.0,1.0,en
1544,@justdev775,"Working from the coffee shop again, love this place.",2026-02-22 11:44:00,34,6.0,2.0,en
2505,@coderwanderer616,This is exactly why I love this community.,2026-03-30 16:28:00,5,2.0,1.0,en
577,@mrsoul935,"Big news coming soon, stay tuned!",2026-01-19 06:33:00,117,16.0,3.0,en
3083,@truetraveler804,Kan niet wachten op het weekend!,2026-04-20 21:30:00,25,4.0,,nl
1347,@trueartist216,Why is nobody talking about this documentary?,2026-02-15 14:24:00,193,22.0,16.0,en
111,@silentlife497,Terminando el proyecto por fin.,2026-01-03 01:23:00,11,2.0,1.0,es
3478,@drchef131,Conference talk today was so inspiring.,2026-05-05 08:16:00,447,46.0,24.0,en
743,@quietvoice816,Feliz viernes a todos!,2026-01-25 07:41:00,32,6.0,1.0,es
4440,@realartist719,"Working from the coffee shop again, love this place.",2026-06-09 20:30:00,113,,3.0,en
2538,@drpanda582,Can we talk about how good this weather is today?,2026-04-01 04:23:00,89,12.0,5.0,en
2314,@dailydev686,This is exactly why I love this community.,2026-03-23 07:02:00,29,2.0,,en
1105,@digitalwriter882,This is exactly why I love this community.,2026-02-07 11:08:00,99,11.0,7.0,en
2870,@urbanlife621,Can we talk about how good this weather is today?,2026-04-13 09:55:00,16,2.0,2.0,en
3945,@silentdev771,Why is nobody talking about this documentary?,2026-05-22 19:26:00,5,3.0,0.0,en
822,@dailyfox546,Why is nobody talking about this documentary?,2026-01-28 12:50:00,132,2.0,5.0,en
4929,@wildsoul854,Feliz viernes a todos!,2026-06-26 21:51:00,19,3.0,2.0,es
3197,@drsoul265,Finally finished my project after weeks of work.,2026-04-25 01:01:00,840,,,en
1975,@quietvoice816,Dit nieuws is ongelooflijk.,2026-03-11 00:20:00,18,5.0,1.0,nl
21,@urbanlife621,Why is nobody talking about this documentary?,2026-01-01 15:25:00,29,2.0,3.0,en
4910,@msfox886,,2026-06-26 19:38:00,32,3.0,2.0,en
964,@msvibes786,"Feeling grateful today, small wins count.",2026-02-02 18:06:00,26,5.0,2.0,en
476,@justnews322,Anyone else excited for the weekend?,2026-01-16 02:22:00,8,2.0,2.0,en
1154,@cosmicvibes338,Endlich mein Projekt fertig.,2026-02-09 10:04:00,6,2.0,1.0,de
3402,@cosmicvibes266,"Feeling grateful today, small wins count.",2026-05-02 03:39:00,15,2.0,2.0,en
2518,@drsoul265,Conference talk today was so inspiring.,2026-03-31 07:46:00,27,2.0,0.0,en
2119,@dailyfox116,Feliz viernes a todos!,2026-03-15 18:55:00,41,4.0,1.0,es
4581,@sunnydreamer555,Feliz viernes a todos!,2026-06-15 05:13:00,6,0.0,,es
739,@wilddev434,"Working from the coffee shop again, love this place.",2026-01-25 06:24:00,9,,1.0,en
3339,@wildsoul854,Why is nobody talking about this documentary?,2026-04-30 19:44:00,76,5.0,6.0,en
2362,@happyvoice838,"New blog post is live, check it out!",2026-03-25 14:49:00,71,4.0,4.0,en
1709,@reallife812,Reading a great book on data science right now.,2026-02-28 01:22:00,40,5.0,4.0,en
604,@therunner54,Traffic this morning was unreal.,2026-01-20 06:03:00,74,7.0,,en
3127,@dailyvibes974,No puedo creer las noticias de hoy.,2026-04-23 08:05:00,18,,3.0,es
1291,@coderlife793,This is exactly why I love this community.,2026-02-13 20:26:00,35,,1.0,en
1026,@digitalvoice610,Anyone else excited for the weekend?,2026-02-05 10:04:00,36,4.0,,en
22,@quietthinker269,This is exactly why I love this community.,2026-01-01 15:45:00,114,13.0,8.0,en
5088,@thenews721,.,2026-03-19 06:42:00,1,0.0,0.0,en
4145,@msgamer420,,2026-05-29 21:38:00,50,9.0,3.0,en
4038,@urbanwriter806,"Working from the coffee shop again, love this place.",2026-05-26 11:02:00,9,1.0,2.0,en
4270,@silentdreamer438,"Big news coming soon, stay tuned!",2026-06-04 04:48:00,24,3.0,,en
1261,@silentexplorer319,Feliz viernes a todos!,2026-02-13 04:51:00,28,4.0,1.0,es
29,@urbanwanderer741,"New blog post is live, check it out!",2026-01-01 23:13:00,61,6.0,4.0,en
1670,@nightthinker801,"Working from the coffee shop again, love this place.",2026-02-27 10:16:00,33,3.0,1.0,en
5,@sunnyvibes978,Cooking experiment gone right for once!,2026-01-01 05:00:00,11,3.0,1.0,en
965,@silentpanda222,"New blog post is live, check it out!",2026-02-02 18:35:00,186,18.0,5.0,en
1747,@mrexplorer753,Anyone else excited for the weekend?,2026-03-02 07:21:00,33,2.0,3.0,en
3633,@nightartist873,Eindelijk mijn project afgerond.,2026-05-10 20:48:00,5,0.0,0.0,nl
5103,@digitalwriter882,🙂,2026-05-02 08:02:00,3,0.0,0.0,en
3617,@coderchef184,Cette nouvelle est incroyable.,2026-05-10 06:38:00,22,5.0,3.0,fr
276,@truerunner620,No puedo creer las noticias de hoy.,2026-01-09 17:01:00,23,4.0,0.0,es
65,@drchef131,Conference talk today was so inspiring.,2026-01-02 19:03:00,19,3.0,2.0,en
977,@juststudent636,"New blog post is live, check it out!",2026-02-03 04:48:00,19,3.0,0.0,en
110,@msgamer577,Conference talk today was so inspiring.,2026-01-02 23:24:00,16,2.0,,en
370,@techvibes115,Traffic this morning was unreal.,2026-01-11 18:56:00,222,11.0,8.0,en
4026,@luckychef807,Quelle belle journee aujourd'hui!,2026-05-25 20:36:00,76,8.0,3.0,fr
3321,@mrgamer661,Traffic this morning was unreal.,2026-04-30 02:28:00,113,16.0,7.0,en
1393,@justchef525,"Working from the coffee shop again, love this place.",2026-02-17 14:29:00,9,3.0,1.0,en
2013,@dailyvibes974,Anyone else excited for the weekend?,2026-03-12 19:03:00,11,3.0,1.0,en
2792,@quietrunner431,Reading a great book on data science right now.,2026-04-10 20:07:00,6,1.0,2.0,en
4764,@happygamer41,Just adopted a puppy and I'm obsessed.,2026-06-21 05:56:00,18,2.0,2.0,en
1382,@luckychef807,Conference talk today was so inspiring.,2026-02-17 03:24:00,24,4.0,3.0,en
1578,@techstudent671,"Big news coming soon, stay tuned!",2026-02-23 21:56:00,12,5.0,0.0,en
1712,@codersoul455,Cooking experiment gone right for once!,2026-02-28 03:52:00,64,4.0,2.0,en
1947,@drartist539,Conference talk today was so inspiring.,2026-03-09 12:28:00,69,10.0,6.0,en
2133,@silentvoice503,Cooking experiment gone right for once!,2026-03-16 13:20:00,118,19.0,9.0,en
1796,@msgamer13,Vivement le week-end!,2026-03-04 12:22:00,81,5.0,,fr
1913,@techchef117,Can we talk about how good this weather is today?,2026-03-08 01:48:00,15,,2.0,en
3970,@wildstudent902,Eindelijk mijn project afgerond.,2026-05-23 11:56:00,10,,0.0,nl
3176,@cosmiclife650,Anyone else excited for the weekend?,2026-04-24 19:59:00,67,13.0,5.0,en
2254,@cosmicgamer860,Wat een mooie dag vandaag!,2026-03-20 21:12:00,33,7.0,0.0,nl
4552,@msdreamer242,Vivement le week-end!,2026-06-13 13:22:00,22,3.0,3.0,fr
3338,@mrgamer661,Traffic this morning was unreal.,2026-04-30 19:44:00,9,3.0,1.0,en
840,@techmind844,Anyone else excited for the weekend?,2026-01-29 07:40:00,20,2.0,1.0,en
3711,@sunnylife494,Eindelijk mijn project afgerond.,2026-05-14 13:03:00,40,,2.0,nl
266,@msgamer420,Conference talk today was so inspiring.,2026-01-09 09:08:00,31,5.0,4.0,en
3749,@nightgamer145,Terminando el proyecto por fin.,2026-05-15 19:42:00,6,1.0,1.0,es
885,@dailyfox546,Why is nobody talking about this documentary?,2026-01-30 20:45:00,15,1.0,2.0,en
3939,@truerunner620,Cooking experiment gone right for once!,2026-05-22 19:16:00,94,8.0,5.0,en
400,@thedev461,This is exactly why I love this community.,2026-01-13 05:46:00,80,12.0,5.0,en
1607,@techstudent671,Cooking experiment gone right for once!,2026-02-24 23:53:00,93,16.0,5.0,en
2701,@mrlife845,Terminando el proyecto por fin.,2026-04-07 07:14:00,58,4.0,3.0,es
2979,@sunnyfox219,Finally finished my project after weeks of work.,2026-04-17 19:47:00,54,5.0,4.0,en
3995,@techvibes895,Can we talk about how good this weather is today?,2026-05-24 13:59:00,19,4.0,,en
4353,@techdreamer505,Reading a great book on data science right now.,2026-06-06 02:40:00,63,4.0,,en
1151,@happyrunner800,"Feeling grateful today, small wins count.",2026-02-09 08:01:00,38,5.0,,en
4920,@truethinker286,Diese Nachricht ist unglaublich.,2026-06-26 21:08:00,67,8.0,4.0,de
403,@mrexplorer753,Anyone else excited for the weekend?,2026-01-13 09:44:00,14,3.0,0.0,en
3927,@realfox601,Finally finished my project after weeks of work.,2026-05-22 10:20:00,6,4.0,,en
4794,@happystudent901,Conference talk today was so inspiring.,2026-06-22 10:43:00,9,5.0,2.0,en
4173,@sunnystudent544,This is exactly why I love this community.,2026-05-31 02:13:00,93,9.0,2.0,en
1401,@techexplorer296,Cooking experiment gone right for once!,2026-02-17 20:11:00,254,17.0,3.0,en
3491,@thechef938,This is exactly why I love this community.,2026-05-05 21:45:00,9,3.0,1.0,en
843,@therunner987,Traffic this morning was unreal.,2026-01-29 09:15:00,9,0.0,0.0,en
2409,@wildfox207,Quelle belle journee aujourd'hui!,2026-03-27 19:31:00,29,2.0,1.0,fr
216,@coderartist746,Just tried the new update and it's amazing! #tech,2026-01-07 09:52:00,14,5.0,2.0,en
1222,@nightgamer97,Just tried the new update and it's amazing! #tech,2026-02-11 13:57:00,30,5.0,3.0,en
2491,@urbanrunner736,Conference talk today was so inspiring.,2026-03-30 01:39:00,19,5.0,,en
463,@happypanda482,"New blog post is live, check it out!",2026-01-15 20:37:00,8,1.0,2.0,en
1650,@wilddev434,Que buen dia para salir a caminar!,2026-02-26 22:26:00,120,11.0,6.0,es
3096,@trueexplorer291,Wat een mooie dag vandaag!,2026-04-21 11:34:00,10,1.0,0.0,nl
4438,@dailywriter678,Just tried the new update and it's amazing! #tech,2026-06-09 19:03:00,6,3.0,1.0,en
4786,@dailylife895,Finally finished my project after weeks of work.,2026-06-22 04:52:00,45,4.0,1.0,en
2038,@therunner987,Cooking experiment gone right for once!,2026-03-13 19:11:00,53,4.0,2.0,en
2746,@drvoice288,Vivement le week-end!,2026-04-08 23:49:00,45,,2.0,fr
2868,@reallife812,Why is nobody talking about this documentary?,2026-04-13 09:02:00,27,5.0,4.0,en
2825,@silentfox174,Quelle belle journee aujourd'hui!,2026-04-11 13:04:00,82,7.0,2.0,fr
4146,@silentthinker438,Cooking experiment gone right for once!,2026-05-29 21:49:00,13,3.0,0.0,en
3143,@realmind514,"New blog post is live, check it out!",2026-04-24 00:51:00,62,12.0,5.0,en
597,@cosmicsoul411,Just tried the new update and it's amazing! #tech,2026-01-20 02:21:00,5,0.0,1.0,en
4007,@cosmicgamer860,"Working from the coffee shop again, love this place.",2026-05-25 04:06:00,116,8.0,6.0,en
4114,@cosmicvibes266,"Feeling grateful today, small wins count.",2026-05-29 10:42:00,12,4.0,0.0,en
1427,@techdreamer896,Traffic this morning was unreal.,2026-02-18 18:41:00,34,3.0,,en
2265,@techrunner816,Vivement le week-end!,2026-03-21 01:57:00,115,19.0,7.0,fr
3187,@happyrunner56,Reading a great book on data science right now.,2026-04-24 21:05:00,19,,2.0,en
1210,@msvibes786,Endlich mein Projekt fertig.,2026-02-11 06:41:00,43,7.0,1.0,de
2922,@realsoul108,Vivement le week-end!,2026-04-15 14:26:00,20,0.0,3.0,fr
361,@happyvoice153,Just adopted a puppy and I'm obsessed.,2026-01-11 13:04:00,30,0.0,2.0,en
2878,@urbannews229,Finally finished my project after weeks of work.,2026-04-13 20:56:00,4,0.0,0.0,en
1428,@mschef831,Just tried the new update and it's amazing! #tech,2026-02-18 19:09:00,77,4.0,2.0,en
4407,@mschef852,Can we talk about how good this weather is today?,2026-06-08 04:53:00,39,3.0,2.0,en
672,@coderdev433,"Big news coming soon, stay tuned!",2026-01-23 00:48:00,42,2.0,4.0,en
4182,@sunnydev298,"New blog post is live, check it out!",2026-05-31 09:16:00,266,37.0,20.0,en
1095,@quietdreamer51,Finally finished my project after weeks of work.,2026-02-07 00:12:00,58,7.0,5.0,en
396,@wildexplorer642,Just tried the new update and it's amazing! #tech,2026-01-13 02:13:00,84,3.0,4.0,en
502,@happyvoice637,Je viens de terminer mon projet.,2026-01-16 20:50:00,45,2.0,0.0,fr
3269,@msvibes786,Feliz viernes a todos!,2026-04-27 13:01:00,25,3.0,2.0,es
1152,@technews313,Finally finished my project after weeks of work.,2026-02-09 09:22:00,116,18.0,9.0,en
2807,@techmind844,Diese Nachricht ist unglaublich.,2026-04-10 21:27:00,8,0.0,0.0,de
3286,@justchef525,This is exactly why I love this community.,2026-04-28 07:06:00,40,2.0,2.0,en
4708,@thedreamer792,Anyone else excited for the weekend?,2026-06-19 17:10:00,12,0.0,1.0,en
701,@realmind514,Can we talk about how good this weather is today?,2026-01-23 20:17:00,238,16.0,19.0,en
232,@realvoice524,No puedo creer las noticias de hoy.,2026-01-07 23:06:00,41,2.0,0.0,es
435,@drsoul588,Eindelijk mijn project afgerond.,2026-01-14 14:55:00,26,4.0,3.0,nl
3697,@techexplorer840,Endlich mein Projekt fertig.,2026-05-13 22:18:00,151,17.0,9.0,de
3706,@urbanexplorer713,"Big news coming soon, stay tuned!",2026-05-14 08:36:00,21,3.0,1.0,en
4058,@dailyvoice565,Reading a great book on data science right now.,2026-05-27 01:24:00,44,3.0,4.0,en
2542,@techsoul957,"New blog post is live, check it out!",2026-04-01 07:32:00,140,11.0,,en
3937,@digitalrunner393,Why is nobody talking about this documentary?,2026-05-22 18:24:00,95,13.0,3.0,en
1495,@silentstudent765,Finally finished my project after weeks of work.,2026-02-20 20:09:00,41,8.0,0.0,en
4716,@luckyfox283,"Working from the coffee shop again, love this place.",2026-06-19 20:04:00,14,2.0,,en
1340,@justdreamer694,Anyone else excited for the weekend?,2026-02-15 05:23:00,10,0.0,2.0,en
935,@mrnews877,"Big news coming soon, stay tuned!",2026-02-01 13:02:00,23,3.0,1.0,en
1694,@coderchef654,Ich freue mich aufs Wochenende!,2026-02-27 20:33:00,19,4.0,1.0,de
983,@digitaldreamer73,Wat een mooie dag vandaag!,2026-02-03 10:07:00,103,11.0,8.0,nl
3524,@sunnydev554,Can we talk about how good this weather is today?,2026-05-07 06:26:00,6,3.0,0.0,en
4948,@truepanda203,Que buen dia para salir a caminar!,2026-06-27 18:23:00,21,1.0,2.0,es
900,@happytraveler328,Reading a great book on data science right now.,2026-01-30 21:55:00,68,10.0,3.0,en
2751,@cosmiclife650,Kan niet wachten op het weekend!,2026-04-09 04:08:00,18,2.0,0.0,nl
2938,@silentstudent341,Dit nieuws is ongelooflijk.,2026-04-16 06:15:00,195,29.0,10.0,nl
1827,@techvibes115,Terminando el proyecto por fin.,2026-03-05 13:09:00,36,7.0,4.0,es
3883,@justrunner59,Reading a great book on data science right now.,2026-05-21 01:54:00,17,4.0,,en
2865,@dailytechupdate,Quelle belle journee aujourd'hui!,2026-04-13 05:06:00,792,50.0,37.0,fr
194,@wilddev434,"Working from the coffee shop again, love this place.",2026-01-06 15:00:00,18,2.0,0.0,en
121,@msgamer981,Reading a great book on data science right now.,2026-01-03 09:49:00,45,8.0,4.0,en
2988,@justwriter143,"Feeling grateful today, small wins count.",2026-04-17 20:24:00,23,4.0,2.0,en
1631,@urbantraveler501,Why is nobody talking about this documentary?,2026-02-26 00:27:00,12,4.0,0.0,en
1586,@realfox601,Finally finished my project after weeks of work.,2026-02-24 04:22:00,67,6.0,,en
2895,@techstudent671,"Big news coming soon, stay tuned!",2026-04-14 13:21:00,2,1.0,0.0,en
1644,@theexplorer402,Anyone else excited for the weekend?,2026-02-26 16:05:00,22,4.0,2.0,en
1059,@justnews237,Just adopted a puppy and I'm obsessed.,2026-02-06 19:04:00,68,2.0,,en
3095,@thelife347,Why is nobody talking about this documentary?,2026-04-21 11:10:00,9,0.0,0.0,en
747,@truewanderer994,Que buen dia para salir a caminar!,2026-01-25 09:55:00,38,1.0,4.0,es
3157,@urbantraveler501,,2026-04-24 13:10:00,36,2.0,4.0,en
4163,@cosmicvibes193,"Big news coming soon, stay tuned!",2026-05-30 18:09:00,113,,,en
3224,@urbandev990,Anyone else excited for the weekend?,2026-04-26 02:01:00,75,8.0,6.0,en
523,@truepanda203,"New blog post is live, check it out!",2026-01-17 02:27:00,5,0.0,2.0,en
2638,@wildfox207,Diese Nachricht ist unglaublich.,2026-04-03 22:01:00,59,5.0,2.0,de
1498,@realartist272,Can we talk about how good this weather is today?,2026-02-20 20:35:00,23,3.0,0.0,en
3314,@dailytechupdate,"Feeling grateful today, small wins count.",2026-04-29 14:52:00,595,63.0,32.0,en
2467,@codergamer594,Cooking experiment gone right for once!,2026-03-29 06:05:00,63,,6.0,en
3300,@urbandreamer38,Traffic this morning was unreal.,2026-04-28 20:36:00,45,7.0,3.0,en
2576,@cosmicvibes338,Anyone else excited for the weekend?,2026-04-02 12:41:00,16,0.0,1.0,en
4697,@luckyrunner462,Je viens de terminer mon projet.,2026-06-19 04:06:00,11,2.0,0.0,fr
172,@urbanlife621,Can we talk about how good this weather is today?,2026-01-05 08:40:00,15,,1.0,en
4576,@silentdreamer438,"Working from the coffee shop again, love this place.",2026-06-14 23:01:00,12,5.0,0.0,en
1304,@msgamer717,"Working from the coffee shop again, love this place.",2026-02-13 21:25:00,94,14.0,,en
800,@trueexplorer879,Anyone else excited for the weekend?,2026-01-27 15:19:00,19,2.0,0.0,en
1620,@happylife828,Terminando el proyecto por fin.,2026-02-25 14:59:00,34,1.0,3.0,es
2196,@drartist738,"New blog post is live, check it out!",2026-03-19 08:39:00,26,3.0,3.0,en
222,@dailysoul400,Traffic this morning was unreal.,2026-01-07 12:15:00,97,11.0,5.0,en
2559,@sunnystudent968,Diese Nachricht ist unglaublich.,2026-04-01 23:26:00,69,9.0,5.0,de
1916,@happydev433,Je viens de terminer mon projet.,2026-03-08 03:26:00,25,5.0,2.0,fr
3101,@dailyvibes974,Anyone else excited for the weekend?,2026-04-21 23:46:00,51,8.0,1.0,en
2648,@coderthinker974,"Big news coming soon, stay tuned!",2026-04-04 11:48:00,31,6.0,1.0,en
1952,@realgamer938,Reading a great book on data science right now.,2026-03-09 17:14:00,1,1.0,2.0,en
1117,@nightthinker765,This is exactly why I love this community.,2026-02-08 02:56:00,49,6.0,,en
4911,@sunnysoul449,Why is nobody talking about this documentary?,2026-06-26 19:39:00,3,3.0,1.0,en
3062,@msgamer420,Ich freue mich aufs Wochenende!,2026-04-20 04:27:00,46,5.0,2.0,de
2692,@luckyfox758,Reading a great book on data science right now.,2026-04-06 17:51:00,33,2.0,4.0,en
2756,@trueexplorer908,"New blog post is live, check it out!",2026-04-09 06:14:00,8,2.0,1.0,en
3726,@dailynews763,"Big news coming soon, stay tuned!",2026-05-15 02:52:00,51,2.0,3.0,en
3337,@dailyfox84,This is exactly why I love this community.,2026-04-30 18:54:00,60,8.0,2.0,en
2117,@drchef131,Anyone else excited for the weekend?,2026-03-15 17:04:00,56,8.0,4.0,en
4401,@silentchef208,"New blog post is live, check it out!",2026-06-07 22:25:00,199,26.0,,en
3405,@realartist719,"Working from the coffee shop again, love this place.",2026-05-02 07:15:00,42,3.0,4.0,en
1394,@dailytechupdate,Just tried the new update and it's amazing! #tech,2026-02-17 14:52:00,499,64.0,22.0,en
2931,@nightstudent616,Finally finished my project after weeks of work.,2026-04-15 23:19:00,37,7.0,1.0,en
1098,@drsoul588,"Feeling grateful today, small wins count.",2026-02-07 04:41:00,95,13.0,5.0,en
1476,@mrvoice30,Conference talk today was so inspiring.,2026-02-20 14:10:00,34,6.0,4.0,en
4962,@sunnyvoice739,"New blog post is live, check it out!",2026-06-28 09:53:00,70,13.0,4.0,en
1240,@reallife2,No puedo creer las noticias de hoy.,2026-02-12 12:00:00,92,7.0,2.0,es
1994,@reallife812,Terminando el proyecto por fin.,2026-03-11 22:01:00,101,15.0,3.0,es
4199,@techvibes895,Can we talk about how good this weather is today?,2026-05-31 22:55:00,86,8.0,2.0,en
4553,@luckypanda278,This is exactly why I love this community.,2026-06-13 13:30:00,25,3.0,3.0,en
1753,@codertraveler458,Eindelijk mijn project afgerond.,2026-03-02 12:12:00,43,6.0,3.0,nl
3040,@sunnysoul449,Why is nobody talking about this documentary?,2026-04-19 09:01:00,62,4.0,1.0,en
3369,@silentfox36,Kan niet wachten op het weekend!,2026-05-01 19:22:00,102,14.0,7.0,nl
4336,@dailygamer259,Cooking experiment gone right for once!,2026-06-05 21:09:00,59,9.0,3.0,en
5049,@dailygamer259,👍👍,2026-05-12 09:37:00,1,0.0,0.0,en
3790,@dailytechupdate,Was fur ein schoner Tag heute!,2026-05-16 11:30:00,912,124.0,61.0,de
4766,@wildtraveler532,Can we talk about how good this weather is today?,2026-06-21 07:17:00,118,12.0,7.0,en
1388,@drgamer893,,2026-02-17 08:21:00,3,4.0,0.0,en
3259,@digitalartist333,Finally finished my project after weeks of work.,2026-04-27 04:07:00,142,16.0,7.0,en
5075,@thelife285,-,2026-02-26 06:47:00,1,1.0,1.0,en
3841,@urbantraveler501,Conference talk today was so inspiring.,2026-05-18 21:29:00,6,4.0,2.0,en
4810,@thedev461,Dit nieuws is ongelooflijk.,2026-06-23 02:12:00,22,6.0,3.0,nl
2153,@wildthinker540,Conference talk today was so inspiring.,2026-03-17 10:56:00,342,23.0,15.0,en
3471,@msdreamer316,Just tried the new update and it's amazing! #tech,2026-05-05 05:10:00,99,8.0,5.0,en
2708,@justvoice443,Feliz viernes a todos!,2026-04-07 18:59:00,17,2.0,3.0,es
3482,@luckytraveler504,"Working from the coffee shop again, love this place.",2026-05-05 10:10:00,4,1.0,0.0,en
4016,@silentdreamer438,Quelle belle journee aujourd'hui!,2026-05-25 12:37:00,76,11.0,2.0,fr
3612,@silentwriter862,Anyone else excited for the weekend?,2026-05-10 01:43:00,125,18.0,9.0,en
4613,@drchef677,Wat een mooie dag vandaag!,2026-06-16 08:27:00,107,11.0,4.0,nl
4397,@luckyrunner277,Ich freue mich aufs Wochenende!,2026-06-07 19:05:00,14,4.0,0.0,de
1745,@reallife371,Why is nobody talking about this documentary?,2026-03-01 21:01:00,22,3.0,,en
3599,@wildtraveler520,Just tried the new update and it's amazing! #tech,2026-05-09 07:18:00,61,8.0,,en
1946,@sunnylife494,Can we talk about how good this weather is today?,2026-03-09 11:22:00,14,3.0,0.0,en
4430,@justthinker414,Cooking experiment gone right for once!,2026-06-09 10:49:00,547,18.0,34.0,en
2217,@drchef131,Conference talk today was so inspiring.,2026-03-20 03:44:00,13,0.0,1.0,en
1802,@luckydev518,"Big news coming soon, stay tuned!",2026-03-04 16:32:00,8,1.0,2.0,en
929,@msgamer420,Je viens de terminer mon projet.,2026-02-01 05:54:00,9,5.0,0.0,fr
1874,@coderwanderer616,This is exactly why I love this community.,2026-03-06 21:32:00,89,6.0,4.0,en
539,@silentdev771,Terminando el proyecto por fin.,2026-01-17 19:09:00,81,1.0,,es
254,@therunner406,This is exactly why I love this community.,2026-01-08 21:26:00,26,1.0,1.0,en
3760,@quietpanda247,Endlich mein Projekt fertig.,2026-05-15 20:18:00,75,2.0,2.0,de
3271,@thechef938,"New blog post is live, check it out!",2026-04-27 13:55:00,31,6.0,2.0,en
3521,@quietthinker269,Diese Nachricht ist unglaublich.,2026-05-07 05:32:00,18,2.0,0.0,de
3,@mrartist788,Terminando el proyecto por fin.,2026-01-01 02:57:00,23,4.0,3.0,es
2193,@wilddev434,"Working from the coffee shop again, love this place.",2026-03-19 06:33:00,30,6.0,2.0,en
817,@urbandev990,Anyone else excited for the weekend?,2026-01-28 05:30:00,68,8.0,1.0,en
1229,@truewanderer361,Endlich mein Projekt fertig.,2026-02-11 20:31:00,63,8.0,5.0,de
3696,@digitalvoice610,Conference talk today was so inspiring.,2026-05-13 21:58:00,66,11.0,1.0,en
3033,@quiettraveler468,Just adopted a puppy and I'm obsessed.,2026-04-19 03:32:00,37,4.0,4.0,en
1180,@silentdev455,Traffic this morning was unreal.,2026-02-10 08:10:00,18,4.0,2.0,en
477,@drrunner405,Anyone else excited for the weekend?,2026-01-16 02:32:00,175,,14.0,en
600,@luckyrunner462,"Feeling grateful today, small wins count.",2026-01-20 03:59:00,33,2.0,2.0,en
2598,@drsoul591,Can we talk about how good this weather is today?,2026-04-03 10:56:00,12,2.0,0.0,en
133,@reallife2,This is exactly why I love this community.,2026-01-03 22:23:00,29,7.0,3.0,en
4732,@dailyartist662,Traffic this morning was unreal.,2026-06-19 23:18:00,21,4.0,,en
4772,@coderdreamer231,Feliz viernes a todos!,2026-06-21 15:17:00,82,8.0,2.0,es
3140,@wilddreamer783,"Working from the coffee shop again, love this place.",2026-04-23 19:26:00,11,4.0,1.0,en
2471,@urbanpanda555,Traffic this morning was unreal.,2026-03-29 10:23:00,51,5.0,3.0,en
1616,@thenews924,"Working from the coffee shop again, love this place.",2026-02-25 10:34:00,21,6.0,,en
4209,@urbanlife621,"New blog post is live, check it out!",2026-06-01 06:09:00,10,4.0,2.0,en
2142,@dailyvoice75,Just tried the new update and it's amazing! #tech,2026-03-17 02:30:00,10,3.0,0.0,en
2191,@mslife308,Cooking experiment gone right for once!,2026-03-19 06:17:00,231,32.0,12.0,en
4135,@theexplorer402,Just tried the new update and it's amazing! #tech,2026-05-29 20:29:00,22,3.0,1.0,en
4273,@justnews408,This is exactly why I love this community.,2026-06-04 08:23:00,28,5.0,1.0,en
3120,@realnews22,Can we talk about how good this weather is today?,2026-04-23 00:17:00,2,2.0,2.0,en
2768,@msdev488,Dit nieuws is ongelooflijk.,2026-04-10 00:48:00,82,,7.0,nl
2192,@quietsoul150,This is exactly why I love this community.,2026-03-19 06:18:00,23,3.0,1.0,en
2997,@techchef31,Finally finished my project after weeks of work.,2026-04-17 21:10:00,86,16.0,8.0,en
3325,@techstudent692,,2026-04-30 05:42:00,2,3.0,0.0,en
2941,@dailyvoice75,Can we talk about how good this weather is today?,2026-04-16 08:25:00,15,1.0,,en
3530,@truedev87,"Working from the coffee shop again, love this place.",2026-05-07 09:15:00,80,9.0,1.0,en
4133,@wildpanda661,"Feeling grateful today, small wins count.",2026-05-29 20:26:00,127,10.0,8.0,en
4802,@techstudent671,"Big news coming soon, stay tuned!",2026-06-22 17:35:00,26,3.0,2.0,en
681,@quietvoice816,,2026-01-23 16:16:00,98,4.0,7.0,en
2871,@dailyvibes974,Anyone else excited for the weekend?,2026-04-13 11:30:00,36,9.0,3.0,en
2188,@thesoul854,No puedo creer las noticias de hoy.,2026-03-19 04:22:00,20,4.0,,es
553,@truetraveler804,"Big news coming soon, stay tuned!",2026-01-18 11:17:00,12,4.0,1.0,en
1274,@silentchef208,Reading a great book on data science right now.,2026-02-13 18:04:00,171,14.0,5.0,en
4080,@dailytechupdate,Why is nobody talking about this documentary?,2026-05-27 21:52:00,471,26.0,32.0,en
2872,@quietdev850,"Feeling grateful today, small wins count.",2026-04-13 11:59:00,28,3.0,2.0,en
4777,@trueexplorer908,Que buen dia para salir a caminar!,2026-06-21 18:51:00,6,3.0,0.0,es
3381,@dailyfox333,Vivement le week-end!,2026-05-01 20:33:00,77,4.0,4.0,fr
1555,@luckyrunner277,Conference talk today was so inspiring.,2026-02-23 01:08:00,18,4.0,,en
2923,@sunnynews418,Eindelijk mijn project afgerond.,2026-04-15 15:54:00,14,1.0,0.0,nl
354,@thetraveler239,"Working from the coffee shop again, love this place.",2026-01-11 07:36:00,39,5.0,2.0,en
3915,@dailyfox333,Conference talk today was so inspiring.,2026-05-21 22:02:00,64,5.0,,en
380,@dailyvibes114,Dit nieuws is ongelooflijk.,2026-01-11 22:44:00,23,,1.0,nl
3391,@quietpanda67,Why is nobody talking about this documentary?,2026-05-01 21:27:00,74,12.0,5.0,en
609,@truedreamer447,Kan niet wachten op het weekend!,2026-01-20 09:30:00,130,20.0,6.0,nl
2364,@silentthinker438,Endlich mein Projekt fertig.,2026-03-25 16:03:00,62,,5.0,de
4618,@luckywanderer748,Reading a great book on data science right now.,2026-06-16 13:51:00,70,5.0,7.0,en
433,@mssoul242,Why is nobody talking about this documentary?,2026-01-14 10:55:00,73,7.0,1.0,en
2883,@thestudent200,"Feeling grateful today, small wins count.",2026-04-14 00:37:00,69,11.0,6.0,en
2147,@urbanlife621,Feliz viernes a todos!,2026-03-17 04:11:00,19,3.0,1.0,es
3041,@quietdev850,"Feeling grateful today, small wins count.",2026-04-19 11:00:00,115,10.0,7.0,en
3565,@justmind541,Terminando el proyecto por fin.,2026-05-08 19:33:00,14,4.0,,es
3456,@thewanderer819,Je viens de terminer mon projet.,2026-05-04 11:35:00,29,4.0,3.0,fr
5120,@quietexplorer509,-,2026-04-09 19:41:00,0,0.0,0.0,en
4799,@thetraveler466,Traffic this morning was unreal.,2026-06-22 15:20:00,40,3.0,1.0,en
1519,@dailytraveler231,"Feeling grateful today, small wins count.",2026-02-21 07:21:00,135,9.0,4.0,en
132,@thelife285,"Big news coming soon, stay tuned!",2026-01-03 21:25:00,23,3.0,2.0,en
4139,@truegamer482,Anyone else excited for the weekend?,2026-05-29 21:19:00,24,4.0,3.0,en
1663,@coderchef574,Feliz viernes a todos!,2026-02-27 07:16:00,218,9.0,16.0,es
3050,@mrsoul935,"Big news coming soon, stay tuned!",2026-04-19 17:22:00,138,9.0,,en
3099,@cosmicgamer860,"Working from the coffee shop again, love this place.",2026-04-21 16:31:00,7,1.0,1.0,en
4047,@drgamer893,Anyone else excited for the weekend?,2026-05-26 15:42:00,26,4.0,2.0,en
1446,@silentpanda529,Wat een mooie dag vandaag!,2026-02-19 11:15:00,76,3.0,3.0,nl
4538,@quietnews847,Conference talk today was so inspiring.,2026-06-12 22:52:00,4,2.0,1.0,en
2019,@nightdreamer388,Cooking experiment gone right for once!,2026-03-12 22:35:00,17,0.0,2.0,en
2762,@drlife685,"New blog post is live, check it out!",2026-04-09 18:16:00,51,8.0,3.0,en
4097,@thewanderer819,This is exactly why I love this community.,2026-05-28 17:36:00,8,2.0,2.0,en
3525,@coderdreamer251,,2026-05-07 07:09:00,97,,8.0,de
2596,@msthinker966,Anyone else excited for the weekend?,2026-04-03 08:56:00,40,8.0,1.0,en
4589,@dailyvibes599,Anyone else excited for the weekend?,2026-06-15 14:12:00,57,3.0,3.0,en
2689,@urbanwanderer741,Finally finished my project after weeks of work.,2026-04-06 14:21:00,9,1.0,0.0,en
3457,@urbanstudent314,Eindelijk mijn project afgerond.,2026-05-04 12:30:00,15,1.0,2.0,nl
4856,@nightvoice746,This is exactly why I love this community.,2026-06-24 20:55:00,57,4.0,,en
3439,@quiettraveler800,Conference talk today was so inspiring.,2026-05-03 19:07:00,235,6.0,4.0,en
3303,@wildmind106,"Working from the coffee shop again, love this place.",2026-04-28 23:24:00,34,3.0,2.0,en
1940,@urbanvoice918,Cooking experiment gone right for once!,2026-03-09 03:30:00,8,2.0,,en
4704,@codervoice415,Vivement le week-end!,2026-06-19 10:09:00,80,,4.0,fr
3323,@truelife595,Why is nobody talking about this documentary?,2026-04-30 04:16:00,39,1.0,3.0,en
2343,@sunnynews435,Que buen dia para salir a caminar!,2026-03-24 19:59:00,138,12.0,10.0,es
2251,@thefox52,Just tried the new update and it's amazing! #tech,2026-03-20 20:55:00,44,5.0,3.0,en
3769,@nightvoice129,Ich freue mich aufs Wochenende!,2026-05-15 20:39:00,20,5.0,1.0,de
1592,@sunnydreamer992,Que buen dia para salir a caminar!,2026-02-24 10:58:00,25,4.0,2.0,es
2510,@luckythinker140,Was fur ein schoner Tag heute!,2026-03-30 22:45:00,22,4.0,,de
1707,@justwriter143,Je viens de terminer mon projet.,2026-02-28 00:51:00,40,4.0,2.0,fr
118,@mspanda158,This is exactly why I love this community.,2026-01-03 07:21:00,11,0.0,2.0,en
2635,@luckywanderer748,This is exactly why I love this community.,2026-04-03 21:40:00,34,4.0,1.0,en
335,@techstudent671,Eindelijk mijn project afgerond.,2026-01-10 15:57:00,26,5.0,2.0,nl
350,@digitalrunner393,Conference talk today was so inspiring.,2026-01-11 04:26:00,176,19.0,13.0,en
1080,@urbanlife621,Eindelijk mijn project afgerond.,2026-02-06 21:09:00,110,13.0,4.0,nl
495,@codergamer138,This is exactly why I love this community.,2026-01-16 19:45:00,20,2.0,3.0,en
1458,@drchef131,Traffic this morning was unreal.,2026-02-19 22:34:00,18,4.0,1.0,en
4355,@happygamer41,"New blog post is live, check it out!",2026-06-06 03:57:00,22,4.0,,en
1621,@drdev183,Terminando el proyecto por fin.,2026-02-25 15:50:00,32,5.0,,es
4152,@cosmictraveler958,Cooking experiment gone right for once!,2026-05-30 03:10:00,2,2.0,0.0,en
4484,@urbannews229,Vivement le week-end!,2026-06-11 17:04:00,23,3.0,2.0,fr
1972,@dailyartist277,Was fur ein schoner Tag heute!,2026-03-10 18:53:00,51,5.0,1.0,de
4467,@sunnythinker776,"New blog post is live, check it out!",2026-06-11 00:10:00,21,1.0,2.0,en
2207,@luckyrunner277,Finally finished my project after weeks of work.,2026-03-19 20:13:00,53,7.0,,en
2434,@cosmicstudent120,Anyone else excited for the weekend?,2026-03-27 22:29:00,9,2.0,,en
1837,@techtraveler996,Dit nieuws is ongelooflijk.,2026-03-06 01:32:00,147,25.0,3.0,nl
241,@codertraveler458,"Big news coming soon, stay tuned!",2026-01-08 08:02:00,36,,2.0,en
4305,@quietvoice816,Cooking experiment gone right for once!,2026-06-05 12:11:00,32,4.0,1.0,en
1593,@techartist141,Conference talk today was so inspiring.,2026-02-24 11:19:00,57,4.0,,en
2150,@codersoul455,Wat een mooie dag vandaag!,2026-03-17 07:21:00,36,5.0,2.0,nl
3816,@thelife285,Cooking experiment gone right for once!,2026-05-17 22:21:00,28,5.0,3.0,en
1782,@thelife285,"New blog post is live, check it out!",2026-03-03 15:39:00,108,3.0,3.0,en
736,@cosmicvibes338,Anyone else excited for the weekend?,2026-01-25 04:36:00,38,,0.0,en
1904,@drartist738,Traffic this morning was unreal.,2026-03-07 14:14:00,19,1.0,2.0,en
4030,@mslife259,Just adopted a puppy and I'm obsessed.,2026-05-26 01:29:00,22,6.0,1.0,en
2426,@techvoice275,Conference talk today was so inspiring.,2026-03-27 21:00:00,189,23.0,4.0,en
4547,@quietthinker269,This is exactly why I love this community.,2026-06-13 04:52:00,39,9.0,0.0,en
4691,@happypanda124,Just tried the new update and it's amazing! #tech,2026-06-18 22:29:00,148,13.0,7.0,en
1897,@techsoul134,Finally finished my project after weeks of work.,2026-03-07 07:12:00,13,2.0,2.0,en
4386,@wildexplorer290,Quelle belle journee aujourd'hui!,2026-06-07 06:20:00,12,0.0,2.0,fr
2213,@happyrunner800,Endlich mein Projekt fertig.,2026-03-20 01:09:00,35,5.0,2.0,de
622,@quietrunner431,Reading a great book on data science right now.,2026-01-20 22:57:00,13,,,en
2421,@coderstudent202,Just tried the new update and it's amazing! #tech,2026-03-27 20:20:00,58,6.0,4.0,en
1736,@msrunner579,Cooking experiment gone right for once!,2026-03-01 09:19:00,35,,2.0,en
305,@dailylife711,No puedo creer las noticias de hoy.,2026-01-09 21:34:00,5,1.0,0.0,es
515,@truepanda203,Vivement le week-end!,2026-01-16 21:45:00,118,12.0,3.0,fr
3018,@dailylife711,Was fur ein schoner Tag heute!,2026-04-18 06:22:00,18,5.0,2.0,de
365,@cosmicgamer542,"Big news coming soon, stay tuned!",2026-01-11 17:20:00,27,,2.0,en
3209,@mrvoice745,Dit nieuws is ongelooflijk.,2026-04-25 13:09:00,42,4.0,1.0,nl
1929,@dailygamer259,Je viens de terminer mon projet.,2026-03-08 16:42:00,11,1.0,0.0,fr
4070,@truedev87,This is exactly why I love this community.,2026-05-27 13:25:00,11,4.0,0.0,en
2353,@drartist738,"New blog post is live, check it out!",2026-03-25 07:24:00,7,,2.0,en
2289,@nighttraveler146,Finally finished my project after weeks of work.,2026-03-22 07:59:00,20,4.0,1.0,en
1037,@drchef61,This is exactly why I love this community.,2026-02-05 23:49:00,6,0.0,2.0,en
4316,@thedreamer525,Je viens de terminer mon projet.,2026-06-05 19:06:00,86,15.0,5.0,fr
858,@techrunner200,Was fur ein schoner Tag heute!,2026-01-30 01:41:00,50,8.0,1.0,de
3576,@thechef632,Endlich mein Projekt fertig.,2026-05-08 21:03:00,165,14.0,7.0,de
614,@mrdev46,Anyone else excited for the weekend?,2026-01-20 15:28:00,39,7.0,3.0,en
4951,@msdreamer316,Je viens de terminer mon projet.,2026-06-27 21:20:00,23,6.0,3.0,fr
3492,@thenews721,Anyone else excited for the weekend?,2026-05-05 23:04:00,80,4.0,1.0,en
4663,@theexplorer402,Reading a great book on data science right now.,2026-06-18 03:43:00,17,4.0,2.0,en
905,@happyvoice838,"New blog post is live, check it out!",2026-01-31 07:29:00,6,1.0,1.0,en
3767,@silentsoul738,Cooking experiment gone right for once!,2026-05-15 20:36:00,96,15.0,4.0,en
1951,@wilddev434,Cooking experiment gone right for once!,2026-03-09 17:00:00,5,0.0,1.0,en
811,@silentdev455,Dit nieuws is ongelooflijk.,2026-01-28 02:15:00,156,21.0,5.0,nl
4111,@silentsoul957,Reading a great book on data science right now.,2026-05-29 08:00:00,17,1.0,2.0,en
2620,@luckyrunner462,"New blog post is live, check it out!",2026-04-03 20:15:00,20,4.0,2.0,en
1379,@urbanartist763,Was fur ein schoner Tag heute!,2026-02-17 00:08:00,51,,3.0,de
1611,@wildmind106,Cooking experiment gone right for once!,2026-02-25 04:00:00,53,4.0,1.0,en
1303,@justlife99,Cooking experiment gone right for once!,2026-02-13 21:15:00,37,3.0,3.0,en
4233,@wildstudent902,This is exactly why I love this community.,2026-06-02 12:09:00,31,6.0,,en
3621,@digitalwriter150,Diese Nachricht ist unglaublich.,2026-05-10 09:40:00,43,6.0,4.0,de
302,@therunner987,Cooking experiment gone right for once!,2026-01-09 21:23:00,101,2.0,4.0,en
503,@therunner406,Je viens de terminer mon projet.,2026-01-16 20:51:00,25,4.0,1.0,fr
3423,@mrsoul935,No puedo creer las noticias de hoy.,2026-05-02 21:22:00,3,,,es
1258,@dailytechupdate,Why is nobody talking about this documentary?,2026-02-13 04:01:00,1015,119.0,61.0,en
202,@sunnydreamer992,Finally finished my project after weeks of work.,2026-01-06 22:55:00,238,8.0,19.0,en
2911,@msdev103,No puedo creer las noticias de hoy.,2026-04-15 05:37:00,21,2.0,0.0,es
4000,@wildstudent902,This is exactly why I love this community.,2026-05-24 20:27:00,73,,6.0,en
4244,@urbanstudent257,Anyone else excited for the weekend?,2026-06-02 22:58:00,30,4.0,3.0,en
2523,@happyvoice637,Vivement le week-end!,2026-03-31 10:49:00,10,,2.0,fr
205,@techvibes115,Traffic this morning was unreal.,2026-01-07 00:44:00,7,3.0,2.0,en
1448,@dailynews763,Endlich mein Projekt fertig.,2026-02-19 13:44:00,6,1.0,1.0,de
2606,@sunnychef401,Vivement le week-end!,2026-04-03 19:03:00,23,6.0,2.0,fr
3365,@sunnystudent968,Finally finished my project after weeks of work.,2026-05-01 17:11:00,12,4.0,2.0,en
1522,@silentstudent864,Can we talk about how good this weather is today?,2026-02-21 12:23:00,136,21.0,4.0,en
3536,@silentmind741,Wat een mooie dag vandaag!,2026-05-07 13:45:00,452,33.0,21.0,nl
772,@msrunner579,Dit nieuws is ongelooflijk.,2026-01-26 12:09:00,158,11.0,,nl
4211,@wildexplorer290,Traffic this morning was unreal.,2026-06-01 07:20:00,46,1.0,4.0,en
4338,@codersoul455,Endlich mein Projekt fertig.,2026-06-05 21:20:00,11,5.0,0.0,de
2651,@sunnywriter90,"Working from the coffee shop again, love this place.",2026-04-04 19:07:00,27,3.0,1.0,en
4356,@mrexplorer610,Ich freue mich aufs Wochenende!,2026-06-06 04:01:00,104,6.0,8.0,de
3857,@thetraveler239,"Working from the coffee shop again, love this place.",2026-05-19 22:12:00,55,7.0,6.0,en
967,@dailypanda23,Just adopted a puppy and I'm obsessed.,2026-02-02 20:11:00,22,3.0,,en
4736,@justnews408,"New blog post is live, check it out!",2026-06-20 00:00:00,23,,3.0,en
2368,@truelife595,Why is nobody talking about this documentary?,2026-03-25 21:04:00,8,5.0,0.0,en
264,@sunnywanderer454,Anyone else excited for the weekend?,2026-01-09 06:38:00,29,6.0,1.0,en
1609,@digitalartist418,"New blog post is live, check it out!",2026-02-25 02:07:00,20,4.0,2.0,en
1710,@mrexplorer753,Anyone else excited for the weekend?,2026-02-28 02:56:00,44,5.0,2.0,en
2579,@dailywriter529,Finally finished my project after weeks of work.,2026-04-02 13:14:00,47,7.0,,en
640,@silentvoice503,,2026-01-21 20:06:00,37,7.0,3.0,fr
4392,@sunnynews853,Que buen dia para salir a caminar!,2026-06-07 09:35:00,34,,2.0,es
875,@thefox52,Just tried the new update and it's amazing! #tech,2026-01-30 19:15:00,34,5.0,2.0,en
3401,@techexplorer296,Cette nouvelle est incroyable.,2026-05-02 02:52:00,23,5.0,0.0,fr
949,@urbanlife82,Can we talk about how good this weather is today?,2026-02-02 03:46:00,14,2.0,,en
4019,@digitalchef759,Je viens de terminer mon projet.,2026-05-25 14:53:00,95,7.0,3.0,fr
4134,@silentlife571,Just adopted a puppy and I'm obsessed.,2026-05-29 20:28:00,32,2.0,0.0,en
3226,@codergamer594,Eindelijk mijn project afgerond.,2026-04-26 02:42:00,28,3.0,1.0,nl
1353,@therunner54,,2026-02-15 19:56:00,36,6.0,,en
4834,@juststudent636,Eindelijk mijn project afgerond.,2026-06-23 21:02:00,22,6.0,1.0,nl
4232,@nightthinker724,Eindelijk mijn project afgerond.,2026-06-02 11:15:00,75,12.0,3.0,nl
287,@realgamer938,Reading a great book on data science right now.,2026-01-09 19:57:00,50,9.0,4.0,en
3575,@therunner32,"Feeling grateful today, small wins count.",2026-05-08 20:56:00,43,8.0,4.0,en
4368,@luckychef807,Conference talk today was so inspiring.,2026-06-06 12:49:00,2,2.0,0.0,en
4881,@cosmicdreamer553,"Big news coming soon, stay tuned!",2026-06-25 23:51:00,157,7.0,5.0,en
3645,@nightvoice129,Reading a great book on data science right now.,2026-05-11 10:03:00,52,4.0,2.0,en
2161,@msgamer981,Terminando el proyecto por fin.,2026-03-17 15:34:00,34,5.0,4.0,es
2229,@happypanda124,Anyone else excited for the weekend?,2026-03-20 16:51:00,71,6.0,4.0,en
4895,@techartist141,Feliz viernes a todos!,2026-06-26 13:20:00,10,1.0,0.0,es
1284,@quietlife367,"New blog post is live, check it out!",2026-02-13 19:48:00,28,4.0,,en
4052,@technews343,Why is nobody talking about this documentary?,2026-05-26 20:19:00,93,13.0,1.0,en
1078,@quiettraveler68,"Big news coming soon, stay tuned!",2026-02-06 21:05:00,3,1.0,2.0,en
4563,@cosmicgamer542,"Big news coming soon, stay tuned!",2026-06-14 05:48:00,70,7.0,,en
677,@msrunner579,Cooking experiment gone right for once!,2026-01-23 11:20:00,66,6.0,4.0,en
3350,@quietwanderer738,"Working from the coffee shop again, love this place.",2026-05-01 03:23:00,1,0.0,1.0,en
4504,@thechef632,Just adopted a puppy and I'm obsessed.,2026-06-12 12:15:00,66,10.0,2.0,en
2954,@justvoice443,Finally finished my project after weeks of work.,2026-04-17 03:41:00,33,3.0,4.0,en
4498,@nightgamer200,Can we talk about how good this weather is today?,2026-06-12 09:01:00,7,1.0,1.0,en
3865,@happypanda983,Why is nobody talking about this documentary?,2026-05-20 03:00:00,7,2.0,0.0,en
4870,@wildtraveler520,Just tried the new update and it's amazing! #tech,2026-06-25 11:59:00,78,9.0,,en
356,@cosmicgamer860,,2026-01-11 08:13:00,67,4.0,2.0,en
3829,@silentexplorer319,Why is nobody talking about this documentary?,2026-05-18 07:00:00,19,0.0,,en
3907,@wildgamer534,Ich freue mich aufs Wochenende!,2026-05-21 18:10:00,113,10.0,1.0,de
4776,@dailytechupdate,Why is nobody talking about this documentary?,2026-06-21 17:56:00,678,88.0,32.0,en
3302,@wildstudent902,This is exactly why I love this community.,2026-04-28 22:50:00,65,,5.0,en
2959,@dailytechupdate,Ich freue mich aufs Wochenende!,2026-04-17 06:03:00,584,23.0,16.0,de
1307,@cosmictraveler626,"Big news coming soon, stay tuned!",2026-02-13 21:33:00,304,12.0,13.0,en
3919,@wildpanda661,"Feeling grateful today, small wins count.",2026-05-22 04:36:00,187,22.0,6.0,en
4566,@codervoice415,Endlich mein Projekt fertig.,2026-06-14 09:37:00,17,4.0,2.0,de
3512,@wildthinker540,"Feeling grateful today, small wins count.",2026-05-07 01:08:00,10,2.0,1.0,en
820,@therunner54,,2026-01-28 10:30:00,49,7.0,2.0,en
4909,@quietthinker269,Why is nobody talking about this documentary?,2026-06-26 19:35:00,28,6.0,1.0,en
1306,@digitalartist726,Finally finished my project after weeks of work.,2026-02-13 21:32:00,84,11.0,4.0,en
849,@digitalfox339,Feliz viernes a todos!,2026-01-29 15:36:00,126,15.0,9.0,es
2020,@wildsoul854,Why is nobody talking about this documentary?,2026-03-13 01:14:00,18,5.0,2.0,en
4655,@digitaltraveler160,Just adopted a puppy and I'm obsessed.,2026-06-17 16:23:00,18,4.0,2.0,en
3855,@theartist682,Just tried the new update and it's amazing! #tech,2026-05-19 18:30:00,257,31.0,11.0,en
4730,@quietvibes333,"Big news coming soon, stay tuned!",2026-06-19 21:58:00,41,8.0,4.0,en
1212,@sunnyfox373,Cooking experiment gone right for once!,2026-02-11 07:25:00,47,7.0,4.0,en
142,@therunner987,Cooking experiment gone right for once!,2026-01-04 04:45:00,27,3.0,1.0,en
2349,@sunnyexplorer926,Je viens de terminer mon projet.,2026-03-25 02:33:00,57,3.0,3.0,fr
805,@luckychef502,Que buen dia para salir a caminar!,2026-01-27 21:10:00,14,5.0,0.0,es
5059,@techrunner200,🙂,2026-03-14 10:43:00,2,0.0,1.0,en
637,@silentsoul957,Reading a great book on data science right now.,2026-01-21 15:18:00,37,7.0,3.0,en
1701,@techvibes895,Reading a great book on data science right now.,2026-02-27 20:59:00,29,3.0,2.0,en
1055,@mrexplorer610,Vivement le week-end!,2026-02-06 16:21:00,17,,0.0,fr
1978,@thechef938,This is exactly why I love this community.,2026-03-11 01:28:00,20,5.0,2.0,en
249,@truewanderer361,Quelle belle journee aujourd'hui!,2026-01-08 17:24:00,14,2.0,2.0,fr
4149,@nightgamer200,Can we talk about how good this weather is today?,2026-05-29 22:14:00,40,7.0,3.0,en
1057,@digitalchef762,Can we talk about how good this weather is today?,2026-02-06 18:36:00,133,14.0,8.0,en
4352,@dailyvibes92,Just adopted a puppy and I'm obsessed.,2026-06-06 02:00:00,6,0.0,2.0,en
4169,@cosmicvibes266,Reading a great book on data science right now.,2026-05-31 00:20:00,18,,0.0,en
4012,@digitalgamer420,This is exactly why I love this community.,2026-05-25 06:11:00,101,14.0,5.0,en
3886,@truevibes288,Cooking experiment gone right for once!,2026-05-21 03:21:00,13,2.0,,en
1839,@dailymind151,"New blog post is live, check it out!",2026-03-06 03:18:00,10,1.0,2.0,en
1063,@quietexplorer509,Endlich mein Projekt fertig.,2026-02-06 19:26:00,8,0.0,2.0,de
1567,@mrchef836,This is exactly why I love this community.,2026-02-23 08:03:00,56,5.0,2.0,en
298,@msfox106,Quelle belle journee aujourd'hui!,2026-01-09 21:00:00,27,4.0,0.0,fr
5095,@technews343,!!,2026-04-08 06:06:00,3,0.0,0.0,en
4863,@thelife130,Wat een mooie dag vandaag!,2026-06-25 03:21:00,126,15.0,4.0,nl
4496,@dailytechupdate,Why is nobody talking about this documentary?,2026-06-12 06:11:00,586,58.0,13.0,en
3510,@silentchef208,,2026-05-06 21:48:00,32,4.0,1.0,en
4122,@quietmind15,Endlich mein Projekt fertig.,2026-05-29 19:18:00,8,5.0,2.0,de
4140,@thedev461,Was fur ein schoner Tag heute!,2026-05-29 21:26:00,46,5.0,3.0,de
3470,@mrexplorer753,Anyone else excited for the weekend?,2026-05-05 02:03:00,12,1.0,2.0,en
1838,@mrvoice745,Finally finished my project after weeks of work.,2026-03-06 02:35:00,18,2.0,3.0,en
4296,@nightvibes838,"Feeling grateful today, small wins count.",2026-06-05 02:46:00,18,5.0,3.0,en
3074,@dailylife895,Finally finished my project after weeks of work.,2026-04-20 14:32:00,5,1.0,1.0,en
3332,@mrexplorer753,No puedo creer las noticias de hoy.,2026-04-30 15:18:00,110,16.0,4.0,es
1227,@nightdreamer384,Kan niet wachten op het weekend!,2026-02-11 17:02:00,34,2.0,,nl
957,@techstudent671,"Big news coming soon, stay tuned!",2026-02-02 10:05:00,110,7.0,8.0,en
3091,@sunnytraveler110,Que buen dia para salir a caminar!,2026-04-21 08:21:00,8,0.0,2.0,es
4093,@quietwanderer193,Que buen dia para salir a caminar!,2026-05-28 13:46:00,13,0.0,2.0,es
994,@digitalgamer420,Endlich mein Projekt fertig.,2026-02-04 03:11:00,26,4.0,2.0,de
452,@drrunner405,This is exactly why I love this community.,2026-01-15 09:57:00,8,,2.0,en
3794,@drvoice288,"New blog post is live, check it out!",2026-05-16 15:29:00,23,5.0,1.0,en
3533,@happystudent819,Reading a great book on data science right now.,2026-05-07 11:08:00,16,2.0,1.0,en
3953,@truevibes288,Dit nieuws is ongelooflijk.,2026-05-22 20:42:00,39,4.0,1.0,nl
1817,@coderchef184,Traffic this morning was unreal.,2026-03-05 01:14:00,8,3.0,,en
1773,@nightgamer200,Wat een mooie dag vandaag!,2026-03-03 05:25:00,131,8.0,5.0,nl
3606,@urbanpanda555,Just tried the new update and it's amazing! #tech,2026-05-09 16:04:00,19,0.0,0.0,en
481,@techstudent504,Cooking experiment gone right for once!,2026-01-16 07:25:00,18,4.0,0.0,en
2125,@techstudent104,"Working from the coffee shop again, love this place.",2026-03-16 04:16:00,29,3.0,3.0,en
4805,@wilddreamer783,"Working from the coffee shop again, love this place.",2026-06-22 19:52:00,16,1.0,2.0,en
764,@truedreamer447,Can we talk about how good this weather is today?,2026-01-25 23:29:00,25,4.0,3.0,en
1731,@quietrunner431,Reading a great book on data science right now.,2026-03-01 04:43:00,102,12.0,6.0,en
526,@digitalgamer420,This is exactly why I love this community.,2026-01-17 03:33:00,39,1.0,,en
4918,@drsoul588,"Big news coming soon, stay tuned!",2026-06-26 20:52:00,29,4.0,2.0,en
4635,@coderdev433,"Big news coming soon, stay tuned!",2026-06-17 00:43:00,28,3.0,2.0,en
474,@luckyfox758,Just adopted a puppy and I'm obsessed.,2026-01-15 23:58:00,11,4.0,2.0,en
4176,@therunner54,Cooking experiment gone right for once!,2026-05-31 04:11:00,49,7.0,2.0,en
4112,@wilddreamer458,Terminando el proyecto por fin.,2026-05-29 08:40:00,22,1.0,,es
1723,@dailylife711,Feliz viernes a todos!,2026-02-28 21:22:00,55,4.0,5.0,es
2111,@sunnylife280,Traffic this morning was unreal.,2026-03-15 12:14:00,5,4.0,1.0,en
3247,@techexplorer296,Cooking experiment gone right for once!,2026-04-26 19:43:00,25,3.0,2.0,en
2854,@mrchef836,This is exactly why I love this community.,2026-04-12 18:42:00,15,3.0,2.0,en
1081,@happysoul423,Wat een mooie dag vandaag!,2026-02-06 21:15:00,111,17.0,5.0,nl
2776,@dailywriter529,Terminando el proyecto por fin.,2026-04-10 08:17:00,16,2.0,1.0,es
725,@msdev103,Anyone else excited for the weekend?,2026-01-24 07:40:00,180,7.0,12.0,en
351,@nightdev849,"Working from the coffee shop again, love this place.",2026-01-11 04:29:00,67,11.0,5.0,en
766,@realtraveler885,Feliz viernes a todos!,2026-01-26 02:25:00,79,7.0,8.0,es
4032,@codertraveler952,Just adopted a puppy and I'm obsessed.,2026-05-26 04:31:00,11,5.0,2.0,en
189,@nightthinker801,"Working from the coffee shop again, love this place.",2026-01-06 09:33:00,50,5.0,1.0,en
3634,@drvoice288,Que buen dia para salir a caminar!,2026-05-10 22:13:00,46,9.0,3.0,es
3150,@luckydev635,Traffic this morning was unreal.,2026-04-24 04:32:00,114,17.0,6.0,en
2534,@nightgamer145,Conference talk today was so inspiring.,2026-03-31 22:07:00,7,1.0,0.0,en
3989,@wildmind106,"Working from the coffee shop again, love this place.",2026-05-24 07:30:00,46,7.0,2.0,en
4608,@urbanmind722,Why is nobody talking about this documentary?,2026-06-15 22:08:00,104,11.0,5.0,en
2445,@digitalwriter446,Anyone else excited for the weekend?,2026-03-28 12:21:00,558,69.0,11.0,en
661,@luckywriter769,Can we talk about how good this weather is today?,2026-01-22 14:16:00,12,0.0,1.0,en
2492,@sunnyfox219,"Big news coming soon, stay tuned!",2026-03-30 03:45:00,40,6.0,4.0,en
1344,@drsoul588,"Feeling grateful today, small wins count.",2026-02-15 08:40:00,49,4.0,5.0,en
418,@dailyvoice75,Can we talk about how good this weather is today?,2026-01-13 21:21:00,26,2.0,2.0,en
1399,@techwriter588,Anyone else excited for the weekend?,2026-02-17 18:56:00,42,6.0,2.0,en
1500,@mrchef836,This is exactly why I love this community.,2026-02-20 20:48:00,51,8.0,2.0,en
3317,@silentvibes978,Anyone else excited for the weekend?,2026-04-29 21:06:00,29,3.0,,en
3715,@digitalchef759,"Feeling grateful today, small wins count.",2026-05-14 16:29:00,40,8.0,0.0,en
3604,@sunnygamer479,Quelle belle journee aujourd'hui!,2026-05-09 15:00:00,13,1.0,0.0,fr
2525,@silentmind741,Was fur ein schoner Tag heute!,2026-03-31 11:06:00,9,4.0,0.0,de
1850,@drartist738,Kan niet wachten op het weekend!,2026-03-06 15:00:00,4,3.0,2.0,nl
3015,@justnews792,Just tried the new update and it's amazing! #tech,2026-04-18 02:24:00,37,8.0,1.0,en
3772,@sunnylife494,Can we talk about how good this weather is today?,2026-05-15 20:45:00,26,5.0,2.0,en
2927,@techvibes895,Can we talk about how good this weather is today?,2026-04-15 19:53:00,339,39.0,13.0,en
4418,@mrfox923,This is exactly why I love this community.,2026-06-08 14:13:00,50,7.0,3.0,en
2033,@thenews721,Anyone else excited for the weekend?,2026-03-13 16:58:00,2,1.0,2.0,en
3676,@reallife371,Can we talk about how good this weather is today?,2026-05-13 03:28:00,55,8.0,3.0,en
3860,@dailygamer259,Why is nobody talking about this documentary?,2026-05-19 23:34:00,30,6.0,3.0,en
2597,@trueexplorer879,Traffic this morning was unreal.,2026-04-03 10:36:00,349,15.0,22.0,en
2585,@urbannews229,"Working from the coffee shop again, love this place.",2026-04-02 18:08:00,15,3.0,1.0,en
4874,@happydev433,Diese Nachricht ist unglaublich.,2026-06-25 13:46:00,19,3.0,0.0,de
4969,@justvoice443,Finally finished my project after weeks of work.,2026-06-28 20:33:00,37,3.0,2.0,en
3600,@silentstudent864,Cette nouvelle est incroyable.,2026-05-09 08:17:00,50,10.0,0.0,fr
611,@happyvoice838,Dit nieuws is ongelooflijk.,2026-01-20 12:44:00,7,1.0,1.0,nl
425,@justmind541,"Working from the coffee shop again, love this place.",2026-01-14 04:38:00,3,0.0,1.0,en
3928,@justrunner59,Reading a great book on data science right now.,2026-05-22 10:41:00,19,,2.0,en
4099,@techartist752,"Working from the coffee shop again, love this place.",2026-05-28 18:32:00,519,80.0,38.0,en
1661,@luckyvoice188,Traffic this morning was unreal.,2026-02-27 06:28:00,14,2.0,1.0,en
4560,@quietvoice816,Vivement le week-end!,2026-06-14 01:02:00,71,6.0,1.0,fr
3291,@silentdreamer438,"New blog post is live, check it out!",2026-04-28 12:56:00,5,1.0,0.0,en
2889,@coderwanderer447,"New blog post is live, check it out!",2026-04-14 07:21:00,10,0.0,2.0,en
4952,@digitalchef759,Kan niet wachten op het weekend!,2026-06-27 23:23:00,44,7.0,4.0,nl
2547,@drnews6,Quelle belle journee aujourd'hui!,2026-04-01 13:08:00,91,12.0,2.0,fr
3632,@realrunner841,Feliz viernes a todos!,2026-05-10 19:36:00,27,4.0,3.0,es
3918,@msdev488,Finally finished my project after weeks of work.,2026-05-22 04:00:00,25,1.0,1.0,en
3306,@wildsoul663,Kan niet wachten op het weekend!,2026-04-29 00:33:00,16,1.0,2.0,nl
86,@mrvoice30,Conference talk today was so inspiring.,2026-01-02 20:24:00,72,7.0,3.0,en
4748,@cosmicmind408,"Working from the coffee shop again, love this place.",2026-06-20 16:43:00,7,2.0,1.0,en
3380,@quietexplorer877,Feliz viernes a todos!,2026-05-01 20:28:00,109,18.0,3.0,es
4743,@silentmind241,Traffic this morning was unreal.,2026-06-20 09:51:00,65,9.0,3.0,en
4006,@wildchef664,Wat een mooie dag vandaag!,2026-05-25 03:36:00,38,4.0,0.0,nl
327,@happyvoice153,"Feeling grateful today, small wins count.",2026-01-10 09:02:00,8,0.0,1.0,en
3243,@msrunner198,Just tried the new update and it's amazing! #tech,2026-04-26 15:34:00,273,28.0,15.0,en
4662,@mrwriter160,Traffic this morning was unreal.,2026-06-18 02:14:00,98,12.0,5.0,en
3246,@dailyfox84,Why is nobody talking about this documentary?,2026-04-26 19:25:00,194,13.0,3.0,en
788,@thedreamer792,Just tried the new update and it's amazing! #tech,2026-01-27 00:52:00,20,2.0,2.0,en
4333,@techtraveler996,Que buen dia para salir a caminar!,2026-06-05 21:00:00,12,3.0,1.0,es
2577,@techstudent671,Just adopted a puppy and I'm obsessed.,2026-04-02 12:44:00,13,1.0,0.0,en
3514,@codersoul455,Cooking experiment gone right for once!,2026-05-07 02:30:00,15,5.0,0.0,en
2864,@techvoice375,Conference talk today was so inspiring.,2026-04-13 04:41:00,99,,4.0,en
1886,@quietdreamer51,Traffic this morning was unreal.,2026-03-07 02:11:00,24,0.0,3.0,en
1369,@coderchef654,Just tried the new update and it's amazing! #tech,2026-02-16 12:41:00,22,4.0,,en
141,@cosmicgamer860,Terminando el proyecto por fin.,2026-01-04 04:13:00,8,5.0,0.0,es
504,@wildpanda661,,2026-01-16 20:59:00,30,7.0,2.0,en
4598,@luckyfox283,Why is nobody talking about this documentary?,2026-06-15 19:27:00,18,3.0,0.0,en
2948,@thechef632,Just adopted a puppy and I'm obsessed.,2026-04-16 20:32:00,21,1.0,0.0,en
90,@techvibes115,Traffic this morning was unreal.,2026-01-02 20:42:00,9,2.0,2.0,en
83,@thewanderer819,Traffic this morning was unreal.,2026-01-02 20:19:00,26,4.0,2.0,en
5041,@dailywriter529,-,2026-04-23 22:21:00,2,1.0,1.0,en
4373,@drfox907,"Feeling grateful today, small wins count.",2026-06-06 16:47:00,20,4.0,1.0,en
3121,@dailychef65,Why is nobody talking about this documentary?,2026-04-23 01:46:00,23,3.0,2.0,en
2333,@urbanartist762,Diese Nachricht ist unglaublich.,2026-03-24 07:11:00,20,6.0,1.0,de
5022,@luckychef502,??,2026-04-16 21:25:00,1,1.0,0.0,en
85,@thewriter521,Eindelijk mijn project afgerond.,2026-01-02 20:23:00,21,0.0,1.0,nl
2184,@quietdreamer51,Dit nieuws is ongelooflijk.,2026-03-18 22:22:00,89,12.0,5.0,nl
62,@realwanderer449,"Big news coming soon, stay tuned!",2026-01-02 18:00:00,15,4.0,2.0,en
1858,@nightthinker724,Anyone else excited for the weekend?,2026-03-06 19:36:00,35,4.0,1.0,en
908,@drrunner405,Dit nieuws is ongelooflijk.,2026-01-31 10:06:00,31,1.0,1.0,nl
3435,@luckyfox283,Finally finished my project after weeks of work.,2026-05-03 13:27:00,18,5.0,1.0,en
458,@nightthinker724,"Feeling grateful today, small wins count.",2026-01-15 16:29:00,83,13.0,4.0,en
4425,@silentdev455,Traffic this morning was unreal.,2026-06-09 00:26:00,257,11.0,7.0,en
4024,@digitalchef762,Finally finished my project after weeks of work.,2026-05-25 18:32:00,7,0.0,2.0,en
3508,@nighttraveler146,Why is nobody talking about this documentary?,2026-05-06 19:54:00,9,2.0,0.0,en
3598,@truevibes288,Anyone else excited for the weekend?,2026-05-09 06:08:00,28,0.0,2.0,en
4144,@reallife832,"Working from the coffee shop again, love this place.",2026-05-29 21:34:00,31,3.0,2.0,en
902,@reallife832,Just tried the new update and it's amazing! #tech,2026-01-30 23:50:00,31,3.0,0.0,en
4832,@drartist738,Feliz viernes a todos!,2026-06-23 20:39:00,52,5.0,,es
1512,@sunnysoul449,Je viens de terminer mon projet.,2026-02-21 01:02:00,2,2.0,,fr
4183,@silentfox36,Can we talk about how good this weather is today?,2026-05-31 09:25:00,29,2.0,4.0,en
2625,@techdreamer505,Reading a great book on data science right now.,2026-04-03 20:43:00,33,2.0,4.0,en
3493,@silentdev455,Diese Nachricht ist unglaublich.,2026-05-06 01:37:00,24,3.0,1.0,de
2220,@sunnydev665,Wat een mooie dag vandaag!,2026-03-20 05:39:00,15,3.0,1.0,nl
2226,@codervoice30,Just adopted a puppy and I'm obsessed.,2026-03-20 13:46:00,19,4.0,,en
3003,@quietexplorer877,Feliz viernes a todos!,2026-04-17 21:36:00,97,8.0,3.0,es
109,@msdreamer316,Cooking experiment gone right for once!,2026-01-02 22:23:00,37,3.0,2.0,en
3747,@coderwanderer867,Cooking experiment gone right for once!,2026-05-15 19:39:00,64,6.0,4.0,en
1618,@coderdev433,"Big news coming soon, stay tuned!",2026-02-25 12:12:00,7,0.0,1.0,en
4279,@wildexplorer402,Anyone else excited for the weekend?,2026-06-04 13:16:00,29,7.0,4.0,en
4878,@dailywriter678,Traffic this morning was unreal.,2026-06-25 18:49:00,19,5.0,2.0,en
872,@codersoul455,Cooking experiment gone right for once!,2026-01-30 17:27:00,9,2.0,2.0,en
3443,@wildsoul854,Eindelijk mijn project afgerond.,2026-05-03 22:35:00,114,,8.0,nl
660,@techvoice375,Conference talk today was so inspiring.,2026-01-22 12:36:00,2,1.0,1.0,en
1590,@thegamer839,Can we talk about how good this weather is today?,2026-02-24 07:59:00,34,6.0,1.0,en
3889,@trueartist216,Just tried the new update and it's amazing! #tech,2026-05-21 07:05:00,37,5.0,0.0,en
3585,@luckyrunner277,Finally finished my project after weeks of work.,2026-05-08 21:44:00,69,3.0,,en
1480,@drfox907,Terminando el proyecto por fin.,2026-02-20 19:18:00,18,4.0,2.0,es
2246,@coderartist746,Just tried the new update and it's amazing! #tech,2026-03-20 20:16:00,10,4.0,,en
4340,@silentchef208,Traffic this morning was unreal.,2026-06-05 21:31:00,43,7.0,4.0,en
2818,@nightsoul653,Que buen dia para salir a caminar!,2026-04-11 04:26:00,181,21.0,,es
2757,@justexplorer571,Cooking experiment gone right for once!,2026-04-09 09:36:00,115,19.0,2.0,en
4363,@nighttraveler146,Finally finished my project after weeks of work.,2026-06-06 09:37:00,7,0.0,1.0,en
4737,@urbandev22,"Feeling grateful today, small wins count.",2026-06-20 00:13:00,35,7.0,,en
528,@quietmind15,Was fur ein schoner Tag heute!,2026-01-17 09:49:00,29,5.0,2.0,de
1062,@justnews792,Conference talk today was so inspiring.,2026-02-06 19:23:00,113,16.0,6.0,en
2777,@quietnews847,Finally finished my project after weeks of work.,2026-04-10 10:06:00,19,1.0,3.0,en
3488,@urbanlife621,Finally finished my project after weeks of work.,2026-05-05 19:05:00,14,4.0,2.0,en
4688,@digitalartist662,Why is nobody talking about this documentary?,2026-06-18 19:26:00,79,8.0,8.0,en
1193,@therunner987,Wat een mooie dag vandaag!,2026-02-10 16:42:00,18,4.0,0.0,nl
3511,@luckyvibes228,Just adopted a puppy and I'm obsessed.,2026-05-06 22:34:00,24,3.0,1.0,en
1814,@msdev598,"Big news coming soon, stay tuned!",2026-03-04 22:22:00,24,3.0,1.0,en
1497,@quietthinker269,This is exactly why I love this community.,2026-02-20 20:28:00,17,6.0,0.0,en
1704,@mrwriter530,Eindelijk mijn project afgerond.,2026-02-27 21:42:00,26,1.0,1.0,nl
2294,@quietlife239,Diese Nachricht ist unglaublich.,2026-03-22 14:23:00,3,4.0,2.0,de
1889,@luckysoul961,No puedo creer las noticias de hoy.,2026-03-07 04:21:00,24,,1.0,es
582,@wildthinker540,Wat een mooie dag vandaag!,2026-01-19 10:53:00,36,5.0,1.0,nl
4916,@dailypanda659,Was fur ein schoner Tag heute!,2026-06-26 20:37:00,4,1.0,0.0,de
2972,@msstudent630,Dit nieuws is ongelooflijk.,2026-04-17 19:19:00,14,1.0,2.0,nl
2600,@realsoul108,Why is nobody talking about this documentary?,2026-04-03 15:07:00,33,6.0,3.0,en
656,@cosmicwriter242,Vivement le week-end!,2026-01-22 08:16:00,53,3.0,0.0,fr
3871,@coderchef184,Vivement le week-end!,2026-05-20 09:17:00,55,7.0,2.0,fr
1830,@drrunner405,"New blog post is live, check it out!",2026-03-05 16:22:00,22,4.0,1.0,en
2483,@thelife285,"New blog post is live, check it out!",2026-03-29 17:51:00,8,3.0,2.0,en
4141,@truewanderer482,This is exactly why I love this community.,2026-05-29 21:28:00,62,6.0,4.0,en
5050,@cosmicvibes266,.,2026-02-26 22:00:00,3,0.0,0.0,en
4330,@happygamer41,Finally finished my project after weeks of work.,2026-06-05 20:30:00,110,15.0,,en
1383,@thewanderer819,This is exactly why I love this community.,2026-02-17 04:03:00,20,4.0,2.0,en
695,@cosmicvibes266,"Feeling grateful today, small wins count.",2026-01-23 19:52:00,15,1.0,1.0,en
1219,@wilddev280,Just adopted a puppy and I'm obsessed.,2026-02-11 11:17:00,57,9.0,,en
2742,@therunner54,Traffic this morning was unreal.,2026-04-08 21:36:00,5,0.0,1.0,en
1865,@truethinker286,Cette nouvelle est incroyable.,2026-03-06 20:25:00,21,5.0,0.0,fr
675,@cosmicchef738,Reading a great book on data science right now.,2026-01-23 09:19:00,12,3.0,2.0,en
2398,@quiettraveler800,No puedo creer las noticias de hoy.,2026-03-27 13:08:00,5,1.0,1.0,es
1252,@msgamer717,"Working from the coffee shop again, love this place.",2026-02-12 21:12:00,54,8.0,2.0,en
1414,@urbanartist285,Just tried the new update and it's amazing! #tech,2026-02-18 05:20:00,101,16.0,5.0,en
3230,@luckyrunner277,Reading a great book on data science right now.,2026-04-26 06:24:00,16,5.0,,en
2780,@urbanpanda555,This is exactly why I love this community.,2026-04-10 15:32:00,55,8.0,5.0,en
4717,@luckythinker618,This is exactly why I love this community.,2026-06-19 20:12:00,19,2.0,1.0,en
3610,@drlife685,Traffic this morning was unreal.,2026-05-09 23:25:00,21,,1.0,en
4946,@nightpanda890,"Big news coming soon, stay tuned!",2026-06-27 17:06:00,89,10.0,3.0,en
3236,@msgamer577,Conference talk today was so inspiring.,2026-04-26 10:33:00,168,18.0,5.0,en
5064,@realdev778,??,2026-04-07 02:07:00,2,0.0,0.0,en
2139,@cosmicartist98,"Big news coming soon, stay tuned!",2026-03-16 21:25:00,39,,2.0,en
363,@thelife562,Why is nobody talking about this documentary?,2026-01-11 16:57:00,2,2.0,,en
1145,@sunnydev298,Conference talk today was so inspiring.,2026-02-09 03:31:00,180,22.0,12.0,en
3169,@mrwriter530,Endlich mein Projekt fertig.,2026-04-24 19:40:00,71,6.0,3.0,de
1606,@cosmicexplorer391,Anyone else excited for the weekend?,2026-02-24 23:41:00,60,8.0,5.0,en
2873,@sunnysoul449,Why is nobody talking about this documentary?,2026-04-13 13:48:00,218,13.0,17.0,en
1555,@luckyrunner277,Conference talk today was so inspiring.,2026-02-23 01:08:00,18,4.0,,en
1135,@quietthinker269,Eindelijk mijn project afgerond.,2026-02-08 17:30:00,76,10.0,4.0,nl
2236,@thewanderer819,Was fur ein schoner Tag heute!,2026-03-20 19:18:00,62,2.0,,de
782,@techsoul614,"New blog post is live, check it out!",2026-01-26 21:07:00,34,2.0,3.0,en
5032,@cosmictraveler413,...,2026-03-02 19:46:00,2,1.0,0.0,en
328,@nightstudent848,Ich freue mich aufs Wochenende!,2026-01-10 10:11:00,295,39.0,19.0,de
953,@quietchef717,Vivement le week-end!,2026-02-02 05:56:00,23,4.0,1.0,fr
4020,@nightlife455,This is exactly why I love this community.,2026-05-25 14:59:00,113,,9.0,en
912,@happyvoice838,Vivement le week-end!,2026-01-31 13:56:00,44,4.0,2.0,fr
128,@justnews161,"New blog post is live, check it out!",2026-01-03 18:37:00,17,4.0,0.0,en
44,@luckyfox246,Quelle belle journee aujourd'hui!,2026-01-02 05:17:00,7,3.0,1.0,fr
4808,@cosmictraveler626,Traffic this morning was unreal.,2026-06-22 23:00:00,6,0.0,0.0,en
2356,@truewanderer361,This is exactly why I love this community.,2026-03-25 11:39:00,16,4.0,,en
3568,@mrfox923,This is exactly why I love this community.,2026-05-08 19:52:00,40,7.0,0.0,en
4037,@cosmicwanderer288,Terminando el proyecto por fin.,2026-05-26 10:23:00,140,13.0,11.0,es
2402,@drartist738,Traffic this morning was unreal.,2026-03-27 15:06:00,20,1.0,1.0,en
3775,@nightthinker765,This is exactly why I love this community.,2026-05-15 21:21:00,14,4.0,0.0,en
2113,@realgamer857,Vivement le week-end!,2026-03-15 14:53:00,36,2.0,1.0,fr
2127,@thelife347,Can we talk about how good this weather is today?,2026-03-16 07:03:00,158,23.0,7.0,en
4939,@justnews237,"New blog post is live, check it out!",2026-06-27 08:11:00,21,3.0,1.0,en
4491,@silentfox36,Can we talk about how good this weather is today?,2026-06-12 00:55:00,28,5.0,1.0,en
471,@silentsoul957,Reading a great book on data science right now.,2026-01-15 22:20:00,213,12.0,6.0,en
1549,@nightsoul653,Can we talk about how good this weather is today?,2026-02-22 19:08:00,94,15.0,6.0,en
3750,@urbanstudent257,This is exactly why I love this community.,2026-05-15 19:50:00,24,4.0,3.0,en
1989,@nightmind504,Just adopted a puppy and I'm obsessed.,2026-03-11 10:32:00,12,3.0,2.0,en
2325,@techfox917,,2026-03-24 02:34:00,35,6.0,4.0,nl
453,@truefox665,Quelle belle journee aujourd'hui!,2026-01-15 12:11:00,19,2.0,1.0,fr
2001,@dailyartist662,"Big news coming soon, stay tuned!",2026-03-12 08:34:00,45,9.0,1.0,en
3102,@msrunner579,Cooking experiment gone right for once!,2026-04-22 02:05:00,19,4.0,2.0,en
1558,@truefox665,Je viens de terminer mon projet.,2026-02-23 04:07:00,11,2.0,0.0,fr
854,@urbanwriter806,Conference talk today was so inspiring.,2026-01-29 19:59:00,25,3.0,1.0,en
1900,@truedreamer722,Why is nobody talking about this documentary?,2026-03-07 10:10:00,133,14.0,9.0,en
3785,@quietmind886,Can we talk about how good this weather is today?,2026-05-16 08:17:00,268,19.0,12.0,en
4153,@cosmicdreamer553,Wat een mooie dag vandaag!,2026-05-30 03:15:00,8,1.0,2.0,nl
2340,@luckyfox246,"Big news coming soon, stay tuned!",2026-03-24 14:57:00,16,2.0,2.0,en
63,@trueexplorer291,Anyone else excited for the weekend?,2026-01-02 18:05:00,13,4.0,1.0,en
58,@sunnyfox6,Why is nobody talking about this documentary?,2026-01-02 15:11:00,16,3.0,2.0,en
170,@cosmicpanda822,Was fur ein schoner Tag heute!,2026-01-05 05:57:00,53,9.0,3.0,de
4036,@digitalexplorer54,"Feeling grateful today, small wins count.",2026-05-26 07:24:00,92,13.0,5.0,en
595,@dailytechupdate,Why is nobody talking about this documentary?,2026-01-19 22:55:00,862,114.0,44.0,en
598,@digitalwriter882,No puedo creer las noticias de hoy.,2026-01-20 02:30:00,139,15.0,5.0,es
959,@truepanda203,Conference talk today was so inspiring.,2026-02-02 13:35:00,13,1.0,0.0,en
850,@thelife562,"Big news coming soon, stay tuned!",2026-01-29 17:53:00,22,3.0,1.0,en
1915,@sunnystudent109,Kan niet wachten op het weekend!,2026-03-08 02:55:00,53,4.0,6.0,nl
876,@quietnews847,Why is nobody talking about this documentary?,2026-01-30 19:23:00,20,3.0,0.0,en
4464,@justwriter143,"Feeling grateful today, small wins count.",2026-06-10 20:50:00,33,5.0,2.0,en
3413,@thedev461,"Working from the coffee shop again, love this place.",2026-05-02 14:18:00,34,3.0,,en
2086,@truevoice465,Kan niet wachten op het weekend!,2026-03-14 14:21:00,5,2.0,2.0,nl
2726,@digitalartist844,Terminando el proyecto por fin.,2026-04-08 12:02:00,11,1.0,2.0,es
2270,@nightstudent848,Que buen dia para salir a caminar!,2026-03-21 07:00:00,471,23.0,20.0,es
2953,@mswriter535,No puedo creer las noticias de hoy.,2026-04-17 02:58:00,41,8.0,1.0,es
2856,@happystudent819,Reading a great book on data science right now.,2026-04-12 20:02:00,10,5.0,0.0,en
3559,@urbanwriter806,Je viens de terminer mon projet.,2026-05-08 16:40:00,4,0.0,1.0,fr
4502,@luckylife2,Traffic this morning was unreal.,2026-06-12 11:22:00,10,0.0,1.0,en
4835,@mssoul242,Why is nobody talking about this documentary?,2026-06-23 21:04:00,64,8.0,4.0,en
3207,@coderfox204,Dit nieuws is ongelooflijk.,2026-04-25 10:46:00,12,,1.0,nl
861,@happytraveler328,Reading a great book on data science right now.,2026-01-30 04:17:00,88,8.0,6.0,en
3588,@digitalvoice610,Conference talk today was so inspiring.,2026-05-08 21:56:00,215,18.0,7.0,en
4487,@thedev461,This is exactly why I love this community.,2026-06-11 19:53:00,11,2.0,0.0,en
2313,@luckyfox758,Just adopted a puppy and I'm obsessed.,2026-03-23 05:47:00,55,10.0,3.0,en
3432,@nightgamer200,Kan niet wachten op het weekend!,2026-05-03 07:59:00,18,3.0,3.0,nl
478,@wildpanda661,,2026-01-16 04:03:00,29,6.0,1.0,en
3765,@realgamer418,"Big news coming soon, stay tuned!",2026-05-15 20:30:00,32,5.0,0.0,en
4218,@dailymind993,Traffic this morning was unreal.,2026-06-01 12:31:00,46,8.0,2.0,en
4622,@digitalwriter446,Anyone else excited for the weekend?,2026-06-16 15:29:00,46,2.0,1.0,en
2849,@realvoice524,Diese Nachricht ist unglaublich.,2026-04-12 11:39:00,46,8.0,3.0,de
1987,@justwriter143,"Feeling grateful today, small wins count.",2026-03-11 09:23:00,139,4.0,7.0,en
3584,@trueartist216,Ich freue mich aufs Wochenende!,2026-05-08 21:44:00,12,2.0,0.0,de
4530,@truesoul152,Eindelijk mijn project afgerond.,2026-06-12 21:25:00,117,12.0,5.0,nl
5104,@dailyrunner531,🙂,2026-05-04 12:05:00,3,0.0,1.0,en
3063,@digitalartist418,"Working from the coffee shop again, love this place.",2026-04-20 04:33:00,72,5.0,4.0,en
2965,@wildvibes314,Can we talk about how good this weather is today?,2026-04-17 12:55:00,27,8.0,2.0,en
2279,@justdreamer694,No puedo creer las noticias de hoy.,2026-03-21 12:51:00,28,6.0,1.0,es
1613,@coderthinker615,Why is nobody talking about this documentary?,2026-02-25 06:05:00,36,,2.0,en
3666,@coderdev433,"Big news coming soon, stay tuned!",2026-05-12 18:51:00,42,5.0,3.0,en
1928,@urbanlife621,Reading a great book on data science right now.,2026-03-08 13:11:00,35,4.0,1.0,en
1673,@cosmicgamer860,Why is nobody talking about this documentary?,2026-02-27 13:01:00,53,7.0,,en
3183,@cosmicpanda822,"Working from the coffee shop again, love this place.",2026-04-24 20:37:00,21,5.0,3.0,en
5117,@sunnystudent109,😴,2026-05-01 10:03:00,0,0.0,1.0,en
4199,@techvibes895,Can we talk about how good this weather is today?,2026-05-31 22:55:00,86,8.0,2.0,en
1523,@codervibes571,Je viens de terminer mon projet.,2026-02-21 12:42:00,45,4.0,3.0,fr
612,@msfox886,Reading a great book on data science right now.,2026-01-20 14:17:00,26,4.0,2.0,en
160,@thefox52,Finally finished my project after weeks of work.,2026-01-04 22:12:00,20,,1.0,en
927,@wildvibes314,Terminando el proyecto por fin.,2026-02-01 04:15:00,106,15.0,8.0,es
4596,@mrwriter160,Wat een mooie dag vandaag!,2026-06-15 18:28:00,167,12.0,6.0,nl
4013,@luckythinker140,"Feeling grateful today, small wins count.",2026-05-25 08:19:00,26,3.0,3.0,en
806,@codersoul455,Wat een mooie dag vandaag!,2026-01-27 21:45:00,2,3.0,1.0,nl
3815,@drgamer893,Anyone else excited for the weekend?,2026-05-17 21:45:00,27,4.0,2.0,en
708,@msdev427,Just tried the new update and it's amazing! #tech,2026-01-23 20:57:00,15,3.0,,en
4654,@nightthinker724,"Feeling grateful today, small wins count.",2026-06-17 15:33:00,61,6.0,1.0,en
1993,@digitalwriter882,Reading a great book on data science right now.,2026-03-11 17:28:00,70,13.0,,en
2003,@justnews408,Kan niet wachten op het weekend!,2026-03-12 10:36:00,13,4.0,,nl
765,@msdev427,Just tried the new update and it's amazing! #tech,2026-01-26 01:50:00,15,2.0,1.0,en
4364,@techstudent671,"Big news coming soon, stay tuned!",2026-06-06 09:56:00,31,8.0,2.0,en
3615,@techvibes895,Can we talk about how good this weather is today?,2026-05-10 05:39:00,55,,,en
2050,@luckynews916,"Big news coming soon, stay tuned!",2026-03-13 20:40:00,79,12.0,5.0,en
1285,@quietnews847,Cette nouvelle est incroyable.,2026-02-13 19:49:00,30,4.0,2.0,fr
2241,@mrvoice745,Finally finished my project after weeks of work.,2026-03-20 19:51:00,20,4.0,1.0,en
3762,@cosmicwanderer222,Conference talk today was so inspiring.,2026-05-15 20:25:00,118,19.0,5.0,en
1255,@cosmicdreamer553,Eindelijk mijn project afgerond.,2026-02-13 01:09:00,22,5.0,1.0,nl
3274,@dailyvibes974,Anyone else excited for the weekend?,2026-04-27 15:57:00,140,6.0,4.0,en
2932,@dailylife711,Can we talk about how good this weather is today?,2026-04-16 00:22:00,13,5.0,1.0,en
1626,@drthinker366,Reading a great book on data science right now.,2026-02-25 19:57:00,9,2.0,0.0,en
3660,@mrdev46,Eindelijk mijn project afgerond.,2026-05-12 14:32:00,5,2.0,1.0,nl
756,@quietvibes333,Reading a great book on data science right now.,2026-01-25 16:23:00,14,2.0,0.0,en
4117,@urbandev22,Que buen dia para salir a caminar!,2026-05-29 18:00:00,18,5.0,2.0,es
4539,@digitalartist418,"New blog post is live, check it out!",2026-06-12 22:55:00,24,6.0,2.0,en
521,@techvibes115,Traffic this morning was unreal.,2026-01-17 00:29:00,37,4.0,1.0,en
2526,@realdev36,Traffic this morning was unreal.,2026-03-31 12:22:00,149,21.0,8.0,en
3292,@nightstudent939,Que buen dia para salir a caminar!,2026-04-28 12:57:00,46,6.0,,es
3368,@happypanda124,Feliz viernes a todos!,2026-05-01 19:18:00,27,6.0,3.0,es
1603,@drthinker366,Why is nobody talking about this documentary?,2026-02-24 18:48:00,146,22.0,10.0,en
143,@luckyfox246,"Working from the coffee shop again, love this place.",2026-01-04 09:37:00,15,1.0,,en
156,@reallife371,Ich freue mich aufs Wochenende!,2026-01-04 20:11:00,11,1.0,1.0,de
1287,@sunnynews100,"Working from the coffee shop again, love this place.",2026-02-13 19:58:00,67,12.0,3.0,en
644,@dailythinker783,No puedo creer las noticias de hoy.,2026-01-21 23:51:00,66,5.0,2.0,es
4120,@realartist272,No puedo creer las noticias de hoy.,2026-05-29 19:06:00,58,8.0,2.0,es
489,@silentfox174,Kan niet wachten op het weekend!,2026-01-16 18:23:00,8,3.0,1.0,nl
184,@cosmicvibes266,"Feeling grateful today, small wins count.",2026-01-06 01:40:00,131,10.0,7.0,en
2399,@luckythinker140,"Feeling grateful today, small wins count.",2026-03-27 13:37:00,34,8.0,4.0,en
2435,@wildgamer534,Cooking experiment gone right for once!,2026-03-27 23:46:00,23,2.0,,en
1936,@theartist36,Kan niet wachten op het weekend!,2026-03-08 22:00:00,12,4.0,2.0,nl
4072,@mssoul242,Kan niet wachten op het weekend!,2026-05-27 15:21:00,69,9.0,4.0,nl
2999,@realrunner841,Conference talk today was so inspiring.,2026-04-17 21:18:00,17,3.0,2.0,en
394,@mrartist788,Que buen dia para salir a caminar!,2026-01-13 01:50:00,106,13.0,6.0,es
657,@technews313,"Big news coming soon, stay tuned!",2026-01-22 09:00:00,57,,5.0,en
1657,@msthinker530,Anyone else excited for the weekend?,2026-02-27 02:57:00,56,11.0,2.0,en
1302,@happysoul423,No puedo creer las noticias de hoy.,2026-02-13 21:12:00,120,6.0,9.0,es
2162,@therunner406,This is exactly why I love this community.,2026-03-17 16:31:00,13,3.0,2.0,en
3192,@realmind514,Endlich mein Projekt fertig.,2026-04-24 21:49:00,23,4.0,1.0,de
1651,@dailyfox546,Feliz viernes a todos!,2026-02-26 23:40:00,9,0.0,1.0,es
680,@quietartist595,,2026-01-23 15:20:00,62,2.0,4.0,fr
1919,@silentmind741,Conference talk today was so inspiring.,2026-03-08 04:21:00,31,2.0,1.0,en
270,@happydev433,Je viens de terminer mon projet.,2026-01-09 12:08:00,27,6.0,2.0,fr
809,@quietmind15,Just adopted a puppy and I'm obsessed.,2026-01-28 01:06:00,56,5.0,4.0,en
385,@trueexplorer291,This is exactly why I love this community.,2026-01-12 02:21:00,23,2.0,2.0,en
372,@wildthinker128,Conference talk today was so inspiring.,2026-01-11 20:14:00,120,15.0,5.0,en
530,@dailytechupdate,"Feeling grateful today, small wins count.",2026-01-17 10:42:00,710,56.0,27.0,en
5083,@silentfox321,😴,2026-06-23 13:27:00,0,1.0,1.0,en
2081,@cosmicthinker904,Why is nobody talking about this documentary?,2026-03-14 11:32:00,21,5.0,1.0,en
3597,@happyvoice637,This is exactly why I love this community.,2026-05-09 05:00:00,20,4.0,2.0,en
1997,@drdev157,Traffic this morning was unreal.,2026-03-12 01:31:00,145,14.0,12.0,en
3707,@mswriter173,Why is nobody talking about this documentary?,2026-05-14 09:59:00,65,7.0,4.0,en
393,@happyvibes58,Why is nobody talking about this documentary?,2026-01-13 01:16:00,9,1.0,2.0,en
3253,@dailythinker783,Je viens de terminer mon projet.,2026-04-27 00:23:00,17,4.0,2.0,fr
3796,@luckygamer372,Why is nobody talking about this documentary?,2026-05-16 19:02:00,65,8.0,3.0,en
5005,@cosmicwriter242,-,2026-01-14 10:36:00,2,1.0,1.0,en
4291,@realrunner841,No puedo creer las noticias de hoy.,2026-06-04 20:55:00,24,2.0,1.0,es
5070,@digitalwanderer674,😴,2026-04-10 23:53:00,1,0.0,1.0,en
6,@luckyrunner26,Quelle belle journee aujourd'hui!,2026-01-01 05:08:00,18,,2.0,fr
2417,@dailytechupdate,Why is nobody talking about this documentary?,2026-03-27 19:53:00,546,52.0,,en
2814,@mssoul242,Reading a great book on data science right now.,2026-04-11 00:05:00,8,2.0,0.0,en
4188,@msthinker764,"Feeling grateful today, small wins count.",2026-05-31 14:36:00,50,2.0,,en
2205,@digitalsoul866,Anyone else excited for the weekend?,2026-03-19 15:35:00,6,1.0,1.0,en
3427,@sunnyfox373,Cette nouvelle est incroyable.,2026-05-03 01:34:00,39,8.0,,fr
424,@quietartist595,Feliz viernes a todos!,2026-01-14 02:44:00,23,3.0,3.0,es
4913,@thedev461,This is exactly why I love this community.,2026-06-26 19:46:00,17,2.0,3.0,en
3520,@msthinker917,Cooking experiment gone right for once!,2026-05-07 04:09:00,36,5.0,3.0,en
4809,@truegamer482,This is exactly why I love this community.,2026-06-22 23:23:00,38,3.0,,en
4568,@sunnylife494,Can we talk about how good this weather is today?,2026-06-14 11:54:00,13,2.0,,en
467,@nightvoice129,Quelle belle journee aujourd'hui!,2026-01-15 21:20:00,104,12.0,5.0,fr
1294,@quiettraveler128,Diese Nachricht ist unglaublich.,2026-02-13 20:39:00,8,0.0,0.0,de
4451,@silentstudent765,Finally finished my project after weeks of work.,2026-06-10 12:44:00,14,3.0,1.0,en
789,@silentgamer114,Cooking experiment gone right for once!,2026-01-27 01:36:00,5,1.0,1.0,en
996,@nightgamer200,Dit nieuws is ongelooflijk.,2026-02-04 04:47:00,27,5.0,2.0,nl
3395,@msthinker530,Anyone else excited for the weekend?,2026-05-01 21:44:00,7,3.0,,en
2011,@dailychef190,Traffic this morning was unreal.,2026-03-12 17:51:00,115,6.0,8.0,en
3899,@sunnynews853,"New blog post is live, check it out!",2026-05-21 14:45:00,240,8.0,17.0,en
3917,@silentdreamer438,"Big news coming soon, stay tuned!",2026-05-22 02:36:00,81,13.0,7.0,en
2056,@dailytechupdate,Finally finished my project after weeks of work.,2026-03-13 21:08:00,656,60.0,,en
1440,@urbantraveler960,"Working from the coffee shop again, love this place.",2026-02-19 03:05:00,86,7.0,2.0,en
4465,@luckyrunner277,Anyone else excited for the weekend?,2026-06-10 21:31:00,90,16.0,3.0,en
1452,@mrdev46,Can we talk about how good this weather is today?,2026-02-19 14:29:00,33,4.0,0.0,en
3384,@quietwanderer193,Traffic this morning was unreal.,2026-05-01 20:46:00,6,3.0,0.0,en
1297,@nightthinker765,This is exactly why I love this community.,2026-02-13 21:01:00,14,3.0,2.0,en
4160,@mssoul776,Anyone else excited for the weekend?,2026-05-30 14:12:00,30,1.0,3.0,en
3190,@dailynews763,"New blog post is live, check it out!",2026-04-24 21:18:00,81,12.0,6.0,en
2122,@techsoul957,Conference talk today was so inspiring.,2026-03-16 00:29:00,138,20.0,,en
2584,@realdev36,Vivement le week-end!,2026-04-02 17:27:00,14,6.0,1.0,fr
371,@nightexplorer406,Can we talk about how good this weather is today?,2026-01-11 19:11:00,16,3.0,2.0,en
3823,@sunnythinker776,"New blog post is live, check it out!",2026-05-18 05:05:00,37,2.0,4.0,en
1128,@realfox601,Finally finished my project after weeks of work.,2026-02-08 09:02:00,197,7.0,9.0,en
5092,@techrunner200,...,2026-01-04 16:53:00,3,1.0,0.0,en
283,@quietpanda434,Conference talk today was so inspiring.,2026-01-09 19:45:00,58,6.0,3.0,en
2603,@trueexplorer291,Traffic this morning was unreal.,2026-04-03 18:30:00,7,2.0,1.0,en
3906,@mrchef470,Traffic this morning was unreal.,2026-05-21 17:50:00,13,3.0,1.0,en
2456,@cosmicwanderer288,"Feeling grateful today, small wins count.",2026-03-28 19:29:00,23,2.0,3.0,en
338,@dailywriter529,Finally finished my project after weeks of work.,2026-01-10 18:19:00,19,1.0,,en
2239,@quietrunner431,Terminando el proyecto por fin.,2026-03-20 19:34:00,220,11.0,16.0,es
4167,@msdreamer242,Finally finished my project after weeks of work.,2026-05-30 20:35:00,8,0.0,0.0,en
3849,@happypanda167,Reading a great book on data science right now.,2026-05-19 07:29:00,8,5.0,2.0,en
2189,@mrwriter530,No puedo creer las noticias de hoy.,2026-03-19 04:28:00,10,1.0,0.0,es
1636,@msgamer577,Conference talk today was so inspiring.,2026-02-26 05:10:00,65,7.0,5.0,en
1843,@digitaltraveler160,This is exactly why I love this community.,2026-03-06 05:47:00,13,5.0,2.0,en
3641,@techchef117,"Feeling grateful today, small wins count.",2026-05-11 06:31:00,20,2.0,1.0,en
2950,@drrunner405,Endlich mein Projekt fertig.,2026-04-16 22:24:00,18,6.0,2.0,de
1029,@nightdev849,Kan niet wachten op het weekend!,2026-02-05 16:32:00,23,4.0,2.0,nl
134,@codergamer138,This is exactly why I love this community.,2026-01-03 22:31:00,31,5.0,2.0,en
1134,@happygamer41,Just adopted a puppy and I'm obsessed.,2026-02-08 16:33:00,14,2.0,2.0,en
586,@drartist738,Quelle belle journee aujourd'hui!,2026-01-19 15:58:00,12,3.0,0.0,fr
2186,@techvibes895,Can we talk about how good this weather is today?,2026-03-19 01:31:00,281,35.0,,en
3912,@dailyvibes599,Cooking experiment gone right for once!,2026-05-21 21:04:00,127,7.0,8.0,en
2206,@msdreamer316,Feliz viernes a todos!,2026-03-19 17:11:00,90,10.0,5.0,es
1972,@dailyartist277,Was fur ein schoner Tag heute!,2026-03-10 18:53:00,51,5.0,1.0,de
4322,@quietrunner149,Finally finished my project after weeks of work.,2026-06-05 19:50:00,13,2.0,1.0,en
112,@quietnews847,Dit nieuws is ongelooflijk.,2026-01-03 02:08:00,20,6.0,2.0,nl
456,@happyrunner56,Reading a great book on data science right now.,2026-01-15 14:48:00,69,6.0,3.0,en
161,@silentfox321,This is exactly why I love this community.,2026-01-04 23:29:00,62,7.0,4.0,en
989,@nightvoice746,This is exactly why I love this community.,2026-02-04 00:25:00,15,2.0,1.0,en
3287,@luckyfox246,"Working from the coffee shop again, love this place.",2026-04-28 07:34:00,38,5.0,4.0,en
237,@quietdev850,This is exactly why I love this community.,2026-01-08 04:24:00,92,,5.0,en
821,@dailyfox116,This is exactly why I love this community.,2026-01-28 10:52:00,16,2.0,0.0,en
3963,@trueexplorer296,Just tried the new update and it's amazing! #tech,2026-05-22 21:53:00,17,2.0,0.0,en
2393,@truefox717,Just tried the new update and it's amazing! #tech,2026-03-27 10:43:00,72,3.0,4.0,en
2097,@sunnywanderer454,Anyone else excited for the weekend?,2026-03-15 00:50:00,16,3.0,2.0,en
4303,@sunnylife494,Can we talk about how good this weather is today?,2026-06-05 10:35:00,20,1.0,1.0,en
2765,@quietnews847,Conference talk today was so inspiring.,2026-04-09 20:02:00,53,5.0,1.0,en
4933,@wildgamer534,Ich freue mich aufs Wochenende!,2026-06-27 02:22:00,25,4.0,1.0,de
3926,@digitalnews238,Finally finished my project after weeks of work.,2026-05-22 09:26:00,38,4.0,3.0,en
3850,@coderthinker615,Was fur ein schoner Tag heute!,2026-05-19 14:31:00,23,4.0,0.0,de
1602,@sunnysoul726,Finally finished my project after weeks of work.,2026-02-24 18:37:00,50,6.0,5.0,en
1447,@silentstudent762,"Feeling grateful today, small wins count.",2026-02-19 11:24:00,49,4.0,,en
1278,@urbanartist548,Cooking experiment gone right for once!,2026-02-13 19:03:00,21,3.0,2.0,en
1068,@luckyrunner462,"Feeling grateful today, small wins count.",2026-02-06 19:53:00,18,3.0,2.0,en
2676,@justthinker414,Cooking experiment gone right for once!,2026-04-06 02:35:00,62,10.0,4.0,en
1464,@quietvibes333,"Working from the coffee shop again, love this place.",2026-02-20 02:26:00,35,1.0,0.0,en
1013,@drartist738,"New blog post is live, check it out!",2026-02-04 22:06:00,17,0.0,2.0,en
4324,@happygamer649,Can we talk about how good this weather is today?,2026-06-05 19:53:00,28,6.0,1.0,en
3245,@coderchef721,Anyone else excited for the weekend?,2026-04-26 18:44:00,6,3.0,0.0,en
3098,@luckyrunner462,"Feeling grateful today, small wins count.",2026-04-21 15:00:00,135,19.0,12.0,en
1520,@luckychef502,Finally finished my project after weeks of work.,2026-02-21 07:32:00,14,0.0,0.0,en
2725,@mssoul242,Why is nobody talking about this documentary?,2026-04-08 11:47:00,23,1.0,1.0,en
4559,@coderrunner754,Reading a great book on data science right now.,2026-06-14 00:56:00,5,3.0,2.0,en
273,@dailytechupdate,Why is nobody talking about this documentary?,2026-01-09 13:46:00,650,46.0,20.0,en
2839,@realwanderer449,Traffic this morning was unreal.,2026-04-12 01:59:00,16,1.0,1.0,en
3708,@sunnydev665,Reading a great book on data science right now.,2026-05-14 11:28:00,25,1.0,1.0,en
4137,@wildmind106,No puedo creer las noticias de hoy.,2026-05-29 20:48:00,23,7.0,3.0,es
1156,@wildexplorer793,Conference talk today was so inspiring.,2026-02-09 11:20:00,64,7.0,3.0,en
697,@silentdev455,Was fur ein schoner Tag heute!,2026-01-23 20:02:00,12,3.0,2.0,de
2730,@digitalexplorer54,Can we talk about how good this weather is today?,2026-04-08 13:28:00,56,8.0,3.0,en
4879,@silentwriter699,Reading a great book on data science right now.,2026-06-25 21:55:00,49,7.0,4.0,en
72,@sunnysoul514,This is exactly why I love this community.,2026-01-02 19:32:00,31,3.0,1.0,en
4671,@reallife832,Just tried the new update and it's amazing! #tech,2026-06-18 10:38:00,79,7.0,6.0,en
150,@quietgamer7,Was fur ein schoner Tag heute!,2026-01-04 14:39:00,7,3.0,0.0,de
3616,@urbanwriter806,Just tried the new update and it's amazing! #tech,2026-05-10 06:18:00,187,12.0,5.0,en
2478,@coderdev433,"Big news coming soon, stay tuned!",2026-03-29 14:17:00,8,2.0,1.0,en
3742,@silentchef208,Que buen dia para salir a caminar!,2026-05-15 19:24:00,6,2.0,1.0,es
45,@nightartist873,Conference talk today was so inspiring.,2026-01-02 05:23:00,72,10.0,2.0,en
1348,@trueexplorer879,Anyone else excited for the weekend?,2026-02-15 14:43:00,62,5.0,4.0,en
103,@sunnyfox6,Anyone else excited for the weekend?,2026-01-02 21:45:00,89,6.0,2.0,en
102,@therunner54,"Working from the coffee shop again, love this place.",2026-01-02 21:41:00,13,0.0,2.0,en
4968,@realdreamer515,Terminando el proyecto por fin.,2026-06-28 18:17:00,52,5.0,,es
4100,@quietpanda738,Cette nouvelle est incroyable.,2026-05-28 19:01:00,86,11.0,,fr
461,@silentlife571,"Feeling grateful today, small wins count.",2026-01-15 18:28:00,27,4.0,2.0,en
91,@luckyrunner277,Just adopted a puppy and I'm obsessed.,2026-01-02 20:44:00,27,2.0,1.0,en
3670,@mssoul242,Reading a great book on data science right now.,2026-05-12 22:22:00,4,1.0,2.0,en
3167,@coderfox932,Wat een mooie dag vandaag!,2026-04-24 19:36:00,28,4.0,0.0,nl
2373,@digitalexplorer54,Just tried the new update and it's amazing! #tech,2026-03-26 06:39:00,21,4.0,2.0,en
1665,@nightdev849,"Working from the coffee shop again, love this place.",2026-02-27 07:39:00,138,15.0,12.0,en
4292,@sunnynews435,Just adopted a puppy and I'm obsessed.,2026-06-04 21:38:00,31,5.0,2.0,en
4203,@codervoice415,"Working from the coffee shop again, love this place.",2026-06-01 01:01:00,25,4.0,2.0,en
4914,@quietdev850,"Feeling grateful today, small wins count.",2026-06-26 19:47:00,69,10.0,2.0,en
557,@quietvibes333,Diese Nachricht ist unglaublich.,2026-01-18 14:03:00,64,8.0,6.0,de
2028,@luckywriter769,Can we talk about how good this weather is today?,2026-03-13 09:34:00,11,4.0,,en
643,@msgamer420,"Working from the coffee shop again, love this place.",2026-01-21 23:45:00,41,,3.0,en
2561,@quiettraveler128,This is exactly why I love this community.,2026-04-02 00:09:00,42,4.0,4.0,en
113,@dailytechupdate,Why is nobody talking about this documentary?,2026-01-03 04:31:00,798,109.0,,en
360,@techwanderer404,Finally finished my project after weeks of work.,2026-01-11 12:21:00,31,6.0,1.0,en
459,@urbanchef688,Feliz viernes a todos!,2026-01-15 17:32:00,18,,0.0,es
3293,@dailywriter148,Terminando el proyecto por fin.,2026-04-28 14:05:00,61,10.0,4.0,es
3691,@trueexplorer291,Je viens de terminer mon projet.,2026-05-13 18:47:00,73,12.0,4.0,fr
2901,@nightstudent939,Finally finished my project after weeks of work.,2026-04-14 18:33:00,5,0.0,0.0,en
1190,@digitalnews238,Diese Nachricht ist unglaublich.,2026-02-10 15:25:00,273,21.0,,de
5007,@drartist738,🙂,2026-01-15 07:57:00,0,1.0,1.0,en
3925,@digitalexplorer54,"New blog post is live, check it out!",2026-05-22 09:23:00,57,2.0,5.0,en
585,@coderwriter454,Just adopted a puppy and I'm obsessed.,2026-01-19 13:29:00,241,26.0,12.0,en
2836,@drlife685,Anyone else excited for the weekend?,2026-04-12 00:27:00,78,6.0,5.0,en
5025,@msdev488,!!,2026-05-23 23:51:00,1,1.0,1.0,en
1032,@luckydev518,Cette nouvelle est incroyable.,2026-02-05 19:24:00,34,4.0,0.0,fr
1841,@wildstudent902,Kan niet wachten op het weekend!,2026-03-06 04:36:00,20,2.0,1.0,nl
2710,@drsoul265,Finally finished my project after weeks of work.,2026-04-07 21:17:00,58,10.0,3.0,en
243,@reallife371,Why is nobody talking about this documentary?,2026-01-08 12:35:00,39,4.0,2.0,en
3139,@msthinker966,Anyone else excited for the weekend?,2026-04-23 18:52:00,17,2.0,2.0,en
313,@therunner406,"Feeling grateful today, small wins count.",2026-01-09 23:54:00,6,4.0,,en
3042,@msdev488,No puedo creer las noticias de hoy.,2026-04-19 12:14:00,25,4.0,3.0,es
4653,@happyrunner56,Reading a great book on data science right now.,2026-06-17 14:00:00,62,10.0,2.0,en
738,@dailysoul400,Feliz viernes a todos!,2026-01-25 05:13:00,78,9.0,4.0,es
3375,@silentexplorer72,,2026-05-01 20:05:00,32,2.0,3.0,en
3343,@digitalfox339,"Big news coming soon, stay tuned!",2026-04-30 20:46:00,79,8.0,4.0,en
1903,@techstudent104,Je viens de terminer mon projet.,2026-03-07 13:57:00,6,0.0,0.0,fr
815,@sunnyvoice739,"Working from the coffee shop again, love this place.",2026-01-28 05:19:00,38,1.0,4.0,en
4424,@sunnyfox6,Anyone else excited for the weekend?,2026-06-09 00:25:00,37,4.0,,en
1207,@digitalwriter446,"Working from the coffee shop again, love this place.",2026-02-11 02:57:00,287,,18.0,en
2345,@cosmiclife650,Traffic this morning was unreal.,2026-03-25 01:10:00,76,11.0,6.0,en
1740,@nightthinker734,"Feeling grateful today, small wins count.",2026-03-01 14:32:00,22,2.0,1.0,en
2907,@truewanderer994,Cooking experiment gone right for once!,2026-04-15 02:38:00,243,16.0,9.0,en
4728,@truewanderer361,Why is nobody talking about this documentary?,2026-06-19 21:46:00,30,1.0,3.0,en
1043,@techstudent671,"Big news coming soon, stay tuned!",2026-02-06 06:20:00,38,3.0,3.0,en
733,@digitalexplorer54,Eindelijk mijn project afgerond.,2026-01-24 21:22:00,20,6.0,1.0,nl
1734,@codernews565,Just adopted a puppy and I'm obsessed.,2026-03-01 08:21:00,12,4.0,1.0,en
4046,@happysoul423,Finally finished my project after weeks of work.,2026-05-26 15:23:00,15,3.0,2.0,en
4219,@justchef525,Wat een mooie dag vandaag!,2026-06-01 13:31:00,13,2.0,1.0,nl
2945,@dailytechupdate,Why is nobody talking about this documentary?,2026-04-16 14:21:00,794,19.0,43.0,en
2847,@truevibes165,Kan niet wachten op het weekend!,2026-04-12 09:40:00,117,4.0,8.0,nl
4740,@truevibes165,"Big news coming soon, stay tuned!",2026-06-20 05:22:00,53,7.0,3.0,en
3010,@mrdev46,Was fur ein schoner Tag heute!,2026-04-18 00:36:00,40,7.0,3.0,de
1325,@justnews408,This is exactly why I love this community.,2026-02-14 12:21:00,45,8.0,2.0,en
3479,@urbangamer144,Anyone else excited for the weekend?,2026-05-05 08:21:00,29,,2.0,en
4367,@happyvoice153,Terminando el proyecto por fin.,2026-06-06 11:38:00,54,5.0,4.0,es
2823,@techstudent504,Conference talk today was so inspiring.,2026-04-11 11:00:00,83,13.0,6.0,en
2385,@thedev461,Wat een mooie dag vandaag!,2026-03-26 18:28:00,32,4.0,2.0,nl
921,@quietnews847,"New blog post is live, check it out!",2026-01-31 23:07:00,10,,2.0,en
3964,@sunnynews435,Dit nieuws is ongelooflijk.,2026-05-23 02:00:00,7,3.0,0.0,nl
2557,@truevibes236,Conference talk today was so inspiring.,2026-04-01 21:26:00,12,4.0,,en
404,@sunnywriter90,Reading a great book on data science right now.,2026-01-13 09:51:00,12,1.0,1.0,en
3820,@happyvibes37,Reading a great book on data science right now.,2026-05-18 03:27:00,16,3.0,1.0,en
524,@realartist272,This is exactly why I love this community.,2026-01-17 02:33:00,11,0.0,1.0,en
324,@luckytraveler504,Quelle belle journee aujourd'hui!,2026-01-10 07:04:00,10,3.0,0.0,fr
348,@sunnyvoice739,Eindelijk mijn project afgerond.,2026-01-11 01:30:00,140,13.0,8.0,nl
3813,@sunnynews100,Quelle belle journee aujourd'hui!,2026-05-17 16:13:00,8,2.0,2.0,fr
3689,@happyvibes58,This is exactly why I love this community.,2026-05-13 14:37:00,31,6.0,2.0,en
3936,@silentmind45,Ich freue mich aufs Wochenende!,2026-05-22 18:08:00,19,,1.0,de
2065,@luckywriter769,Feliz viernes a todos!,2026-03-13 21:55:00,5,4.0,2.0,es
4062,@sunnydev68,Can we talk about how good this weather is today?,2026-05-27 03:19:00,250,19.0,6.0,en
954,@wildpanda661,Just adopted a puppy and I'm obsessed.,2026-02-02 06:23:00,52,9.0,3.0,en
852,@dailytechupdate,Why is nobody talking about this documentary?,2026-01-29 19:02:00,708,96.0,,en
1727,@happyvibes211,Why is nobody talking about this documentary?,2026-03-01 02:07:00,8,2.0,0.0,en
3146,@drdev157,Je viens de terminer mon projet.,2026-04-24 02:25:00,14,5.0,1.0,fr
3085,@cosmicgamer939,Just tried the new update and it's amazing! #tech,2026-04-20 23:14:00,77,10.0,4.0,en
1161,@drrunner405,Vivement le week-end!,2026-02-09 16:14:00,26,1.0,1.0,fr
4710,@therunner54,Endlich mein Projekt fertig.,2026-06-19 19:01:00,15,3.0,0.0,de
2178,@quietrunner431,"Feeling grateful today, small wins count.",2026-03-18 12:36:00,25,5.0,2.0,en
4490,@dailytechupdate,Was fur ein schoner Tag heute!,2026-06-11 22:50:00,1103,75.0,16.0,de
4943,@urbantraveler310,"New blog post is live, check it out!",2026-06-27 11:15:00,37,6.0,,en
3893,@drlife685,Anyone else excited for the weekend?,2026-05-21 10:15:00,17,2.0,1.0,en
4227,@dailytechupdate,Cette nouvelle est incroyable.,2026-06-02 06:24:00,579,89.0,16.0,fr
505,@realrunner705,No puedo creer las noticias de hoy.,2026-01-16 21:00:00,28,2.0,1.0,es
210,@sunnynews435,"New blog post is live, check it out!",2026-01-07 04:13:00,4,0.0,0.0,en
1455,@quietnews847,Conference talk today was so inspiring.,2026-02-19 18:06:00,42,8.0,3.0,en
3528,@truedreamer447,Finally finished my project after weeks of work.,2026-05-07 07:59:00,9,1.0,2.0,en
2201,@truepanda203,Conference talk today was so inspiring.,2026-03-19 14:18:00,3,,0.0,en
714,@happytraveler328,No puedo creer las noticias de hoy.,2026-01-23 21:43:00,54,3.0,3.0,es
4190,@realmind305,Can we talk about how good this weather is today?,2026-05-31 16:25:00,43,3.0,1.0,en
3404,@realchef424,Conference talk today was so inspiring.,2026-05-02 07:14:00,12,3.0,0.0,en
3313,@mrchef470,"Big news coming soon, stay tuned!",2026-04-29 12:53:00,3,0.0,1.0,en
4813,@happyvoice637,"Big news coming soon, stay tuned!",2026-06-23 07:32:00,21,4.0,1.0,en
2918,@digitalgamer420,Vivement le week-end!,2026-04-15 10:34:00,43,6.0,2.0,fr
294,@dailythinker783,Why is nobody talking about this documentary?,2026-01-09 20:44:00,8,0.0,0.0,en
4932,@digitallife302,Diese Nachricht ist unglaublich.,2026-06-27 02:17:00,17,1.0,0.0,de
970,@mssoul242,Why is nobody talking about this documentary?,2026-02-02 22:35:00,10,1.0,2.0,en
1687,@mssoul242,Terminando el proyecto por fin.,2026-02-27 20:00:00,58,5.0,3.0,es
1355,@sunnylife494,Can we talk about how good this weather is today?,2026-02-15 20:49:00,9,0.0,2.0,en
2898,@drvoice288,Why is nobody talking about this documentary?,2026-04-14 14:33:00,39,4.0,4.0,en
1741,@quietlife151,"New blog post is live, check it out!",2026-03-01 15:54:00,32,,,en
1574,@wildexplorer290,Quelle belle journee aujourd'hui!,2026-02-23 14:39:00,23,3.0,0.0,fr
3044,@truewanderer994,Cette nouvelle est incroyable.,2026-04-19 12:31:00,290,22.0,6.0,fr
2411,@quietthinker979,"Feeling grateful today, small wins count.",2026-03-27 19:35:00,106,7.0,5.0,en
1042,@cosmicvibes266,"Feeling grateful today, small wins count.",2026-02-06 04:46:00,35,,0.0,en
4285,@dailytechupdate,Cette nouvelle est incroyable.,2026-06-04 17:58:00,915,69.0,49.0,fr
1188,@quietwanderer195,"Big news coming soon, stay tuned!",2026-02-10 14:38:00,12,2.0,2.0,en
4555,@silentdev771,Why is nobody talking about this documentary?,2026-06-13 15:00:00,108,17.0,,en
1855,@techwanderer832,Why is nobody talking about this documentary?,2026-03-06 19:15:00,14,0.0,,en
220,@luckypanda930,Que buen dia para salir a caminar!,2026-01-07 11:27:00,14,1.0,0.0,es
941,@therunner406,This is exactly why I love this community.,2026-02-01 23:27:00,16,4.0,,en
262,@digitalwriter441,Que buen dia para salir a caminar!,2026-01-09 05:59:00,92,14.0,6.0,es
3353,@luckychef502,Why is nobody talking about this documentary?,2026-05-01 05:31:00,10,1.0,2.0,en
651,@nightsoul653,Que buen dia para salir a caminar!,2026-01-22 03:14:00,171,6.0,,es
3535,@msdev598,"Big news coming soon, stay tuned!",2026-05-07 13:22:00,21,4.0,2.0,en
618,@thenews924,Cooking experiment gone right for once!,2026-01-20 17:47:00,112,9.0,9.0,en
3583,@drnews6,Wat een mooie dag vandaag!,2026-05-08 21:27:00,110,9.0,7.0,nl
1137,@luckyfox246,Cooking experiment gone right for once!,2026-02-08 18:57:00,35,1.0,1.0,en
4321,@thedev705,Eindelijk mijn project afgerond.,2026-06-05 19:48:00,26,4.0,,nl
4131,@silentdreamer438,"Big news coming soon, stay tuned!",2026-05-29 20:12:00,21,1.0,0.0,en
1948,@cosmicgamer860,No puedo creer las noticias de hoy.,2026-03-09 12:45:00,13,3.0,0.0,es
730,@sunnynews100,"Working from the coffee shop again, love this place.",2026-01-24 20:07:00,11,2.0,2.0,en
999,@justrunner59,Ich freue mich aufs Wochenende!,2026-02-04 11:01:00,70,6.0,3.0,de
2720,@urbandev22,Vivement le week-end!,2026-04-08 08:06:00,9,5.0,,fr
4908,@digitallife302,Reading a great book on data science right now.,2026-06-26 19:28:00,64,4.0,7.0,en
4797,@mrchef836,Diese Nachricht ist unglaublich.,2026-06-22 11:25:00,42,4.0,4.0,de
2860,@dailyexplorer949,Just adopted a puppy and I'm obsessed.,2026-04-13 02:51:00,10,1.0,0.0,en
4468,@dailytechupdate,Je viens de terminer mon projet.,2026-06-11 01:28:00,394,44.0,24.0,fr
571,@urbantraveler501,Quelle belle journee aujourd'hui!,2026-01-19 01:08:00,41,2.0,0.0,fr
4066,@drpanda582,Can we talk about how good this weather is today?,2026-05-27 04:33:00,117,5.0,9.0,en
769,@happyvoice637,Terminando el proyecto por fin.,2026-01-26 04:18:00,61,7.0,6.0,es
1831,@msgamer420,Anyone else excited for the weekend?,2026-03-05 17:40:00,105,8.0,6.0,en
4396,@happyvoice838,No puedo creer las noticias de hoy.,2026-06-07 15:50:00,26,3.0,1.0,es
4741,@techstudent623,Just adopted a puppy and I'm obsessed.,2026-06-20 06:43:00,127,8.0,4.0,en
4869,@cosmicvibes266,Reading a great book on data science right now.,2026-06-25 09:43:00,60,7.0,5.0,en
504,@wildpanda661,,2026-01-16 20:59:00,30,7.0,2.0,en
4057,@cosmicvibes266,"New blog post is live, check it out!",2026-05-27 01:14:00,113,4.0,7.0,en
2833,@technews313,"Big news coming soon, stay tuned!",2026-04-11 19:11:00,210,33.0,10.0,en
4436,@cosmicartist98,"Big news coming soon, stay tuned!",2026-06-09 17:26:00,40,1.0,3.0,en
4761,@realmind305,Que buen dia para salir a caminar!,2026-06-21 03:34:00,16,4.0,2.0,es
2783,@realtraveler885,Anyone else excited for the weekend?,2026-04-10 19:20:00,18,3.0,1.0,en
1856,@mssoul776,Conference talk today was so inspiring.,2026-03-06 19:23:00,100,3.0,8.0,en
3228,@justdev621,This is exactly why I love this community.,2026-04-26 03:27:00,28,4.0,3.0,en
5058,@digitalfox339,!!,2026-02-05 12:41:00,2,1.0,1.0,en
615,@luckylife2,"New blog post is live, check it out!",2026-01-20 15:30:00,79,14.0,,en
4714,@cosmicgamer860,"Working from the coffee shop again, love this place.",2026-06-19 19:56:00,5,3.0,2.0,en
1162,@wildthinker540,Conference talk today was so inspiring.,2026-02-09 16:43:00,97,6.0,7.0,en
828,@wilddev280,Just adopted a puppy and I'm obsessed.,2026-01-28 19:40:00,8,2.0,2.0,en
3548,@happysoul147,"New blog post is live, check it out!",2026-05-07 23:41:00,28,2.0,1.0,en
2659,@techchef117,Can we talk about how good this weather is today?,2026-04-05 05:18:00,139,12.0,6.0,en
3475,@thewanderer819,Finally finished my project after weeks of work.,2026-05-05 06:27:00,28,3.0,3.0,en
1960,@mrgamer661,Traffic this morning was unreal.,2026-03-10 09:51:00,63,6.0,,en
3935,@techstudent504,Cooking experiment gone right for once!,2026-05-22 17:41:00,8,1.0,2.0,en
1250,@sunnywanderer454,Anyone else excited for the weekend?,2026-02-12 20:23:00,4,4.0,0.0,en
3833,@mspanda608,Anyone else excited for the weekend?,2026-05-18 11:30:00,63,10.0,4.0,en
291,@trueexplorer291,This is exactly why I love this community.,2026-01-09 20:30:00,13,3.0,1.0,en
227,@urbanstudent257,This is exactly why I love this community.,2026-01-07 16:42:00,72,13.0,2.0,en
5013,@drsoul591,...,2026-02-03 09:33:00,2,1.0,1.0,en
1864,@reallife2,This is exactly why I love this community.,2026-03-06 20:25:00,9,2.0,1.0,en
742,@luckynews916,Diese Nachricht ist unglaublich.,2026-01-25 06:48:00,10,4.0,0.0,de
4795,@mrsoul331,,2026-06-22 10:46:00,17,,2.0,en
2431,@coderdev433,Why is nobody talking about this documentary?,2026-03-27 21:25:00,21,3.0,3.0,en
4738,@cosmicgamer939,Just tried the new update and it's amazing! #tech,2026-06-20 02:45:00,74,9.0,5.0,en
962,@mrsoul935,"Big news coming soon, stay tuned!",2026-02-02 17:14:00,38,7.0,3.0,en
4170,@truevibes165,Feliz viernes a todos!,2026-05-31 00:36:00,10,2.0,1.0,es
3073,@drlife685,Feliz viernes a todos!,2026-04-20 14:16:00,30,6.0,3.0,es
2464,@quiettraveler468,Eindelijk mijn project afgerond.,2026-03-29 02:52:00,12,3.0,2.0,nl
76,@techwanderer404,Quelle belle journee aujourd'hui!,2026-01-02 19:54:00,45,5.0,5.0,fr
719,@wilddev280,,2026-01-23 23:47:00,22,3.0,3.0,en
2016,@quietdreamer85,Wat een mooie dag vandaag!,2026-03-12 20:08:00,34,6.0,2.0,nl
412,@luckyfox283,Can we talk about how good this weather is today?,2026-01-13 17:24:00,89,15.0,8.0,en
1692,@mswriter879,Traffic this morning was unreal.,2026-02-27 20:21:00,20,4.0,2.0,en
3629,@drgamer893,Anyone else excited for the weekend?,2026-05-10 16:13:00,30,0.0,3.0,en
402,@wilddreamer783,Kan niet wachten op het weekend!,2026-01-13 07:55:00,32,0.0,0.0,nl
760,@digitalwriter882,This is exactly why I love this community.,2026-01-25 20:41:00,265,35.0,8.0,en
2152,@urbanpanda555,No puedo creer las noticias de hoy.,2026-03-17 10:17:00,11,2.0,1.0,es
2032,@reallife2,This is exactly why I love this community.,2026-03-13 15:39:00,13,3.0,,en
3923,@sunnysoul514,Cette nouvelle est incroyable.,2026-05-22 09:00:00,54,1.0,2.0,fr
3221,@mrvoice745,Je viens de terminer mon projet.,2026-04-25 20:47:00,41,8.0,,fr
317,@digitalexplorer54,Dit nieuws is ongelooflijk.,2026-01-10 02:34:00,8,4.0,1.0,nl
1197,@quietvibes333,"Big news coming soon, stay tuned!",2026-02-10 20:34:00,12,2.0,,en
2176,@wildgamer534,Cooking experiment gone right for once!,2026-03-18 10:39:00,20,3.0,0.0,en
3430,@sunnyfox6,Anyone else excited for the weekend?,2026-05-03 06:56:00,84,10.0,1.0,en
3904,@msthinker764,"Feeling grateful today, small wins count.",2026-05-21 15:59:00,55,3.0,2.0,en
2268,@realfox601,Je viens de terminer mon projet.,2026-03-21 06:30:00,24,4.0,2.0,fr
5042,@digitalpanda954,.,2026-02-16 07:05:00,2,1.0,0.0,en
464,@wildchef664,Traffic this morning was unreal.,2026-01-15 20:40:00,65,3.0,2.0,en
2521,@dailytechupdate,Can we talk about how good this weather is today?,2026-03-31 09:20:00,753,85.0,60.0,en
1493,@happygamer41,Just adopted a puppy and I'm obsessed.,2026-02-20 19:56:00,192,32.0,14.0,en
3966,@luckylife2,"Big news coming soon, stay tuned!",2026-05-23 06:35:00,129,4.0,9.0,en
1150,@silentdev455,"New blog post is live, check it out!",2026-02-09 07:35:00,36,5.0,3.0,en
774,@dailylife895,Que buen dia para salir a caminar!,2026-01-26 12:34:00,60,5.0,2.0,es
1725,@dailylife895,Finally finished my project after weeks of work.,2026-03-01 00:00:00,65,3.0,,en
839,@wildpanda661,Conference talk today was so inspiring.,2026-01-29 07:20:00,20,5.0,0.0,en
568,@dailyrunner531,"Working from the coffee shop again, love this place.",2026-01-18 23:45:00,26,3.0,2.0,en
3908,@reallife812,Why is nobody talking about this documentary?,2026-05-21 18:38:00,31,2.0,1.0,en
2185,@digitalpanda228,Dit nieuws is ongelooflijk.,2026-03-18 23:26:00,18,4.0,0.0,nl
5015,@dailyvoice75,...,2026-03-07 19:17:00,0,0.0,0.0,en
3473,@drrunner405,Anyone else excited for the weekend?,2026-05-05 06:09:00,34,6.0,0.0,en
925,@themind737,Can we talk about how good this weather is today?,2026-02-01 02:20:00,77,3.0,2.0,en
4729,@msthinker917,"Working from the coffee shop again, love this place.",2026-06-19 21:55:00,26,3.0,3.0,en
3037,@realnews22,Why is nobody talking about this documentary?,2026-04-19 07:32:00,5,2.0,1.0,en
1172,@msgamer577,No puedo creer las noticias de hoy.,2026-02-10 01:58:00,35,4.0,3.0,es
1629,@quietwanderer193,"Big news coming soon, stay tuned!",2026-02-25 22:16:00,50,5.0,5.0,en
325,@nightvoice64,Dit nieuws is ongelooflijk.,2026-01-10 07:30:00,23,5.0,2.0,nl
1979,@quietvoice816,This is exactly why I love this community.,2026-03-11 01:42:00,17,4.0,3.0,en
1236,@silentthinker438,Why is nobody talking about this documentary?,2026-02-12 08:56:00,6,4.0,2.0,en
3630,@wildmind106,Diese Nachricht ist unglaublich.,2026-05-10 18:09:00,31,7.0,2.0,de
3466,@wildvoice536,Conference talk today was so inspiring.,2026-05-04 23:18:00,43,4.0,1.0,en
833,@mrsoul331,"Feeling grateful today, small wins count.",2026-01-29 03:58:00,13,4.0,2.0,en
1309,@quietnews847,Quelle belle journee aujourd'hui!,2026-02-13 21:37:00,47,4.0,3.0,fr
1167,@truesoul152,"Big news coming soon, stay tuned!",2026-02-09 20:11:00,105,,6.0,en
337,@luckychef807,Terminando el proyecto por fin.,2026-01-10 17:39:00,40,2.0,3.0,es
4238,@digitalwriter446,Eindelijk mijn project afgerond.,2026-06-02 16:26:00,16,4.0,1.0,nl
541,@techvibes115,Eindelijk mijn project afgerond.,2026-01-17 20:41:00,21,3.0,0.0,nl
1265,@wilddev434,Endlich mein Projekt fertig.,2026-02-13 06:51:00,35,5.0,2.0,de
3739,@dailytechupdate,"Big news coming soon, stay tuned!",2026-05-15 16:58:00,724,107.0,59.0,en
617,@sunnysoul449,Why is nobody talking about this documentary?,2026-01-20 17:45:00,123,6.0,11.0,en
5047,@trueartist216,😴,2026-05-19 00:49:00,0,0.0,0.0,en
3057,@dailynews763,Just adopted a puppy and I'm obsessed.,2026-04-19 22:41:00,48,4.0,4.0,en
3554,@msfox106,Cooking experiment gone right for once!,2026-05-08 09:39:00,6,3.0,2.0,en
1236,@silentthinker438,Why is nobody talking about this documentary?,2026-02-12 08:56:00,6,4.0,2.0,en
985,@msgamer717,Quelle belle journee aujourd'hui!,2026-02-03 13:20:00,9,3.0,1.0,fr
4410,@msthinker282,"Big news coming soon, stay tuned!",2026-06-08 07:28:00,15,3.0,1.0,en
108,@coderdreamer794,"Working from the coffee shop again, love this place.",2026-01-02 21:59:00,20,5.0,0.0,en
3394,@mstraveler362,"Feeling grateful today, small wins count.",2026-05-01 21:40:00,52,4.0,5.0,en
4475,@techsoul614,Cooking experiment gone right for once!,2026-06-11 05:01:00,47,9.0,2.0,en
3272,@therunner987,Je viens de terminer mon projet.,2026-04-27 14:06:00,3,4.0,,fr
469,@mrthinker789,"Big news coming soon, stay tuned!",2026-01-15 22:06:00,210,14.0,9.0,en
5076,@realtraveler132,!!,2026-03-19 03:13:00,1,0.0,0.0,en
3650,@quietdev850,Terminando el proyecto por fin.,2026-05-11 19:44:00,12,3.0,2.0,es
1160,@drchef131,Conference talk today was so inspiring.,2026-02-09 16:08:00,23,2.0,2.0,en
2712,@techvibes252,Reading a great book on data science right now.,2026-04-07 23:36:00,35,4.0,1.0,en
2541,@silentmind598,Just adopted a puppy and I'm obsessed.,2026-04-01 06:38:00,49,6.0,3.0,en
3198,@quietthinker269,Je viens de terminer mon projet.,2026-04-25 02:38:00,69,9.0,2.0,fr
4533,@mschef852,"Feeling grateful today, small wins count.",2026-06-12 21:37:00,14,2.0,2.0,en
4599,@drpanda582,"Big news coming soon, stay tuned!",2026-06-15 19:53:00,31,3.0,1.0,en
4854,@sunnyfox219,"Big news coming soon, stay tuned!",2026-06-24 19:49:00,35,7.0,0.0,en
4101,@dailyartist662,"New blog post is live, check it out!",2026-05-28 19:39:00,112,11.0,8.0,en
1256,@dailytechupdate,Just adopted a puppy and I'm obsessed.,2026-02-13 01:12:00,541,70.0,23.0,en
319,@techstudent671,Can we talk about how good this weather is today?,2026-01-10 04:15:00,23,3.0,2.0,en
3930,@juststudent636,"Working from the coffee shop again, love this place.",2026-05-22 12:53:00,20,3.0,1.0,en
4249,@realtraveler132,,2026-06-03 06:55:00,9,4.0,2.0,nl
3592,@silentwriter862,Can we talk about how good this weather is today?,2026-05-09 01:11:00,43,4.0,3.0,en
1700,@justrunner59,Quelle belle journee aujourd'hui!,2026-02-27 20:54:00,17,0.0,1.0,fr
2452,@nightstudent939,Je viens de terminer mon projet.,2026-03-28 16:52:00,15,2.0,0.0,fr
1506,@sunnylife280,Cooking experiment gone right for once!,2026-02-20 21:25:00,64,2.0,0.0,en
27,@luckythinker140,"Feeling grateful today, small wins count.",2026-01-01 18:58:00,178,22.0,12.0,en
898,@mrsoul331,This is exactly why I love this community.,2026-01-30 21:36:00,13,1.0,1.0,en
2144,@luckywanderer748,"Feeling grateful today, small wins count.",2026-03-17 03:23:00,52,8.0,4.0,en
1806,@sunnydreamer992,Finally finished my project after weeks of work.,2026-03-04 18:23:00,98,14.0,3.0,en
4793,@quietstudent773,No puedo creer las noticias de hoy.,2026-06-22 09:21:00,37,9.0,1.0,es
1496,@luckyrunner277,Que buen dia para salir a caminar!,2026-02-20 20:20:00,10,0.0,0.0,es
2225,@nightthinker765,Diese Nachricht ist unglaublich.,2026-03-20 12:55:00,172,8.0,4.0,de
4904,@wildtraveler532,This is exactly why I love this community.,2026-06-26 18:04:00,23,0.0,,en
2005,@trueartist840,Just adopted a puppy and I'm obsessed.,2026-03-12 11:38:00,30,3.0,3.0,en
431,@happyvoice838,Feliz viernes a todos!,2026-01-14 10:29:00,13,2.0,1.0,es
3932,@sunnyfox373,Conference talk today was so inspiring.,2026-05-22 15:05:00,25,3.0,,en
1774,@theexplorer402,Anyone else excited for the weekend?,2026-03-03 06:24:00,24,7.0,2.0,en
1778,@mrchef836,This is exactly why I love this community.,2026-03-03 10:21:00,5,2.0,0.0,en
1920,@urbanartist285,Feliz viernes a todos!,2026-03-08 05:35:00,26,3.0,3.0,es
1688,@silentpanda529,"Big news coming soon, stay tuned!",2026-02-27 20:03:00,20,5.0,2.0,en
77,@silentfox36,Eindelijk mijn project afgerond.,2026-01-02 19:58:00,15,1.0,0.0,nl
4979,@truerunner583,Cooking experiment gone right for once!,2026-06-29 05:45:00,48,6.0,1.0,en
4214,@technews313,"Big news coming soon, stay tuned!",2026-06-01 10:21:00,23,3.0,3.0,en
853,@digitalrunner967,Finally finished my project after weeks of work.,2026-01-29 19:23:00,5,0.0,1.0,en
3652,@realgamer418,Just tried the new update and it's amazing! #tech,2026-05-12 01:52:00,289,14.0,12.0,en
4515,@theartist682,Just tried the new update and it's amazing! #tech,2026-06-12 19:37:00,52,5.0,3.0,en
3737,@realsoul108,"New blog post is live, check it out!",2026-05-15 14:49:00,63,6.0,0.0,en
4709,@dailywanderer197,This is exactly why I love this community.,2026-06-19 18:47:00,29,5.0,,en
1793,@silentwriter699,Endlich mein Projekt fertig.,2026-03-04 08:50:00,29,2.0,,de
3360,@quietexplorer877,Just tried the new update and it's amazing! #tech,2026-05-01 14:36:00,22,5.0,1.0,en
2465,@therunner406,This is exactly why I love this community.,2026-03-29 03:18:00,242,27.0,20.0,en
427,@sunnyvoice684,Just adopted a puppy and I'm obsessed.,2026-01-14 06:20:00,54,4.0,2.0,en
94,@realartist719,Reading a great book on data science right now.,2026-01-02 20:57:00,47,6.0,4.0,en
1102,@nightstudent848,"Working from the coffee shop again, love this place.",2026-02-07 09:16:00,67,8.0,0.0,en
3962,@dailyfox546,Kan niet wachten op het weekend!,2026-05-22 21:42:00,104,17.0,7.0,nl
5072,@quietexplorer509,??,2026-01-31 18:08:00,1,1.0,1.0,en
1245,@silentmind241,Can we talk about how good this weather is today?,2026-02-12 16:35:00,49,7.0,2.0,en
159,@sunnylife494,Can we talk about how good this weather is today?,2026-01-04 21:25:00,58,5.0,2.0,en
920,@thetraveler466,Vivement le week-end!,2026-01-31 22:20:00,18,3.0,3.0,fr
181,@mrexplorer610,Dit nieuws is ongelooflijk.,2026-01-05 23:59:00,87,8.0,6.0,nl
4656,@truewanderer361,Why is nobody talking about this documentary?,2026-06-17 18:58:00,18,6.0,3.0,en
213,@realdev36,Conference talk today was so inspiring.,2026-01-07 06:24:00,9,2.0,0.0,en
4781,@truevoice465,Terminando el proyecto por fin.,2026-06-22 00:40:00,33,7.0,3.0,es
1486,@techthinker22,Conference talk today was so inspiring.,2026-02-20 19:36:00,7,0.0,1.0,en
2677,@happyvibes58,Kan niet wachten op het weekend!,2026-04-06 02:51:00,148,10.0,4.0,nl
1647,@justrunner59,Why is nobody talking about this documentary?,2026-02-26 19:12:00,218,26.0,11.0,en
4092,@therunner319,Traffic this morning was unreal.,2026-05-28 11:54:00,37,3.0,1.0,en
3810,@coderchef721,"New blog post is live, check it out!",2026-05-17 12:55:00,434,22.0,,en
87,@therunner406,This is exactly why I love this community.,2026-01-02 20:36:00,44,6.0,,en
1184,@realtraveler885,Anyone else excited for the weekend?,2026-02-10 10:15:00,12,1.0,1.0,en
2296,@coderchef184,Traffic this morning was unreal.,2026-03-22 14:39:00,25,6.0,0.0,en
1849,@luckychef502,Cooking experiment gone right for once!,2026-03-06 12:05:00,18,3.0,2.0,en
1777,@digitalartist844,Dit nieuws is ongelooflijk.,2026-03-03 09:57:00,26,3.0,0.0,nl
793,@quietlife367,Wat een mooie dag vandaag!,2026-01-27 05:56:00,36,5.0,1.0,nl
1082,@silentvibes978,Anyone else excited for the weekend?,2026-02-06 21:19:00,24,4.0,1.0,en
2480,@coderdev433,"Big news coming soon, stay tuned!",2026-03-29 16:39:00,100,9.0,2.0,en
3495,@mrvibes839,"Big news coming soon, stay tuned!",2026-05-06 02:31:00,8,2.0,1.0,en
2776,@dailywriter529,Terminando el proyecto por fin.,2026-04-10 08:17:00,16,2.0,1.0,es
3219,@quietwanderer738,Traffic this morning was unreal.,2026-04-25 19:53:00,7,4.0,0.0,en
144,@drmind640,Quelle belle journee aujourd'hui!,2026-01-04 09:49:00,66,7.0,1.0,fr
468,@dailythinker783,Feliz viernes a todos!,2026-01-15 21:45:00,22,5.0,1.0,es
3845,@msgamer981,Reading a great book on data science right now.,2026-05-19 02:24:00,8,1.0,2.0,en
80,@realgamer418,Traffic this morning was unreal.,2026-01-02 20:13:00,25,2.0,1.0,en
628,@mswriter535,Can we talk about how good this weather is today?,2026-01-21 05:02:00,19,2.0,2.0,en
3012,@wildpanda661,,2026-04-18 01:47:00,15,4.0,2.0,en
4883,@luckyrunner277,Conference talk today was so inspiring.,2026-06-26 02:19:00,9,3.0,1.0,en
572,@wildpanda661,Finally finished my project after weeks of work.,2026-01-19 02:00:00,36,5.0,,en
914,@codergamer594,Cooking experiment gone right for once!,2026-01-31 14:40:00,52,8.0,3.0,en
5057,@digitalartist333,...,2026-06-26 04:46:00,0,0.0,1.0,en
5010,@dailyartist277,-,2026-06-06 01:25:00,1,1.0,1.0,en
261,@happyvoice838,Conference talk today was so inspiring.,2026-01-09 04:56:00,9,1.0,2.0,en
5069,@luckyrunner462,!!,2026-05-18 04:14:00,0,0.0,1.0,en
931,@truedreamer447,Cooking experiment gone right for once!,2026-02-01 06:16:00,39,3.0,1.0,en
5105,@wildfox207,??,2026-01-25 22:34:00,2,0.0,1.0,en
4705,@truevoice465,"Feeling grateful today, small wins count.",2026-06-19 11:25:00,6,4.0,2.0,en
2611,@realwanderer449,Eindelijk mijn project afgerond.,2026-04-03 19:24:00,91,16.0,7.0,nl
2715,@urbanartist285,Just tried the new update and it's amazing! #tech,2026-04-08 05:41:00,26,2.0,2.0,en
4253,@theartist682,Finally finished my project after weeks of work.,2026-06-03 13:37:00,11,4.0,1.0,en
3980,@realgamer418,"Big news coming soon, stay tuned!",2026-05-23 21:36:00,21,1.0,0.0,en
4168,@dailytraveler231,Cette nouvelle est incroyable.,2026-05-30 23:58:00,45,5.0,5.0,fr
4306,@dailychef65,Why is nobody talking about this documentary?,2026-06-05 13:22:00,35,7.0,2.0,en
2009,@coderwriter454,Just adopted a puppy and I'm obsessed.,2026-03-12 13:41:00,8,5.0,1.0,en
1879,@urbandev22,Just tried the new update and it's amazing! #tech,2026-03-06 21:45:00,44,8.0,,en
3223,@quietdev850,"New blog post is live, check it out!",2026-04-26 00:15:00,102,3.0,6.0,en
746,@quietrunner149,Conference talk today was so inspiring.,2026-01-25 08:26:00,12,4.0,0.0,en
4426,@silentfox174,Reading a great book on data science right now.,2026-06-09 00:45:00,31,4.0,2.0,en
3890,@mrnews674,"Working from the coffee shop again, love this place.",2026-05-21 07:27:00,2,1.0,2.0,en
3397,@truedreamer447,Finally finished my project after weeks of work.,2026-05-01 21:48:00,9,3.0,0.0,en
4405,@quietpanda434,Finally finished my project after weeks of work.,2026-06-08 04:06:00,2,3.0,0.0,en
4536,@msdev427,Vivement le week-end!,2026-06-12 21:44:00,24,4.0,0.0,fr
1746,@urbanexplorer713,Just tried the new update and it's amazing! #tech,2026-03-01 23:10:00,9,5.0,1.0,en
2575,@luckyfox283,Ich freue mich aufs Wochenende!,2026-04-02 11:39:00,4,1.0,0.0,de
3778,@nightthinker724,Eindelijk mijn project afgerond.,2026-05-15 21:42:00,19,,,nl
4331,@quietvoice816,"New blog post is live, check it out!",2026-06-05 20:34:00,295,45.0,18.0,en
4142,@quietsoul150,This is exactly why I love this community.,2026-05-29 21:28:00,52,1.0,4.0,en
1924,@dailytechupdate,"Big news coming soon, stay tuned!",2026-03-08 08:38:00,392,15.0,18.0,en
690,@wildpanda875,Ich freue mich aufs Wochenende!,2026-01-23 19:32:00,109,15.0,,de
1079,@theartist682,Just tried the new update and it's amazing! #tech,2026-02-06 21:09:00,9,2.0,2.0,en
536,@sunnylife494,Can we talk about how good this weather is today?,2026-01-17 16:19:00,97,,9.0,en
1398,@realartist719,Que buen dia para salir a caminar!,2026-02-17 18:27:00,10,0.0,2.0,es
783,@dailytechupdate,Why is nobody talking about this documentary?,2026-01-26 21:37:00,547,40.0,41.0,en
4014,@dailychef65,Que buen dia para salir a caminar!,2026-05-25 08:40:00,70,4.0,4.0,es
581,@codergamer594,Was fur ein schoner Tag heute!,2026-01-19 10:08:00,22,7.0,1.0,de
1232,@msdev427,Just tried the new update and it's amazing! #tech,2026-02-11 22:13:00,17,5.0,3.0,en
548,@happypanda124,Anyone else excited for the weekend?,2026-01-18 03:48:00,28,4.0,0.0,en
3843,@drthinker366,Que buen dia para salir a caminar!,2026-05-18 22:30:00,7,1.0,1.0,es
665,@silentstudent915,This is exactly why I love this community.,2026-01-22 18:32:00,32,4.0,1.0,en
4996,@dailytraveler153,Vivement le week-end!,2026-06-29 19:21:00,28,2.0,2.0,fr
2703,@drgamer893,This is exactly why I love this community.,2026-04-07 11:24:00,78,13.0,6.0,en
1119,@coderchef654,Ich freue mich aufs Wochenende!,2026-02-08 04:32:00,35,5.0,0.0,de
551,@mschef831,Just tried the new update and it's amazing! #tech,2026-01-18 07:11:00,27,1.0,3.0,en
3979,@realfox601,Finally finished my project after weeks of work.,2026-05-23 20:28:00,23,5.0,3.0,en
4971,@luckylife2,Traffic this morning was unreal.,2026-06-28 23:27:00,28,3.0,,en
1370,@therunner406,This is exactly why I love this community.,2026-02-16 13:09:00,22,2.0,2.0,en
865,@dailyfox333,Can we talk about how good this weather is today?,2026-01-30 09:28:00,29,4.0,0.0,en
2669,@silentchef208,"Big news coming soon, stay tuned!",2026-04-05 16:39:00,30,6.0,0.0,en
5067,@urbantraveler960,!!,2026-04-20 13:49:00,2,0.0,0.0,en
3160,@justnews322,Anyone else excited for the weekend?,2026-04-24 16:11:00,13,3.0,0.0,en
1060,@truefox717,No puedo creer las noticias de hoy.,2026-02-06 19:14:00,46,4.0,1.0,es
487,@happyvibes58,,2026-01-16 16:10:00,60,9.0,6.0,en
2564,@quiettraveler68,Can we talk about how good this weather is today?,2026-04-02 04:10:00,135,22.0,10.0,en
3619,@mrsoul331,"Working from the coffee shop again, love this place.",2026-05-10 07:51:00,51,11.0,0.0,en
5082,@justdreamer694,👍👍,2026-04-09 02:15:00,0,0.0,0.0,en
3973,@quietlife151,Just adopted a puppy and I'm obsessed.,2026-05-23 14:56:00,40,4.0,0.0,en
4294,@luckyrunner462,Just tried the new update and it's amazing! #tech,2026-06-05 01:00:00,198,,13.0,en
3305,@luckyexplorer123,"Big news coming soon, stay tuned!",2026-04-29 00:20:00,93,14.0,7.0,en
4698,@quietexplorer877,Just tried the new update and it's amazing! #tech,2026-06-19 04:09:00,106,4.0,1.0,en
1466,@mrexplorer610,"Working from the coffee shop again, love this place.",2026-02-20 04:39:00,30,3.0,1.0,en
1195,@silentpanda419,Conference talk today was so inspiring.,2026-02-10 16:57:00,42,9.0,2.0,en
3656,@silentfox321,This is exactly why I love this community.,2026-05-12 06:28:00,6,0.0,0.0,en
5001,@techvibes252,...,2026-04-03 17:14:00,0,0.0,0.0,en
1085,@luckywriter983,"New blog post is live, check it out!",2026-02-06 21:30:00,79,10.0,,en
1643,@drrunner405,Why is nobody talking about this documentary?,2026-02-26 15:54:00,5,1.0,,en
4266,@trueexplorer296,Dit nieuws is ongelooflijk.,2026-06-04 02:40:00,137,19.0,6.0,nl
537,@coderdreamer251,Reading a great book on data science right now.,2026-01-17 18:05:00,167,28.0,6.0,en
2967,@urbanartist874,Feliz viernes a todos!,2026-04-17 15:02:00,6,0.0,0.0,es
4674,@dailywriter863,This is exactly why I love this community.,2026-06-18 11:55:00,33,4.0,3.0,en
2804,@mrnews877,"Big news coming soon, stay tuned!",2026-04-10 21:13:00,8,4.0,1.0,en
2605,@nightvoice129,Reading a great book on data science right now.,2026-04-03 19:01:00,40,6.0,3.0,en
4326,@dailytechupdate,This is exactly why I love this community.,2026-06-05 20:09:00,370,42.0,11.0,en
2782,@silentpanda419,,2026-04-10 17:31:00,24,3.0,1.0,nl
1363,@techmind844,Feliz viernes a todos!,2026-02-16 06:44:00,10,2.0,0.0,es
3721,@reallife812,Why is nobody talking about this documentary?,2026-05-14 22:02:00,102,9.0,1.0,en
1788,@nightstudent616,Just adopted a puppy and I'm obsessed.,2026-03-03 22:29:00,9,4.0,0.0,en
3636,@happylife828,"Working from the coffee shop again, love this place.",2026-05-11 00:01:00,33,1.0,1.0,en
2591,@sunnydreamer992,Finally finished my project after weeks of work.,2026-04-02 23:35:00,92,12.0,2.0,en
1684,@coderstudent202,Just tried the new update and it's amazing! #tech,2026-02-27 19:34:00,25,5.0,1.0,en
892,@drgamer893,Dit nieuws is ongelooflijk.,2026-01-30 21:21:00,22,0.0,0.0,nl
1463,@techstudent623,"Big news coming soon, stay tuned!",2026-02-20 02:16:00,3,,1.0,en
3573,@quietvoice816,Traffic this morning was unreal.,2026-05-08 20:25:00,22,,,en
2165,@mssoul242,Why is nobody talking about this documentary?,2026-03-17 20:52:00,60,7.0,4.0,en
1488,@sunnywriter90,Terminando el proyecto por fin.,2026-02-20 19:39:00,27,6.0,2.0,es
4746,@quietthinker269,This is exactly why I love this community.,2026-06-20 13:31:00,125,21.0,3.0,en
432,@codertraveler952,"Working from the coffee shop again, love this place.",2026-01-14 10:47:00,161,22.0,12.0,en
3999,@mrvoice745,Finally finished my project after weeks of work.,2026-05-24 20:20:00,71,12.0,6.0,en
1810,@dailychef65,Eindelijk mijn project afgerond.,2026-03-04 20:29:00,50,6.0,4.0,nl
1224,@dailychef190,Diese Nachricht ist unglaublich.,2026-02-11 14:34:00,9,0.0,1.0,de
3204,@mrgamer661,Traffic this morning was unreal.,2026-04-25 06:42:00,27,2.0,1.0,en
4961,@techartist752,"New blog post is live, check it out!",2026-06-28 07:44:00,38,2.0,1.0,en
269,@luckythinker618,This is exactly why I love this community.,2026-01-09 11:58:00,35,2.0,4.0,en
158,@justvoice443,Traffic this morning was unreal.,2026-01-04 21:08:00,31,3.0,2.0,en
3203,@realmind305,"Big news coming soon, stay tuned!",2026-04-25 06:37:00,105,5.0,7.0,en
2406,@techexplorer915,Traffic this morning was unreal.,2026-03-27 19:06:00,46,2.0,1.0,en
881,@dailythinker783,Eindelijk mijn project afgerond.,2026-01-30 20:04:00,21,3.0,2.0,nl
4715,@msthinker282,"Big news coming soon, stay tuned!",2026-06-19 20:00:00,64,11.0,5.0,en
718,@realtraveler885,Anyone else excited for the weekend?,2026-01-23 23:29:00,70,4.0,,en
4248,@digitalwriter446,Why is nobody talking about this documentary?,2026-06-03 05:38:00,31,3.0,2.0,en
1569,@happygamer41,Just tried the new update and it's amazing! #tech,2026-02-23 10:24:00,27,4.0,1.0,en
99,@coderthinker974,"Big news coming soon, stay tuned!",2026-01-02 21:25:00,30,2.0,3.0,en
1538,@codervoice415,Terminando el proyecto por fin.,2026-02-22 07:38:00,19,3.0,2.0,es
4516,@mstraveler362,This is exactly why I love this community.,2026-06-12 19:40:00,47,8.0,2.0,en
1158,@urbannews229,Eindelijk mijn project afgerond.,2026-02-09 13:00:00,30,5.0,3.0,nl
2129,@mrchef836,Feliz viernes a todos!,2026-03-16 07:45:00,10,4.0,0.0,es
3406,@urbanlife82,Feliz viernes a todos!,2026-05-02 08:46:00,5,4.0,2.0,es
2156,@mslife308,Endlich mein Projekt fertig.,2026-03-17 13:36:00,55,8.0,4.0,de
4346,@truevoice35,Finally finished my project after weeks of work.,2026-06-05 21:58:00,65,6.0,4.0,en
4235,@urbanlife82,Reading a great book on data science right now.,2026-06-02 13:40:00,24,2.0,3.0,en
565,@quietvibes721,Why is nobody talking about this documentary?,2026-01-18 21:16:00,35,,4.0,en
591,@nightfox415,Just adopted a puppy and I'm obsessed.,2026-01-19 19:21:00,121,17.0,7.0,en
49,@realartist719,"Working from the coffee shop again, love this place.",2026-01-02 08:00:00,25,1.0,1.0,en
3091,@sunnytraveler110,Que buen dia para salir a caminar!,2026-04-21 08:21:00,8,0.0,2.0,es
3056,@codertraveler458,Just tried the new update and it's amazing! #tech,2026-04-19 22:22:00,58,9.0,2.0,en
3861,@urbanrunner384,Just tried the new update and it's amazing! #tech,2026-05-20 00:34:00,107,16.0,1.0,en
5110,@dailyartist662,-,2026-03-21 04:00:00,3,1.0,1.0,en
2555,@coderthinker615,Was fur ein schoner Tag heute!,2026-04-01 19:31:00,22,1.0,2.0,de
3410,@dailytechupdate,Ich freue mich aufs Wochenende!,2026-05-02 12:41:00,752,22.0,18.0,de
4263,@nightdev849,Quelle belle journee aujourd'hui!,2026-06-04 01:22:00,10,3.0,2.0,fr
534,@quietthinker647,No puedo creer las noticias de hoy.,2026-01-17 15:16:00,24,4.0,,es
2319,@silentmind598,Vivement le week-end!,2026-03-23 17:44:00,150,8.0,3.0,fr
1166,@drdev183,Vivement le week-end!,2026-02-09 19:20:00,87,9.0,5.0,fr
4520,@trueexplorer981,Was fur ein schoner Tag heute!,2026-06-12 20:01:00,15,4.0,2.0,de
3888,@truenews347,This is exactly why I love this community.,2026-05-21 05:10:00,111,,6.0,en
4003,@truevibes236,Conference talk today was so inspiring.,2026-05-25 00:15:00,3,3.0,2.0,en
4817,@cosmicgamer542,Kan niet wachten op het weekend!,2026-06-23 10:46:00,55,6.0,5.0,nl
4792,@drdev183,Que buen dia para salir a caminar!,2026-06-22 09:07:00,97,7.0,2.0,es
648,@dailyvibes974,Anyone else excited for the weekend?,2026-01-22 01:34:00,2,2.0,,en
3852,@luckywriter983,,2026-05-19 16:27:00,180,28.0,8.0,en
846,@msthinker197,Why is nobody talking about this documentary?,2026-01-29 14:01:00,3,3.0,2.0,en
2990,@sunnystudent968,Finally finished my project after weeks of work.,2026-04-17 20:38:00,36,0.0,1.0,en
3152,@truedreamer447,Finally finished my project after weeks of work.,2026-04-24 09:59:00,15,2.0,1.0,en
4398,@digitalwriter150,This is exactly why I love this community.,2026-06-07 19:30:00,31,8.0,1.0,en
1976,@justwriter143,"Big news coming soon, stay tuned!",2026-03-11 00:53:00,11,3.0,2.0,en
2271,@happyvibes37,Ich freue mich aufs Wochenende!,2026-03-21 07:14:00,23,2.0,0.0,de
39,@drvoice288,Vivement le week-end!,2026-01-02 03:06:00,30,3.0,2.0,fr
1834,@nightfox415,Que buen dia para salir a caminar!,2026-03-05 21:11:00,118,13.0,4.0,es
4289,@mrmind444,Eindelijk mijn project afgerond.,2026-06-04 20:16:00,18,4.0,1.0,nl
1531,@cosmicsoul411,Cooking experiment gone right for once!,2026-02-21 22:32:00,48,2.0,3.0,en
762,@mrsoul935,"Big news coming soon, stay tuned!",2026-01-25 22:16:00,22,6.0,,en
735,@coderdev433,"Big news coming soon, stay tuned!",2026-01-25 04:31:00,151,15.0,4.0,en
2691,@coderchef654,"Big news coming soon, stay tuned!",2026-04-06 16:09:00,42,7.0,4.0,en
3480,@mrvoice745,Quelle belle journee aujourd'hui!,2026-05-05 09:02:00,58,5.0,2.0,fr
3388,@quietvoice816,This is exactly why I love this community.,2026-05-01 21:17:00,43,3.0,,en
1729,@justwriter143,"Feeling grateful today, small wins count.",2026-03-01 03:24:00,62,6.0,3.0,en
1635,@cosmicpanda822,No puedo creer las noticias de hoy.,2026-02-26 03:07:00,19,4.0,2.0,es
3832,@nightstudent848,"Working from the coffee shop again, love this place.",2026-05-18 09:30:00,23,2.0,3.0,en
3633,@nightartist873,Eindelijk mijn project afgerond.,2026-05-10 20:48:00,5,0.0,0.0,nl
2014,@luckydev518,No puedo creer las noticias de hoy.,2026-03-12 19:37:00,117,7.0,6.0,es
4859,@cosmicsoul800,Why is nobody talking about this documentary?,2026-06-24 22:42:00,9,5.0,0.0,en
2278,@msrunner579,"Feeling grateful today, small wins count.",2026-03-21 12:41:00,105,12.0,8.0,en
2497,@dailytechupdate,Why is nobody talking about this documentary?,2026-03-30 08:58:00,546,56.0,18.0,en
4967,@realfox601,"Big news coming soon, stay tuned!",2026-06-28 17:07:00,104,12.0,,en
1225,@justmind588,Cooking experiment gone right for once!,2026-02-11 14:52:00,20,4.0,0.0,en
3367,@silentfox36,Can we talk about how good this weather is today?,2026-05-01 18:52:00,6,0.0,2.0,en
1966,@urbanpanda555,Just adopted a puppy and I'm obsessed.,2026-03-10 12:17:00,73,7.0,5.0,en
3275,@justwanderer572,Wat een mooie dag vandaag!,2026-04-27 16:23:00,16,3.0,3.0,nl
3080,@msrunner198,Reading a great book on data science right now.,2026-04-20 19:24:00,16,3.0,3.0,en
3883,@justrunner59,Reading a great book on data science right now.,2026-05-21 01:54:00,17,4.0,,en
2290,@mrlife845,Why is nobody talking about this documentary?,2026-03-22 09:28:00,18,4.0,1.0,en
3170,@urbanwanderer741,Vivement le week-end!,2026-04-24 19:41:00,74,11.0,6.0,fr
1564,@quietsoul150,Quelle belle journee aujourd'hui!,2026-02-23 07:09:00,19,3.0,0.0,fr
316,@justnews161,Cette nouvelle est incroyable.,2026-01-10 02:26:00,2,1.0,1.0,fr
24,@silentpanda222,"New blog post is live, check it out!",2026-01-01 16:02:00,20,2.0,,en
4649,@techwriter588,Can we talk about how good this weather is today?,2026-06-17 10:52:00,8,0.0,1.0,en
1876,@drchef61,Quelle belle journee aujourd'hui!,2026-03-06 21:36:00,1,3.0,0.0,fr
2711,@quietlife151,This is exactly why I love this community.,2026-04-07 21:25:00,21,5.0,1.0,en
1676,@technews506,"Feeling grateful today, small wins count.",2026-02-27 17:50:00,2,3.0,1.0,en
2390,@quiettraveler68,Endlich mein Projekt fertig.,2026-03-27 09:07:00,156,23.0,4.0,de
3059,@drartist738,Dit nieuws is ongelooflijk.,2026-04-19 23:48:00,25,2.0,3.0,nl
1642,@techartist752,"New blog post is live, check it out!",2026-02-26 14:41:00,15,,0.0,en
1623,@nighttraveler146,Cette nouvelle est incroyable.,2026-02-25 16:49:00,58,10.0,1.0,fr
872,@codersoul455,Cooking experiment gone right for once!,2026-01-30 17:27:00,9,2.0,2.0,en
4083,@urbanthinker660,Just tried the new update and it's amazing! #tech,2026-05-27 23:54:00,182,16.0,11.0,en
2522,@truevibes165,No puedo creer las noticias de hoy.,2026-03-31 09:34:00,10,2.0,0.0,es
447,@silentartist366,Terminando el proyecto por fin.,2026-01-15 07:00:00,59,4.0,4.0,es
763,@luckywriter769,Can we talk about how good this weather is today?,2026-01-25 22:21:00,5,3.0,2.0,en
1819,@cosmicwanderer222,Dit nieuws is ongelooflijk.,2026-03-05 04:46:00,15,4.0,3.0,nl
4855,@techchef117,Can we talk about how good this weather is today?,2026-06-24 20:43:00,128,4.0,3.0,en
322,@msstudent408,Just tried the new update and it's amazing! #tech,2026-01-10 06:12:00,19,2.0,2.0,en
4299,@happyrunner56,Je viens de terminer mon projet.,2026-06-05 05:32:00,20,5.0,2.0,fr
1772,@silentwanderer253,Je viens de terminer mon projet.,2026-03-03 05:10:00,54,11.0,1.0,fr
625,@wildsoul854,Terminando el proyecto por fin.,2026-01-21 04:19:00,167,27.0,,es
4679,@sunnyfox219,Kan niet wachten op het weekend!,2026-06-18 15:05:00,59,7.0,3.0,nl
5106,@silentwriter699,-,2026-01-16 08:09:00,0,1.0,1.0,en
4523,@silentstudent864,Que buen dia para salir a caminar!,2026-06-12 20:24:00,51,7.0,2.0,es
3422,@wildtraveler520,"Big news coming soon, stay tuned!",2026-05-02 21:10:00,16,3.0,2.0,en
151,@silentwanderer253,"Feeling grateful today, small wins count.",2026-01-04 16:06:00,72,6.0,0.0,en
4712,@justvoice443,Cette nouvelle est incroyable.,2026-06-19 19:39:00,18,3.0,,fr
3578,@coderthinker615,Why is nobody talking about this documentary?,2026-05-08 21:08:00,132,9.0,4.0,en
3316,@silentchef208,"New blog post is live, check it out!",2026-04-29 19:23:00,9,1.0,1.0,en
215,@digitalsoul835,Terminando el proyecto por fin.,2026-01-07 09:33:00,30,7.0,1.0,es
3112,@urbanpanda555,Traffic this morning was unreal.,2026-04-22 16:37:00,15,4.0,1.0,en
997,@urbanstudent257,Je viens de terminer mon projet.,2026-02-04 05:18:00,4,4.0,,fr
1767,@wildgamer534,"Working from the coffee shop again, love this place.",2026-03-03 00:27:00,5,4.0,0.0,en
3562,@luckynews916,Eindelijk mijn project afgerond.,2026-05-08 18:57:00,77,3.0,4.0,nl
3815,@drgamer893,Anyone else excited for the weekend?,2026-05-17 21:45:00,27,4.0,2.0,en
4420,@cosmicwanderer222,Dit nieuws is ongelooflijk.,2026-06-08 16:41:00,33,1.0,3.0,nl
2681,@luckynews916,"Big news coming soon, stay tuned!",2026-04-06 04:37:00,9,2.0,0.0,en
3686,@sunnywanderer454,Anyone else excited for the weekend?,2026-05-13 11:07:00,20,2.0,2.0,en
4682,@coderartist746,Why is nobody talking about this documentary?,2026-06-18 17:36:00,97,4.0,8.0,en
3698,@dailytechupdate,Finally finished my project after weeks of work.,2026-05-13 22:50:00,619,80.0,20.0,en
33,@sunnynews853,"New blog post is live, check it out!",2026-01-02 00:22:00,21,4.0,2.0,en
915,@drthinker366,Can we talk about how good this weather is today?,2026-01-31 14:48:00,57,3.0,1.0,en
12,@justnews408,This is exactly why I love this community.,2026-01-01 10:08:00,226,9.0,11.0,en
3172,@reallife371,Finally finished my project after weeks of work.,2026-04-24 19:42:00,27,3.0,1.0,en
2300,@msvibes786,Just adopted a puppy and I'm obsessed.,2026-03-22 17:22:00,42,5.0,2.0,en
5078,@mrthinker789,!!,2026-04-11 13:54:00,0,0.0,0.0,en
1230,@cosmicwriter242,Eindelijk mijn project afgerond.,2026-02-11 21:09:00,8,4.0,2.0,nl
4888,@silentwriter862,Traffic this morning was unreal.,2026-06-26 04:24:00,73,9.0,,en
1337,@mrgamer661,Can we talk about how good this weather is today?,2026-02-15 02:49:00,12,4.0,2.0,en
2098,@reallife812,Quelle belle journee aujourd'hui!,2026-03-15 02:00:00,67,12.0,5.0,fr
3792,@justrunner59,Reading a great book on data science right now.,2026-05-16 13:34:00,38,4.0,1.0,en
4130,@mssoul499,Terminando el proyecto por fin.,2026-05-29 20:03:00,176,18.0,13.0,es
4556,@thefox52,Just tried the new update and it's amazing! #tech,2026-06-13 15:17:00,9,0.0,2.0,en
1992,@mrchef470,Traffic this morning was unreal.,2026-03-11 14:50:00,112,6.0,3.0,en
2500,@silentwriter49,Quelle belle journee aujourd'hui!,2026-03-30 11:01:00,22,3.0,,fr
2517,@quietnews990,Just adopted a puppy and I'm obsessed.,2026-03-31 06:19:00,152,19.0,10.0,en
3967,@happyvibes37,Just adopted a puppy and I'm obsessed.,2026-05-23 06:39:00,7,0.0,,en
268,@drmind714,"New blog post is live, check it out!",2026-01-09 11:21:00,27,4.0,,en
554,@wildchef664,Traffic this morning was unreal.,2026-01-18 11:36:00,24,3.0,3.0,en
3282,@sunnyfox373,Conference talk today was so inspiring.,2026-04-28 05:19:00,23,1.0,3.0,en
3094,@nightsoul653,Reading a great book on data science right now.,2026-04-21 10:06:00,31,8.0,3.0,en
2974,@mrgamer661,Traffic this morning was unreal.,2026-04-17 19:28:00,99,18.0,4.0,en
3497,@quietvibes333,"Big news coming soon, stay tuned!",2026-05-06 05:11:00,22,3.0,2.0,en
2118,@realtraveler132,Just adopted a puppy and I'm obsessed.,2026-03-15 17:49:00,86,7.0,8.0,en
2075,@coderdreamer794,Traffic this morning was unreal.,2026-03-14 03:17:00,30,6.0,1.0,en
4208,@justmind588,Just adopted a puppy and I'm obsessed.,2026-06-01 05:21:00,29,3.0,0.0,en
2415,@silentwanderer253,Vivement le week-end!,2026-03-27 19:40:00,30,6.0,0.0,fr
1314,@silentmind598,Just adopted a puppy and I'm obsessed.,2026-02-14 02:20:00,23,0.0,0.0,en
2778,@cosmicmind867,This is exactly why I love this community.,2026-04-10 13:39:00,49,4.0,0.0,en
2412,@quietrunner149,Conference talk today was so inspiring.,2026-03-27 19:38:00,14,3.0,2.0,en
4078,@sunnyfox219,"Big news coming soon, stay tuned!",2026-05-27 19:21:00,36,7.0,4.0,en
4074,@msgamer981,Diese Nachricht ist unglaublich.,2026-05-27 17:01:00,6,0.0,1.0,de
4499,@technews549,This is exactly why I love this community.,2026-06-12 09:51:00,294,39.0,24.0,en
4272,@realgamer418,"Big news coming soon, stay tuned!",2026-06-04 06:12:00,25,5.0,1.0,en
1290,@urbandev990,"Big news coming soon, stay tuned!",2026-02-13 20:20:00,67,8.0,7.0,en
4406,@quietexplorer346,Just adopted a puppy and I'm obsessed.,2026-06-08 04:47:00,37,3.0,1.0,en
2890,@mssoul242,Dit nieuws is ongelooflijk.,2026-04-14 08:32:00,93,8.0,2.0,nl
2066,@nightgamer782,Just adopted a puppy and I'm obsessed.,2026-03-13 21:56:00,68,4.0,2.0,en
2740,@quietlife151,Finally finished my project after weeks of work.,2026-04-08 20:25:00,18,2.0,2.0,en
1204,@quietnews990,Dit nieuws is ongelooflijk.,2026-02-11 00:07:00,10,2.0,1.0,nl
1310,@luckyexplorer123,"Big news coming soon, stay tuned!",2026-02-13 21:51:00,37,6.0,3.0,en
1090,@mschef852,Why is nobody talking about this documentary?,2026-02-06 21:57:00,56,4.0,4.0,en
153,@cosmicsoul411,Just tried the new update and it's amazing! #tech,2026-01-04 17:09:00,184,16.0,,en
2798,@truethinker286,Traffic this morning was unreal.,2026-04-10 20:43:00,2,4.0,2.0,en
1866,@truelife288,Traffic this morning was unreal.,2026-03-06 20:26:00,29,6.0,1.0,en
2631,@sunnywriter90,Reading a great book on data science right now.,2026-04-03 21:14:00,90,6.0,7.0,en
1372,@techartist752,Terminando el proyecto por fin.,2026-02-16 13:46:00,102,11.0,3.0,es
3526,@truepanda203,Feliz viernes a todos!,2026-05-07 07:17:00,3,4.0,2.0,es
4922,@cosmictraveler626,"Big news coming soon, stay tuned!",2026-06-26 21:16:00,24,1.0,3.0,en
785,@msthinker798,"Working from the coffee shop again, love this place.",2026-01-26 22:10:00,58,3.0,4.0,en
4742,@sunnychef401,Cette nouvelle est incroyable.,2026-06-20 07:30:00,82,11.0,4.0,fr
2727,@theexplorer402,Vivement le week-end!,2026-04-08 12:08:00,10,2.0,1.0,fr
2943,@quietvibes721,Anyone else excited for the weekend?,2026-04-16 12:29:00,27,3.0,0.0,en
3023,@quiettraveler128,Vivement le week-end!,2026-04-18 18:04:00,22,3.0,,fr
5023,@wildgamer786,👍👍,2026-05-17 16:34:00,2,1.0,1.0,en
2308,@sunnyexplorer926,Just adopted a puppy and I'm obsessed.,2026-03-23 00:16:00,165,9.0,8.0,en
791,@mrexplorer753,Kan niet wachten op het weekend!,2026-01-27 02:50:00,53,3.0,3.0,nl
2700,@coderrunner754,Reading a great book on data science right now.,2026-04-07 05:36:00,15,4.0,2.0,en
446,@digitalsoul835,"New blog post is live, check it out!",2026-01-15 06:08:00,44,7.0,3.0,en
3424,@nightexplorer406,Cette nouvelle est incroyable.,2026-05-02 22:51:00,58,7.0,3.0,fr
1254,@dailywriter863,Just tried the new update and it's amazing! #tech,2026-02-13 00:08:00,203,31.0,3.0,en
5111,@techdreamer505,👍👍,2026-03-27 00:48:00,3,0.0,0.0,en
4404,@msgamer577,Conference talk today was so inspiring.,2026-06-08 02:44:00,121,8.0,7.0,en
1986,@sunnynews435,"New blog post is live, check it out!",2026-03-11 09:06:00,11,2.0,2.0,en
1981,@quietwanderer195,Reading a great book on data science right now.,2026-03-11 06:09:00,52,2.0,4.0,en
1417,@dailywriter678,Cooking experiment gone right for once!,2026-02-18 06:21:00,174,23.0,2.0,en
3942,@msdreamer242,Eindelijk mijn project afgerond.,2026-05-22 19:17:00,102,16.0,3.0,nl
4543,@dailydev686,This is exactly why I love this community.,2026-06-13 01:40:00,5,1.0,0.0,en
1270,@codersoul455,Cooking experiment gone right for once!,2026-02-13 15:33:00,27,6.0,3.0,en
3537,@wildexplorer290,Why is nobody talking about this documentary?,2026-05-07 14:38:00,24,5.0,2.0,en
1010,@drchef61,Cette nouvelle est incroyable.,2026-02-04 20:08:00,7,0.0,0.0,fr
2096,@urbanartist763,"New blog post is live, check it out!",2026-03-14 23:41:00,21,1.0,,en
2604,@truedreamer722,Wat een mooie dag vandaag!,2026-04-03 18:40:00,34,3.0,3.0,nl
3434,@nightstudent939,Traffic this morning was unreal.,2026-05-03 12:23:00,28,,2.0,en
2593,@dailyvoice565,Reading a great book on data science right now.,2026-04-03 02:30:00,51,6.0,3.0,en
1073,@quietwanderer193,"Big news coming soon, stay tuned!",2026-02-06 20:25:00,48,10.0,1.0,en
3571,@quietthinker269,Wat een mooie dag vandaag!,2026-05-08 20:08:00,18,5.0,0.0,nl
1008,@techwanderer832,Why is nobody talking about this documentary?,2026-02-04 16:38:00,18,2.0,1.0,en
3729,@msdev598,"Big news coming soon, stay tuned!",2026-05-15 06:19:00,280,13.0,15.0,en
3485,@techstudent104,No puedo creer las noticias de hoy.,2026-05-05 13:35:00,3,0.0,0.0,es
2734,@thenews721,Dit nieuws is ongelooflijk.,2026-04-08 17:10:00,11,1.0,0.0,nl
4031,@cosmicstudent120,Vivement le week-end!,2026-05-26 03:18:00,33,3.0,2.0,fr
887,@dailysoul400,"New blog post is live, check it out!",2026-01-30 20:49:00,21,3.0,1.0,en
4359,@drnews6,Terminando el proyecto por fin.,2026-06-06 05:16:00,20,3.0,2.0,es
196,@nightstudent939,Reading a great book on data science right now.,2026-01-06 16:30:00,17,2.0,,en
4017,@digitalartist418,"New blog post is live, check it out!",2026-05-25 13:56:00,15,4.0,0.0,en
1138,@dailylife711,Traffic this morning was unreal.,2026-02-08 19:27:00,22,4.0,2.0,en
377,@coderwanderer447,"Feeling grateful today, small wins count.",2026-01-11 22:13:00,67,,2.0,en
2001,@dailyartist662,"Big news coming soon, stay tuned!",2026-03-12 08:34:00,45,9.0,1.0,en
3093,@mrsoul935,"Big news coming soon, stay tuned!",2026-04-21 08:49:00,26,4.0,1.0,en
3067,@quietvibes333,"Big news coming soon, stay tuned!",2026-04-20 06:19:00,21,4.0,2.0,en
3545,@digitalwriter446,Terminando el proyecto por fin.,2026-05-07 19:36:00,22,2.0,1.0,es
1662,@urbandreamer38,"New blog post is live, check it out!",2026-02-27 07:13:00,5,0.0,0.0,en
2650,@reallife371,Why is nobody talking about this documentary?,2026-04-04 18:46:00,68,4.0,5.0,en
1267,@codervoice415,Feliz viernes a todos!,2026-02-13 09:16:00,14,0.0,1.0,es
1931,@technews549,Je viens de terminer mon projet.,2026-03-08 18:18:00,241,6.0,14.0,fr
1792,@dailyvoice565,Reading a great book on data science right now.,2026-03-04 05:50:00,12,4.0,2.0,en
4446,@nightexplorer653,Why is nobody talking about this documentary?,2026-06-10 06:14:00,25,3.0,,en
4434,@urbanwriter806,Just tried the new update and it's amazing! #tech,2026-06-09 15:09:00,198,31.0,,en
973,@mrlife490,Diese Nachricht ist unglaublich.,2026-02-03 01:31:00,10,4.0,0.0,de
4707,@dailywriter678,Just tried the new update and it's amazing! #tech,2026-06-19 16:26:00,33,5.0,3.0,en
3989,@wildmind106,"Working from the coffee shop again, love this place.",2026-05-24 07:30:00,46,7.0,2.0,en
162,@thechef938,Eindelijk mijn project afgerond.,2026-01-04 23:34:00,14,2.0,,nl
2128,@wildexplorer642,Cette nouvelle est incroyable.,2026-03-16 07:23:00,10,4.0,2.0,fr
3425,@drartist539,"Feeling grateful today, small wins count.",2026-05-02 23:47:00,35,5.0,1.0,en
2566,@therunner987,Cooking experiment gone right for once!,2026-04-02 04:31:00,23,5.0,2.0,en
3421,@luckyrunner277,Finally finished my project after weeks of work.,2026-05-02 20:46:00,194,22.0,9.0,en
2928,@sunnysoul449,"Working from the coffee shop again, love this place.",2026-04-15 20:05:00,9,5.0,2.0,en
2085,@silentgamer114,Cooking experiment gone right for once!,2026-03-14 14:03:00,12,5.0,1.0,en
4073,@coderchef721,Cooking experiment gone right for once!,2026-05-27 16:49:00,15,2.0,0.0,en
2031,@msmind144,Feliz viernes a todos!,2026-03-13 14:45:00,15,4.0,0.0,es
4023,@msrunner579,Terminando el proyecto por fin.,2026-05-25 18:24:00,6,,0.0,es
2661,@dailypanda227,"Feeling grateful today, small wins count.",2026-04-05 07:59:00,72,10.0,3.0,en
2753,@sunnywriter90,Reading a great book on data science right now.,2026-04-09 05:26:00,20,4.0,3.0,en
4642,@realwanderer449,Conference talk today was so inspiring.,2026-06-17 05:14:00,6,4.0,1.0,en
734,@technews506,Can we talk about how good this weather is today?,2026-01-25 01:59:00,64,7.0,1.0,en
2095,@msgamer981,Reading a great book on data science right now.,2026-03-14 22:21:00,5,1.0,2.0,en
1678,@digitalexplorer54,Can we talk about how good this weather is today?,2026-02-27 19:07:00,22,2.0,2.0,en
2145,@wildchef664,,2026-03-17 03:54:00,29,4.0,3.0,en
517,@digitalartist662,Why is nobody talking about this documentary?,2026-01-16 21:55:00,27,1.0,3.0,en
1513,@sunnysoul449,Dit nieuws is ongelooflijk.,2026-02-21 01:18:00,46,7.0,2.0,nl
3013,@nightvibes838,"Feeling grateful today, small wins count.",2026-04-18 02:02:00,24,3.0,1.0,en
2083,@msgamer13,"Working from the coffee shop again, love this place.",2026-03-14 12:19:00,26,4.0,2.0,en
787,@digitalpanda228,Dit nieuws is ongelooflijk.,2026-01-27 00:23:00,29,3.0,4.0,nl
1453,@urbandreamer38,"New blog post is live, check it out!",2026-02-19 14:54:00,238,12.0,,en
1315,@msgamer13,"Working from the coffee shop again, love this place.",2026-02-14 02:27:00,26,6.0,2.0,en
4050,@dailymind993,Reading a great book on data science right now.,2026-05-26 16:19:00,9,1.0,1.0,en
4963,@happygamer467,Quelle belle journee aujourd'hui!,2026-06-28 10:11:00,43,4.0,0.0,fr
4394,@sunnydreamer555,Just adopted a puppy and I'm obsessed.,2026-06-07 13:28:00,102,13.0,,en
1125,@sunnyartist166,Eindelijk mijn project afgerond.,2026-02-08 06:12:00,11,,0.0,nl
4837,@theartist682,Cette nouvelle est incroyable.,2026-06-24 00:08:00,3,1.0,0.0,fr
2697,@dailytraveler231,Just tried the new update and it's amazing! #tech,2026-04-06 22:54:00,4,0.0,0.0,en
4242,@digitaltraveler160,This is exactly why I love this community.,2026-06-02 20:55:00,37,7.0,3.0,en
2897,@thesoul854,Quelle belle journee aujourd'hui!,2026-04-14 14:17:00,45,,1.0,fr
2756,@trueexplorer908,"New blog post is live, check it out!",2026-04-09 06:14:00,8,2.0,1.0,en
3180,@sunnysoul449,Just tried the new update and it's amazing! #tech,2026-04-24 20:22:00,86,6.0,2.0,en
2413,@nightfox415,Quelle belle journee aujourd'hui!,2026-03-27 19:38:00,37,6.0,3.0,fr
140,@quietmind15,Kan niet wachten op het weekend!,2026-01-04 03:38:00,34,7.0,1.0,nl
3842,@techstudent671,Anyone else excited for the weekend?,2026-05-18 22:22:00,47,2.0,3.0,en
2837,@happyvoice838,"New blog post is live, check it out!",2026-04-12 01:04:00,168,8.0,,en
4476,@mrsoul331,,2026-06-11 09:56:00,19,5.0,,en
533,@digitalartist662,Conference talk today was so inspiring.,2026-01-17 14:55:00,102,10.0,1.0,en
64,@urbantraveler960,"Big news coming soon, stay tuned!",2026-01-02 18:55:00,95,,4.0,en
1852,@dailytechupdate,Que buen dia para salir a caminar!,2026-03-06 17:37:00,510,12.0,21.0,es
2846,@techrunner200,This is exactly why I love this community.,2026-04-12 08:56:00,4,2.0,0.0,en
960,@realgamer938,Reading a great book on data science right now.,2026-02-02 14:06:00,60,11.0,0.0,en
1276,@digitalartist662,Why is nobody talking about this documentary?,2026-02-13 18:39:00,107,15.0,2.0,en
3688,@urbanartist763,Vivement le week-end!,2026-05-13 11:50:00,16,2.0,2.0,fr
3884,@truepanda203,Vivement le week-end!,2026-05-21 01:55:00,40,6.0,1.0,fr
1405,@silentvibes496,Kan niet wachten op het weekend!,2026-02-17 22:52:00,25,3.0,1.0,nl
10,@cosmicpanda822,"Working from the coffee shop again, love this place.",2026-01-01 08:20:00,41,4.0,1.0,en
2043,@dailythinker783,Ich freue mich aufs Wochenende!,2026-03-13 19:32:00,10,1.0,0.0,de
1949,@luckyfox246,"Working from the coffee shop again, love this place.",2026-03-09 13:31:00,30,4.0,0.0,en
333,@techrunner200,Terminando el proyecto por fin.,2026-01-10 14:35:00,106,10.0,2.0,es
2639,@digitalwriter150,This is exactly why I love this community.,2026-04-04 00:32:00,36,,1.0,en
3898,@dailychef65,Quelle belle journee aujourd'hui!,2026-05-21 14:13:00,25,6.0,3.0,fr
3844,@wilddreamer783,"Working from the coffee shop again, love this place.",2026-05-19 00:12:00,39,7.0,2.0,en
3733,@wilddev280,Just adopted a puppy and I'm obsessed.,2026-05-15 12:40:00,174,15.0,10.0,en
3856,@theartist682,Just tried the new update and it's amazing! #tech,2026-05-19 22:09:00,14,2.0,2.0,en
3199,@techthinker731,Je viens de terminer mon projet.,2026-04-25 03:42:00,56,10.0,4.0,fr
1933,@digitalsoul835,"New blog post is live, check it out!",2026-03-08 20:48:00,61,11.0,0.0,en
632,@quietsoul150,Je viens de terminer mon projet.,2026-01-21 08:29:00,11,1.0,1.0,fr
3517,@codersoul455,Eindelijk mijn project afgerond.,2026-05-07 02:46:00,13,5.0,,nl
3870,@codervoice30,Just adopted a puppy and I'm obsessed.,2026-05-20 08:35:00,49,3.0,2.0,en
3186,@mrlife490,,2026-04-24 21:03:00,162,22.0,10.0,en
235,@justwriter143,"Feeling grateful today, small wins count.",2026-01-08 03:29:00,50,5.0,1.0,en
4115,@justnews408,This is exactly why I love this community.,2026-05-29 11:53:00,33,1.0,3.0,en
4692,@luckyfox758,Just adopted a puppy and I'm obsessed.,2026-06-18 23:02:00,69,3.0,4.0,en
3407,@techstudent104,This is exactly why I love this community.,2026-05-02 11:21:00,52,5.0,2.0,en
3744,@luckylife2,Dit nieuws is ongelooflijk.,2026-05-15 19:29:00,149,19.0,11.0,nl
4666,@happyvoice838,"New blog post is live, check it out!",2026-06-18 05:29:00,22,5.0,2.0,en
406,@techdreamer926,Was fur ein schoner Tag heute!,2026-01-13 10:32:00,30,3.0,2.0,de
4721,@techvibes895,Endlich mein Projekt fertig.,2026-06-19 20:48:00,25,6.0,2.0,de
2336,@sunnyfox219,"Big news coming soon, stay tuned!",2026-03-24 11:31:00,37,7.0,1.0,en
2088,@drchef131,Conference talk today was so inspiring.,2026-03-14 14:49:00,43,6.0,5.0,en
2351,@dailywriter529,Kan niet wachten op het weekend!,2026-03-25 04:45:00,67,4.0,5.0,nl
3115,@quietpanda247,"Working from the coffee shop again, love this place.",2026-04-22 20:10:00,31,6.0,0.0,en
3158,@wilddev434,Que buen dia para salir a caminar!,2026-04-24 13:48:00,52,5.0,3.0,es
527,@digitalexplorer54,Can we talk about how good this weather is today?,2026-01-17 08:27:00,11,4.0,2.0,en
4706,@sunnyfox219,"Big news coming soon, stay tuned!",2026-06-19 15:49:00,7,0.0,1.0,en
3027,@silentfox174,Reading a great book on data science right now.,2026-04-18 21:29:00,43,4.0,2.0,en
1289,@truewanderer361,Dit nieuws is ongelooflijk.,2026-02-13 20:13:00,102,7.0,2.0,nl
1826,@happygamer649,Was fur ein schoner Tag heute!,2026-03-05 12:55:00,43,8.0,0.0,de
4921,@drgamer893,Que buen dia para salir a caminar!,2026-06-26 21:11:00,25,1.0,0.0,es
721,@realtraveler132,This is exactly why I love this community.,2026-01-24 02:18:00,64,4.0,6.0,en
857,@drchef61,This is exactly why I love this community.,2026-01-30 01:31:00,106,14.0,4.0,en
558,@msdreamer316,"New blog post is live, check it out!",2026-01-18 15:31:00,11,1.0,,en
3009,@quietmind15,Just adopted a puppy and I'm obsessed.,2026-04-17 23:54:00,12,5.0,2.0,en
4640,@techexplorer915,Quelle belle journee aujourd'hui!,2026-06-17 04:28:00,32,6.0,0.0,fr
2806,@drpanda582,Can we talk about how good this weather is today?,2026-04-10 21:16:00,24,1.0,3.0,en
1435,@coderwanderer867,Cooking experiment gone right for once!,2026-02-18 23:31:00,7,4.0,0.0,en
3978,@cosmicvibes266,Feliz viernes a todos!,2026-05-23 19:26:00,6,4.0,0.0,es
1217,@theexplorer402,Je viens de terminer mon projet.,2026-02-11 09:53:00,39,5.0,3.0,fr
3949,@wildgamer786,Conference talk today was so inspiring.,2026-05-22 20:01:00,16,1.0,1.0,en
2964,@drrunner405,Eindelijk mijn project afgerond.,2026-04-17 11:59:00,52,8.0,,nl
1685,@justexplorer571,Cooking experiment gone right for once!,2026-02-27 19:35:00,11,,2.0,en
4228,@therunner54,Dit nieuws is ongelooflijk.,2026-06-02 06:36:00,16,2.0,0.0,nl
1021,@cosmicwanderer850,"Big news coming soon, stay tuned!",2026-02-05 07:59:00,52,4.0,3.0,en
3289,@happygamer649,Can we talk about how good this weather is today?,2026-04-28 10:56:00,28,4.0,2.0,en
512,@dailyvibes974,Feliz viernes a todos!,2026-01-16 21:24:00,42,4.0,3.0,es
5019,@urbanartist762,??,2026-04-03 19:35:00,3,0.0,1.0,en
3078,@truevibes165,Conference talk today was so inspiring.,2026-04-20 18:55:00,119,15.0,10.0,en
1887,@silentdreamer438,Anyone else excited for the weekend?,2026-03-07 03:49:00,6,2.0,0.0,en
3031,@codersoul455,Just tried the new update and it's amazing! #tech,2026-04-19 00:40:00,44,9.0,1.0,en
1799,@drsoul588,Je viens de terminer mon projet.,2026-03-04 13:53:00,6,1.0,,fr
1149,@coderchef184,Traffic this morning was unreal.,2026-02-09 07:11:00,3,2.0,0.0,en
2108,@truerunner489,Diese Nachricht ist unglaublich.,2026-03-15 11:48:00,35,2.0,3.0,de
1563,@dailytechupdate,This is exactly why I love this community.,2026-02-23 06:28:00,580,76.0,18.0,en
2671,@quietchef717,Traffic this morning was unreal.,2026-04-05 20:55:00,25,4.0,,en
2747,@thechef938,Was fur ein schoner Tag heute!,2026-04-09 01:00:00,7,2.0,1.0,de
1744,@quietvoice816,Wat een mooie dag vandaag!,2026-03-01 20:26:00,92,10.0,5.0,nl
607,@sunnyfox219,"Big news coming soon, stay tuned!",2026-01-20 07:31:00,26,2.0,1.0,en
2628,@coderwanderer867,Why is nobody talking about this documentary?,2026-04-03 20:55:00,32,,1.0,en
3897,@dailylife417,"New blog post is live, check it out!",2026-05-21 11:58:00,104,2.0,7.0,en
1332,@mrnews674,"Working from the coffee shop again, love this place.",2026-02-14 19:56:00,32,2.0,3.0,en
1649,@quietartist595,Traffic this morning was unreal.,2026-02-26 22:01:00,6,4.0,1.0,en
1182,@drthinker366,"Feeling grateful today, small wins count.",2026-02-10 08:28:00,11,1.0,0.0,en
3359,@thefox52,Just tried the new update and it's amazing! #tech,2026-05-01 12:54:00,170,12.0,11.0,en
3626,@digitalgamer420,Vivement le week-end!,2026-05-10 13:54:00,11,1.0,1.0,fr
1770,@happytraveler328,Que buen dia para salir a caminar!,2026-03-03 04:11:00,75,8.0,6.0,es
1756,@sunnyexplorer926,Just adopted a puppy and I'm obsessed.,2026-03-02 15:01:00,17,3.0,1.0,en
4500,@dailynews763,Diese Nachricht ist unglaublich.,2026-06-12 09:56:00,17,4.0,2.0,de
1346,@cosmictraveler626,Anyone else excited for the weekend?,2026-02-15 12:20:00,37,8.0,3.0,en
511,@realsoul108,Terminando el proyecto por fin.,2026-01-16 21:20:00,56,2.0,1.0,es
1677,@coderpanda118,Reading a great book on data science right now.,2026-02-27 19:06:00,15,5.0,0.0,en
2062,@dailylife711,Conference talk today was so inspiring.,2026-03-13 21:42:00,13,4.0,1.0,en
1916,@happydev433,Je viens de terminer mon projet.,2026-03-08 03:26:00,25,5.0,2.0,fr
457,@dailylife711,Can we talk about how good this weather is today?,2026-01-15 15:06:00,57,6.0,3.0,en
1809,@truechef930,Kan niet wachten op het weekend!,2026-03-04 19:18:00,43,6.0,4.0,nl
2772,@msgamer577,"Big news coming soon, stay tuned!",2026-04-10 05:04:00,58,4.0,,en
757,@mrlife490,Anyone else excited for the weekend?,2026-01-25 16:52:00,94,9.0,6.0,en
2582,@truedreamer447,Traffic this morning was unreal.,2026-04-02 16:45:00,25,5.0,2.0,en
3114,@happyvibes211,Why is nobody talking about this documentary?,2026-04-22 18:35:00,26,5.0,3.0,en
1066,@silentwriter49,This is exactly why I love this community.,2026-02-06 19:32:00,31,5.0,2.0,en
1266,@luckyfox283,Reading a great book on data science right now.,2026-02-13 09:10:00,15,5.0,0.0,en
2824,@happytraveler328,Just tried the new update and it's amazing! #tech,2026-04-11 12:39:00,62,,3.0,en
1820,@dailyvibes599,Conference talk today was so inspiring.,2026-03-05 04:52:00,159,11.0,2.0,en
692,@cosmicchef846,Just adopted a puppy and I'm obsessed.,2026-01-23 19:45:00,66,2.0,4.0,en
4448,@luckyrunner462,Wat een mooie dag vandaag!,2026-06-10 07:59:00,22,5.0,3.0,nl
4461,@mssoul776,"Big news coming soon, stay tuned!",2026-06-10 18:52:00,115,19.0,5.0,en
502,@happyvoice637,Je viens de terminer mon projet.,2026-01-16 20:50:00,45,2.0,0.0,fr
2169,@codervoice30,Reading a great book on data science right now.,2026-03-18 01:21:00,19,4.0,,en
2879,@luckythinker140,"Feeling grateful today, small wins count.",2026-04-13 20:59:00,14,0.0,2.0,en
1039,@thedev461,Ich freue mich aufs Wochenende!,2026-02-06 02:17:00,70,3.0,2.0,de
1022,@quietvibes333,Why is nobody talking about this documentary?,2026-02-05 08:08:00,15,3.0,1.0,en
358,@msthinker764,"Feeling grateful today, small wins count.",2026-01-11 10:08:00,22,2.0,0.0,en
2993,@wildpanda661,Terminando el proyecto por fin.,2026-04-17 20:44:00,10,0.0,0.0,es
1509,@dailygamer259,Anyone else excited for the weekend?,2026-02-20 21:39:00,12,5.0,,en
211,@dailydev686,This is exactly why I love this community.,2026-01-07 05:36:00,72,8.0,5.0,en
4501,@wildwriter840,Conference talk today was so inspiring.,2026-06-12 10:29:00,46,3.0,3.0,en
2082,@truegamer482,"Big news coming soon, stay tuned!",2026-03-14 12:18:00,32,5.0,2.0,en
3445,@msgamer577,Que buen dia para salir a caminar!,2026-05-04 01:58:00,21,5.0,0.0,es
737,@truewanderer994,"Feeling grateful today, small wins count.",2026-01-25 05:00:00,8,4.0,0.0,en
3092,@wilddev434,Vivement le week-end!,2026-04-21 08:39:00,24,7.0,1.0,fr
3452,@realmind305,Just tried the new update and it's amazing! #tech,2026-05-04 05:37:00,32,5.0,1.0,en
4791,@trueexplorer296,Just tried the new update and it's amazing! #tech,2026-06-22 08:10:00,134,7.0,3.0,en
4034,@theartist682,Just tried the new update and it's amazing! #tech,2026-05-26 04:48:00,41,5.0,3.0,en
4930,@msvibes786,Just adopted a puppy and I'm obsessed.,2026-06-26 23:53:00,23,3.0,1.0,en
717,@sunnywanderer454,Just tried the new update and it's amazing! #tech,2026-01-23 22:11:00,27,3.0,2.0,en
3117,@thedev705,Cette nouvelle est incroyable.,2026-04-22 20:32:00,61,5.0,6.0,fr
4684,@sunnysoul449,Why is nobody talking about this documentary?,2026-06-18 17:52:00,23,2.0,1.0,en
904,@mrexplorer753,Quelle belle journee aujourd'hui!,2026-01-31 01:33:00,13,3.0,0.0,fr
1335,@nightdreamer388,Cooking experiment gone right for once!,2026-02-14 23:32:00,229,14.0,8.0,en
1343,@thewanderer677,Conference talk today was so inspiring.,2026-02-15 07:50:00,8,1.0,2.0,en
4469,@silentdreamer454,Cooking experiment gone right for once!,2026-06-11 02:35:00,96,16.0,6.0,en
2281,@cosmicwanderer850,Conference talk today was so inspiring.,2026-03-21 18:25:00,55,9.0,4.0,en
1103,@sunnyvoice684,Just adopted a puppy and I'm obsessed.,2026-02-07 10:26:00,30,3.0,,en
1031,@mspanda158,This is exactly why I love this community.,2026-02-05 18:35:00,95,11.0,3.0,en
2693,@sunnylife494,Finally finished my project after weeks of work.,2026-04-06 18:33:00,22,1.0,,en
4787,@cosmiclife757,Just tried the new update and it's amazing! #tech,2026-06-22 04:58:00,28,1.0,1.0,en
4731,@quietlife552,"Big news coming soon, stay tuned!",2026-06-19 22:25:00,24,3.0,1.0,en
1669,@urbandev22,Was fur ein schoner Tag heute!,2026-02-27 09:05:00,40,4.0,,de
3674,@msfox106,Cooking experiment gone right for once!,2026-05-13 00:41:00,42,5.0,1.0,en
1107,@realgamer418,"Big news coming soon, stay tuned!",2026-02-07 13:17:00,50,6.0,3.0,en
2992,@mrvoice30,Que buen dia para salir a caminar!,2026-04-17 20:44:00,64,,,es
4179,@techstudent504,"Working from the coffee shop again, love this place.",2026-05-31 07:06:00,59,5.0,4.0,en
1625,@cosmicchef738,Feliz viernes a todos!,2026-02-25 19:02:00,52,8.0,0.0,es
2543,@nightfox415,Just tried the new update and it's amazing! #tech,2026-04-01 10:31:00,138,22.0,,en
1384,@sunnystudent968,Can we talk about how good this weather is today?,2026-02-17 06:12:00,14,2.0,1.0,en
2610,@coderthinker615,Why is nobody talking about this documentary?,2026-04-03 19:23:00,61,3.0,5.0,en
4884,@happytraveler328,Just tried the new update and it's amazing! #tech,2026-06-26 02:23:00,135,18.0,6.0,en
2736,@mrvoice745,Finally finished my project after weeks of work.,2026-04-08 18:19:00,62,5.0,2.0,en
945,@realtraveler132,This is exactly why I love this community.,2026-02-02 01:29:00,58,6.0,1.0,en
4807,@dailywriter863,This is exactly why I love this community.,2026-06-22 21:39:00,188,24.0,,en
2848,@msthinker917,Dit nieuws is ongelooflijk.,2026-04-12 09:53:00,15,5.0,0.0,nl
508,@techwriter588,Can we talk about how good this weather is today?,2026-01-16 21:02:00,42,5.0,2.0,en
3839,@wildvibes314,,2026-05-18 19:33:00,15,3.0,,en
2004,@silentmind241,No puedo creer las noticias de hoy.,2026-03-12 11:02:00,43,8.0,,es
1789,@digitalvoice610,Cooking experiment gone right for once!,2026-03-04 00:17:00,6,3.0,0.0,en
3134,@dailychef190,This is exactly why I love this community.,2026-04-23 12:22:00,27,1.0,3.0,en
1121,@quietexplorer877,No puedo creer las noticias de hoy.,2026-02-08 05:43:00,14,4.0,2.0,es
2347,@thevibes878,Je viens de terminer mon projet.,2026-03-25 02:17:00,24,6.0,1.0,fr
2080,@realtraveler132,This is exactly why I love this community.,2026-03-14 10:58:00,52,3.0,4.0,en
2222,@wilddev280,Just adopted a puppy and I'm obsessed.,2026-03-20 09:50:00,26,0.0,3.0,en
3608,@silentwriter862,Can we talk about how good this weather is today?,2026-05-09 21:25:00,35,3.0,2.0,en
773,@theartist682,Just tried the new update and it's amazing! #tech,2026-01-26 12:17:00,25,2.0,3.0,en
1696,@techchef117,Can we talk about how good this weather is today?,2026-02-27 20:34:00,38,6.0,3.0,en
3648,@luckysoul961,Why is nobody talking about this documentary?,2026-05-11 16:43:00,15,1.0,1.0,en
1220,@thedreamer525,Cooking experiment gone right for once!,2026-02-11 13:06:00,33,6.0,2.0,en
4711,@techartist141,Reading a great book on data science right now.,2026-06-19 19:15:00,18,2.0,1.0,en
4768,@mrgamer661,Traffic this morning was unreal.,2026-06-21 10:40:00,33,3.0,,en
1557,@cosmicchef846,Quelle belle journee aujourd'hui!,2026-02-23 02:01:00,16,4.0,,fr
4378,@drrunner405,Just tried the new update and it's amazing! #tech,2026-06-07 02:55:00,59,8.0,2.0,en
1540,@techvibes115,This is exactly why I love this community.,2026-02-22 08:53:00,10,0.0,2.0,en
4790,@dailylife895,Finally finished my project after weeks of work.,2026-06-22 07:56:00,41,2.0,3.0,en
3396,@mslife308,Cooking experiment gone right for once!,2026-05-01 21:47:00,21,6.0,1.0,en
4103,@cosmicpanda822,Terminando el proyecto por fin.,2026-05-28 22:27:00,131,4.0,7.0,es
2036,@dailydev686,This is exactly why I love this community.,2026-03-13 18:13:00,113,13.0,4.0,en
2477,@nighttraveler146,Finally finished my project after weeks of work.,2026-03-29 13:37:00,65,9.0,4.0,en
4195,@drartist539,"Feeling grateful today, small wins count.",2026-05-31 20:42:00,262,26.0,,en
2633,@dailyvibes114,Finally finished my project after weeks of work.,2026-04-03 21:17:00,43,9.0,,en
228,@happywriter500,"New blog post is live, check it out!",2026-01-07 17:14:00,67,5.0,1.0,en
3866,@cosmictraveler626,"Big news coming soon, stay tuned!",2026-05-20 03:38:00,38,2.0,3.0,en
2272,@nightwanderer930,Just adopted a puppy and I'm obsessed.,2026-03-21 07:55:00,38,1.0,,en
3682,@dailythinker783,Conference talk today was so inspiring.,2026-05-13 09:09:00,33,2.0,0.0,en
4223,@mrstudent530,"New blog post is live, check it out!",2026-06-01 21:56:00,50,7.0,2.0,en
3161,@mrlife702,Wat een mooie dag vandaag!,2026-04-24 17:01:00,49,7.0,3.0,nl
2378,@drgamer893,Cooking experiment gone right for once!,2026-03-26 10:48:00,27,6.0,3.0,en
3531,@justmind541,Finally finished my project after weeks of work.,2026-05-07 09:24:00,20,2.0,0.0,en
884,@codertraveler458,Conference talk today was so inspiring.,2026-01-30 20:41:00,30,5.0,1.0,en
1001,@codersoul455,Vivement le week-end!,2026-02-04 11:57:00,105,9.0,4.0,fr
1209,@urbandev22,"Feeling grateful today, small wins count.",2026-02-11 04:50:00,12,5.0,2.0,en
1666,@mswanderer793,"Big news coming soon, stay tuned!",2026-02-27 07:53:00,12,0.0,2.0,en
1094,@luckyexplorer123,Kan niet wachten op het weekend!,2026-02-06 23:36:00,10,0.0,0.0,nl
4298,@quietthinker269,This is exactly why I love this community.,2026-06-05 05:18:00,12,2.0,2.0,en
4595,@mrsoul935,"Working from the coffee shop again, love this place.",2026-06-15 16:25:00,130,17.0,,en
436,@cosmicstudent120,Anyone else excited for the weekend?,2026-01-14 16:39:00,36,3.0,1.0,en
2658,@luckytraveler504,"Working from the coffee shop again, love this place.",2026-04-05 03:01:00,21,5.0,3.0,en
3281,@thegamer839,This is exactly why I love this community.,2026-04-28 04:30:00,93,5.0,5.0,en
3879,@dailyvibes599,Anyone else excited for the weekend?,2026-05-20 19:24:00,15,4.0,3.0,en
2427,@techartist752,"New blog post is live, check it out!",2026-03-27 21:03:00,71,6.0,4.0,en
2334,@quietexplorer877,Wat een mooie dag vandaag!,2026-03-24 10:10:00,22,4.0,2.0,nl
1758,@quiettraveler800,Reading a great book on data science right now.,2026-03-02 15:46:00,32,5.0,1.0,en
4569,@wilddev280,Cette nouvelle est incroyable.,2026-06-14 12:29:00,22,2.0,2.0,fr
1719,@mrgamer661,Traffic this morning was unreal.,2026-02-28 19:32:00,10,4.0,2.0,en
2704,@dailytechupdate,Cooking experiment gone right for once!,2026-04-07 14:24:00,686,70.0,36.0,en
579,@dailynews763,Feliz viernes a todos!,2026-01-19 06:51:00,5,1.0,0.0,es
1688,@silentpanda529,"Big news coming soon, stay tuned!",2026-02-27 20:03:00,20,5.0,2.0,en
1634,@happylife828,Feliz viernes a todos!,2026-02-26 03:00:00,9,0.0,1.0,es
1411,@cosmicpanda822,Terminando el proyecto por fin.,2026-02-18 04:13:00,84,14.0,7.0,es
2063,@dailylife895,Finally finished my project after weeks of work.,2026-03-13 21:45:00,21,3.0,1.0,en
1084,@truewanderer361,Cooking experiment gone right for once!,2026-02-06 21:24:00,27,4.0,1.0,en
3968,@drdev157,Reading a great book on data science right now.,2026-05-23 08:55:00,92,8.0,,en
2109,@wildexplorer402,Can we talk about how good this weather is today?,2026-03-15 11:50:00,186,28.0,9.0,en
1169,@luckythinker140,Reading a great book on data science right now.,2026-02-09 21:55:00,29,6.0,2.0,en
1541,@luckylife2,Traffic this morning was unreal.,2026-02-22 09:37:00,236,17.0,17.0,en
4582,@silentchef321,Cette nouvelle est incroyable.,2026-06-15 05:16:00,92,13.0,6.0,fr
4293,@mswriter535,Anyone else excited for the weekend?,2026-06-04 23:40:00,50,2.0,3.0,en
2432,@luckyfox758,Que buen dia para salir a caminar!,2026-03-27 21:32:00,7,1.0,2.0,es
70,@wildvoice536,Anyone else excited for the weekend?,2026-01-02 19:30:00,16,6.0,1.0,en
1926,@silentdreamer438,"Big news coming soon, stay tuned!",2026-03-08 11:03:00,113,9.0,10.0,en
1030,@wildwriter840,"New blog post is live, check it out!",2026-02-05 16:53:00,8,0.0,2.0,en
2560,@mswriter535,Cooking experiment gone right for once!,2026-04-01 23:46:00,16,3.0,1.0,en
924,@truedev87,"Working from the coffee shop again, love this place.",2026-02-01 00:48:00,87,14.0,4.0,en
2664,@msdreamer316,Dit nieuws is ongelooflijk.,2026-04-05 12:45:00,11,1.0,1.0,nl
4254,@truefox665,Diese Nachricht ist unglaublich.,2026-06-03 17:25:00,29,,,de
2835,@drsoul265,Diese Nachricht ist unglaublich.,2026-04-12 00:21:00,49,4.0,2.0,de
2714,@digitalartist533,"New blog post is live, check it out!",2026-04-08 04:22:00,17,2.0,2.0,en
1923,@truegamer892,This is exactly why I love this community.,2026-03-08 08:11:00,53,8.0,1.0,en
1412,@cosmicartist98,"Big news coming soon, stay tuned!",2026-02-18 04:36:00,16,4.0,2.0,en
220,@luckypanda930,Que buen dia para salir a caminar!,2026-01-07 11:27:00,14,1.0,0.0,es
157,@msdreamer316,Cooking experiment gone right for once!,2026-01-04 20:34:00,5,0.0,0.0,en
4207,@sunnynews435,"New blog post is live, check it out!",2026-06-01 05:14:00,4,1.0,0.0,en
1324,@luckywriter983,Conference talk today was so inspiring.,2026-02-14 10:33:00,8,4.0,1.0,en
2609,@drrunner405,Anyone else excited for the weekend?,2026-04-03 19:10:00,33,,1.0,en
3416,@justnews237,"New blog post is live, check it out!",2026-05-02 17:32:00,21,2.0,3.0,en
1950,@codersoul455,"Big news coming soon, stay tuned!",2026-03-09 16:04:00,28,3.0,3.0,en
4678,@happysoul423,Why is nobody talking about this documentary?,2026-06-18 13:23:00,55,7.0,,en
1490,@sunnyfox219,"Big news coming soon, stay tuned!",2026-02-20 19:40:00,24,4.0,2.0,en
746,@quietrunner149,Conference talk today was so inspiring.,2026-01-25 08:26:00,12,4.0,0.0,en
2034,@quietdev385,Endlich mein Projekt fertig.,2026-03-13 17:15:00,29,5.0,1.0,de
407,@codertraveler972,"Big news coming soon, stay tuned!",2026-01-13 10:37:00,34,2.0,3.0,en
247,@happytraveler328,Finally finished my project after weeks of work.,2026-01-08 14:16:00,82,14.0,1.0,en
2855,@happyvoice637,"Big news coming soon, stay tuned!",2026-04-12 19:40:00,53,6.0,3.0,en
1977,@mrdev46,Que buen dia para salir a caminar!,2026-03-11 00:56:00,16,5.0,2.0,es
1783,@urbanpanda555,Anyone else excited for the weekend?,2026-03-03 16:30:00,12,1.0,1.0,en
1815,@dailywanderer197,Just adopted a puppy and I'm obsessed.,2026-03-04 22:30:00,47,6.0,2.0,en
630,@silentmind241,Just adopted a puppy and I'm obsessed.,2026-01-21 05:24:00,13,,2.0,en
350,@digitalrunner393,Conference talk today was so inspiring.,2026-01-11 04:26:00,176,19.0,13.0,en
4381,@quietwanderer193,"Big news coming soon, stay tuned!",2026-06-07 04:22:00,13,4.0,1.0,en
4267,@mrexplorer753,Can we talk about how good this weather is today?,2026-06-04 03:25:00,27,1.0,2.0,en
5000,@justdreamer694,Traffic this morning was unreal.,2026-06-29 23:46:00,21,4.0,,en
3532,@happygamer41,Reading a great book on data science right now.,2026-05-07 09:59:00,64,7.0,3.0,en
3032,@reallife812,Que buen dia para salir a caminar!,2026-04-19 01:05:00,57,3.0,3.0,es
1257,@cosmicgamer542,"Big news coming soon, stay tuned!",2026-02-13 03:46:00,9,,0.0,en
2987,@happyvoice838,"New blog post is live, check it out!",2026-04-17 20:21:00,20,0.0,1.0,en
2837,@happyvoice838,"New blog post is live, check it out!",2026-04-12 01:04:00,168,8.0,,en
702,@luckynews916,Feliz viernes a todos!,2026-01-23 20:34:00,155,4.0,8.0,es
1648,@cosmictraveler413,Traffic this morning was unreal.,2026-02-26 19:31:00,35,5.0,1.0,en
4814,@quietstudent773,Cooking experiment gone right for once!,2026-06-23 07:45:00,14,3.0,0.0,en
830,@happyvibes37,Can we talk about how good this weather is today?,2026-01-28 21:01:00,102,10.0,6.0,en
4815,@cosmicvibes266,Endlich mein Projekt fertig.,2026-06-23 07:49:00,74,5.0,1.0,de
2382,@urbanpanda555,Que buen dia para salir a caminar!,2026-03-26 16:11:00,105,18.0,4.0,es
1115,@truepanda203,Feliz viernes a todos!,2026-02-08 01:04:00,159,13.0,10.0,es
4860,@dailysoul400,Finally finished my project after weeks of work.,2026-06-25 00:34:00,58,4.0,3.0,en
4399,@thelife533,"New blog post is live, check it out!",2026-06-07 20:22:00,54,5.0,,en
976,@codernews486,Cette nouvelle est incroyable.,2026-02-03 04:20:00,6,3.0,,fr
4957,@realthinker625,Eindelijk mijn project afgerond.,2026-06-28 05:28:00,33,5.0,1.0,nl
1781,@mrrunner251,"New blog post is live, check it out!",2026-03-03 13:39:00,21,2.0,1.0,en
362,@quietdev850,"Feeling grateful today, small wins count.",2026-01-11 14:31:00,92,13.0,1.0,en
2401,@msdev598,Anyone else excited for the weekend?,2026-03-27 15:06:00,27,6.0,2.0,en
1902,@sunnysoul449,Terminando el proyecto por fin.,2026-03-07 12:31:00,21,,1.0,es
5045,@sunnydreamer555,??,2026-03-26 18:38:00,3,0.0,1.0,en
3352,@silentchef208,Was fur ein schoner Tag heute!,2026-05-01 05:09:00,27,7.0,0.0,de
1159,@drgamer893,Que buen dia para salir a caminar!,2026-02-09 14:12:00,10,2.0,,es
1410,@digitalwriter150,Que buen dia para salir a caminar!,2026-02-18 04:06:00,12,4.0,1.0,es
1413,@msstudent630,Vivement le week-end!,2026-02-18 04:54:00,15,2.0,0.0,fr
1721,@silentexplorer319,Why is nobody talking about this documentary?,2026-02-28 20:18:00,26,4.0,2.0,en
340,@luckygamer372,Reading a great book on data science right now.,2026-01-10 20:41:00,17,,2.0,en
5091,@realwanderer449,...,2026-01-03 11:01:00,1,1.0,1.0,en
4758,@drchef61,Just adopted a puppy and I'm obsessed.,2026-06-20 23:40:00,144,19.0,10.0,en
2010,@realrunner841,Why is nobody talking about this documentary?,2026-03-12 15:24:00,16,4.0,2.0,en
2228,@wildexplorer793,Just adopted a puppy and I'm obsessed.,2026-03-20 16:21:00,78,3.0,7.0,en
115,@mstraveler362,This is exactly why I love this community.,2026-01-03 05:31:00,14,1.0,1.0,en
741,@truedreamer722,Finally finished my project after weeks of work.,2026-01-25 06:39:00,160,9.0,5.0,en
711,@urbanstudent257,Vivement le week-end!,2026-01-23 21:30:00,32,1.0,3.0,fr
2403,@silentdreamer438,,2026-03-27 17:02:00,112,7.0,7.0,en
2439,@dailywriter529,Finally finished my project after weeks of work.,2026-03-28 05:07:00,29,6.0,3.0,en
4258,@silentvibes978,Wat een mooie dag vandaag!,2026-06-03 23:45:00,21,0.0,2.0,nl
3738,@nightgamer397,Just tried the new update and it's amazing! #tech,2026-05-15 16:07:00,8,3.0,2.0,en
1155,@mrgamer661,Can we talk about how good this weather is today?,2026-02-09 10:10:00,40,8.0,4.0,en
1769,@drgamer893,Cette nouvelle est incroyable.,2026-03-03 01:41:00,23,3.0,2.0,fr
2972,@msstudent630,Dit nieuws is ongelooflijk.,2026-04-17 19:19:00,14,1.0,2.0,nl
2327,@happyfox796,"New blog post is live, check it out!",2026-03-24 05:34:00,133,6.0,4.0,en
2516,@silentmind45,Finally finished my project after weeks of work.,2026-03-31 06:10:00,63,13.0,2.0,en
3754,@cosmicwanderer850,Quelle belle journee aujourd'hui!,2026-05-15 20:01:00,16,2.0,2.0,fr
1813,@thelife130,Can we talk about how good this weather is today?,2026-03-04 21:15:00,159,13.0,6.0,en
3344,@luckydev593,Just adopted a puppy and I'm obsessed.,2026-04-30 23:04:00,67,9.0,1.0,en
2450,@msstudent408,Vivement le week-end!,2026-03-28 16:00:00,17,4.0,2.0,fr
2301,@mschef852,Ich freue mich aufs Wochenende!,2026-03-22 19:09:00,210,17.0,7.0,de
3461,@trueexplorer981,Just adopted a puppy and I'm obsessed.,2026-05-04 14:02:00,90,8.0,,en
1288,@realartist455,Can we talk about how good this weather is today?,2026-02-13 20:04:00,62,4.0,3.0,en
4798,@drlife925,Cooking experiment gone right for once!,2026-06-22 12:32:00,38,3.0,2.0,en
1165,@thedev461,Conference talk today was so inspiring.,2026-02-09 19:00:00,40,3.0,4.0,en
4380,@mrexplorer753,Anyone else excited for the weekend?,2026-06-07 03:57:00,8,1.0,1.0,en
4845,@thechef938,This is exactly why I love this community.,2026-06-24 06:28:00,34,5.0,4.0,en
3543,@urbanwanderer741,Finally finished my project after weeks of work.,2026-05-07 18:27:00,709,68.0,43.0,en
3977,@techartist752,Eindelijk mijn project afgerond.,2026-05-23 18:40:00,215,32.0,5.0,nl
2322,@happygamer649,Just tried the new update and it's amazing! #tech,2026-03-23 19:23:00,10,2.0,,en
3174,@silentdev455,Feliz viernes a todos!,2026-04-24 19:49:00,15,2.0,2.0,es
1937,@truewanderer361,Quelle belle journee aujourd'hui!,2026-03-08 22:01:00,22,4.0,,fr
866,@nightstudent616,This is exactly why I love this community.,2026-01-30 11:03:00,73,10.0,4.0,en
1467,@msgamer981,Reading a great book on data science right now.,2026-02-20 06:14:00,86,,2.0,en
2091,@quietrunner431,Reading a great book on data science right now.,2026-03-14 17:49:00,11,2.0,0.0,en
2459,@sunnysoul449,Je viens de terminer mon projet.,2026-03-28 20:36:00,44,5.0,1.0,fr
2803,@thechef938,Feliz viernes a todos!,2026-04-10 21:12:00,31,,3.0,es
3718,@quietpanda67,Why is nobody talking about this documentary?,2026-05-14 20:25:00,48,5.0,2.0,en
4891,@dailydev686,,2026-06-26 07:45:00,75,3.0,4.0,en
1175,@msvibes786,Quelle belle journee aujourd'hui!,2026-02-10 04:02:00,8,1.0,1.0,fr
3082,@sunnywanderer454,Anyone else excited for the weekend?,2026-04-20 21:13:00,33,3.0,0.0,en
1436,@quietexplorer509,Que buen dia para salir a caminar!,2026-02-19 00:43:00,30,3.0,1.0,es
903,@mrexplorer753,Endlich mein Projekt fertig.,2026-01-31 00:48:00,25,7.0,3.0,de
1456,@truegamer482,This is exactly why I love this community.,2026-02-19 19:30:00,83,10.0,5.0,en
5011,@luckychef502,...,2026-01-02 04:13:00,0,0.0,1.0,en
2914,@happygamer41,"Feeling grateful today, small wins count.",2026-04-15 07:23:00,83,8.0,6.0,en
355,@thefox52,Just tried the new update and it's amazing! #tech,2026-01-11 07:56:00,35,4.0,1.0,en
4260,@cosmicgamer542,"Big news coming soon, stay tuned!",2026-06-04 00:28:00,4,3.0,0.0,en
4329,@wildpanda661,Cette nouvelle est incroyable.,2026-06-05 20:29:00,31,2.0,,fr
3586,@sunnylife494,Can we talk about how good this weather is today?,2026-05-08 21:44:00,51,,3.0,en
3662,@luckyfox776,Finally finished my project after weeks of work.,2026-05-12 16:40:00,40,5.0,1.0,en
516,@techthinker731,"Big news coming soon, stay tuned!",2026-01-16 21:48:00,4,3.0,0.0,en
4934,@luckyrunner462,,2026-06-27 02:40:00,43,2.0,4.0,fr
3075,@sunnyvibes978,Cooking experiment gone right for once!,2026-04-20 14:36:00,59,6.0,2.0,en
3685,@cosmicexplorer85,Je viens de terminer mon projet.,2026-05-13 11:00:00,5,3.0,0.0,fr
4181,@mswriter535,Cooking experiment gone right for once!,2026-05-31 08:44:00,146,9.0,4.0,en
700,@drchef61,This is exactly why I love this community.,2026-01-23 20:14:00,2,,1.0,en
2298,@realdev778,Conference talk today was so inspiring.,2026-03-22 16:21:00,372,,16.0,en
2044,@urbanlife82,Reading a great book on data science right now.,2026-03-13 19:34:00,381,51.0,22.0,en
2656,@digitalwriter882,Que buen dia para salir a caminar!,2026-04-05 01:20:00,35,,1.0,es
1375,@happysoul423,Vivement le week-end!,2026-02-16 17:52:00,55,1.0,1.0,fr
4127,@coderchef574,Que buen dia para salir a caminar!,2026-05-29 19:47:00,102,11.0,6.0,es
2608,@codergamer138,Endlich mein Projekt fertig.,2026-04-03 19:07:00,15,2.0,2.0,de
2874,@quiettraveler128,Finally finished my project after weeks of work.,2026-04-13 15:16:00,26,1.0,,en
4109,@techstudent623,Kan niet wachten op het weekend!,2026-05-29 06:00:00,70,11.0,4.0,nl
1012,@quietwanderer195,"Big news coming soon, stay tuned!",2026-02-04 21:49:00,11,4.0,0.0,en
3258,@msthinker197,"Working from the coffee shop again, love this place.",2026-04-27 04:00:00,6,0.0,1.0,en
4823,@mswriter535,Cooking experiment gone right for once!,2026-06-23 12:15:00,41,1.0,2.0,en
1301,@codervibes571,This is exactly why I love this community.,2026-02-13 21:11:00,21,5.0,3.0,en
4108,@cosmictraveler958,Cooking experiment gone right for once!,2026-05-29 01:32:00,19,4.0,3.0,en
2722,@quietlife552,Diese Nachricht ist unglaublich.,2026-04-08 08:27:00,7,1.0,,de
4549,@therunner987,Why is nobody talking about this documentary?,2026-06-13 09:55:00,70,5.0,3.0,en
3113,@therunner319,Just tried the new update and it's amazing! #tech,2026-04-22 17:52:00,50,7.0,,en
4384,@luckyexplorer123,Vivement le week-end!,2026-06-07 06:03:00,6,3.0,1.0,fr
4212,@nightexplorer653,Traffic this morning was unreal.,2026-06-01 07:23:00,51,9.0,4.0,en
2657,@dailymind151,"New blog post is live, check it out!",2026-04-05 02:34:00,21,2.0,3.0,en
2160,@dailyfox546,Finally finished my project after weeks of work.,2026-03-17 15:33:00,64,5.0,4.0,en
3868,@therunner406,This is exactly why I love this community.,2026-05-20 06:01:00,60,5.0,,en
2881,@nightgamer397,Just tried the new update and it's amazing! #tech,2026-04-13 21:42:00,262,16.0,,en
4231,@realtraveler885,Anyone else excited for the weekend?,2026-06-02 10:53:00,14,3.0,0.0,en
149,@nightexplorer406,Anyone else excited for the weekend?,2026-01-04 14:23:00,99,11.0,8.0,en
4314,@sunnylife494,Can we talk about how good this weather is today?,2026-06-05 18:24:00,5,4.0,,en
4537,@mschef687,No puedo creer las noticias de hoy.,2026-06-12 21:45:00,50,4.0,3.0,es
4924,@happypanda124,Just adopted a puppy and I'm obsessed.,2026-06-26 21:30:00,13,4.0,2.0,en
531,@msvibes786,Cooking experiment gone right for once!,2026-01-17 12:34:00,39,,,en
987,@happypanda983,Why is nobody talking about this documentary?,2026-02-03 17:09:00,4,0.0,0.0,en
4454,@happyvibes37,Just adopted a puppy and I'm obsessed.,2026-06-10 14:16:00,25,6.0,2.0,en
4519,@dailynews763,"Big news coming soon, stay tuned!",2026-06-12 19:54:00,44,6.0,4.0,en
4545,@silentchef321,Traffic this morning was unreal.,2026-06-13 03:14:00,146,10.0,11.0,en
4616,@luckychef502,Why is nobody talking about this documentary?,2026-06-16 12:20:00,81,8.0,6.0,en
3946,@silentvoice982,Que buen dia para salir a caminar!,2026-05-22 19:26:00,364,42.0,9.0,es
4724,@realtraveler132,This is exactly why I love this community.,2026-06-19 21:04:00,18,4.0,1.0,en
1853,@coderchef574,"New blog post is live, check it out!",2026-03-06 19:02:00,66,7.0,3.0,en
1942,@truepanda203,Que buen dia para salir a caminar!,2026-03-09 05:57:00,18,4.0,2.0,es
4002,@realfox601,Finally finished my project after weeks of work.,2026-05-24 23:29:00,368,24.0,26.0,en
4775,@codertraveler952,No puedo creer las noticias de hoy.,2026-06-21 16:32:00,14,2.0,,es
1293,@dailypanda659,Cooking experiment gone right for once!,2026-02-13 20:37:00,65,6.0,7.0,en
2754,@happyvibes58,Reading a great book on data science right now.,2026-04-09 05:48:00,155,,9.0,en
359,@justwriter143,"Feeling grateful today, small wins count.",2026-01-11 11:28:00,52,5.0,1.0,en
3030,@digitalartist333,Anyone else excited for the weekend?,2026-04-19 00:03:00,36,8.0,2.0,en
2341,@msdev103,Finally finished my project after weeks of work.,2026-03-24 16:04:00,10,0.0,1.0,en
3523,@luckychef807,Vivement le week-end!,2026-05-07 06:02:00,102,9.0,,fr
34,@silentdreamer438,Finally finished my project after weeks of work.,2026-01-02 00:47:00,6,1.0,2.0,en
330,@silentfox321,This is exactly why I love this community.,2026-01-10 13:38:00,26,6.0,2.0,en
3858,@silentartist366,Reading a great book on data science right now.,2026-05-19 22:16:00,22,3.0,0.0,en
4587,@msdev598,"Big news coming soon, stay tuned!",2026-06-15 12:53:00,1028,119.0,82.0,en
4239,@wildpanda875,Cette nouvelle est incroyable.,2026-06-02 18:31:00,26,4.0,0.0,fr
1732,@mstraveler362,Was fur ein schoner Tag heute!,2026-03-01 05:41:00,14,3.0,2.0,de
2784,@urbanlife463,"Feeling grateful today, small wins count.",2026-04-10 19:29:00,46,2.0,3.0,en
1537,@happygamer41,Just adopted a puppy and I'm obsessed.,2026-02-22 05:00:00,22,2.0,3.0,en
1888,@truenews778,Finally finished my project after weeks of work.,2026-03-07 03:56:00,51,7.0,0.0,en
4124,@codersoul455,Cooking experiment gone right for once!,2026-05-29 19:34:00,165,20.0,4.0,en
1387,@happyvoice637,"Big news coming soon, stay tuned!",2026-02-17 07:31:00,12,4.0,,en
4876,@drchef131,Just adopted a puppy and I'm obsessed.,2026-06-25 15:15:00,26,5.0,2.0,en
4638,@codernews486,"Big news coming soon, stay tuned!",2026-06-17 03:21:00,2,1.0,1.0,en
2157,@drvoice288,Kan niet wachten op het weekend!,2026-03-17 13:51:00,251,23.0,8.0,nl
4828,@drchef61,This is exactly why I love this community.,2026-06-23 17:45:00,65,6.0,4.0,en
3119,@msgamer420,"Working from the coffee shop again, love this place.",2026-04-22 22:03:00,27,4.0,1.0,en
687,@dailypanda227,Cette nouvelle est incroyable.,2026-01-23 19:23:00,122,15.0,7.0,fr
1262,@dailynews763,"Big news coming soon, stay tuned!",2026-02-13 04:55:00,55,,2.0,en
4915,@wildexplorer290,,2026-06-26 20:06:00,112,17.0,5.0,en
3948,@sunnywanderer454,Conference talk today was so inspiring.,2026-05-22 20:00:00,28,4.0,1.0,en
3135,@drsoul588,"Feeling grateful today, small wins count.",2026-04-23 13:30:00,33,3.0,4.0,en
1406,@techstudent692,Quelle belle journee aujourd'hui!,2026-02-17 23:11:00,26,6.0,,fr
693,@techchef31,"Feeling grateful today, small wins count.",2026-01-23 19:49:00,29,,3.0,en
2796,@urbanthinker849,Why is nobody talking about this documentary?,2026-04-10 20:29:00,70,5.0,1.0,en
3727,@thefox52,Just tried the new update and it's amazing! #tech,2026-05-15 03:22:00,31,0.0,2.0,en
4485,@urbanvoice918,Just adopted a puppy and I'm obsessed.,2026-06-11 17:14:00,8,2.0,1.0,en
4240,@quietvibes333,Just tried the new update and it's amazing! #tech,2026-06-02 20:29:00,57,10.0,2.0,en
3371,@sunnydreamer992,Can we talk about how good this weather is today?,2026-05-01 19:45:00,101,5.0,2.0,en
4101,@dailyartist662,"New blog post is live, check it out!",2026-05-28 19:39:00,112,11.0,8.0,en
3892,@digitalwriter882,This is exactly why I love this community.,2026-05-21 09:42:00,43,,1.0,en
4138,@luckywriter983,Kan niet wachten op het weekend!,2026-05-29 20:54:00,32,8.0,3.0,nl
3501,@reallife812,"New blog post is live, check it out!",2026-05-06 10:31:00,17,5.0,3.0,en
4641,@quietvibes333,Just adopted a puppy and I'm obsessed.,2026-06-17 04:35:00,99,12.0,8.0,en
1764,@mrexplorer871,"Feeling grateful today, small wins count.",2026-03-02 22:49:00,126,8.0,2.0,en
1988,@truedev87,"Working from the coffee shop again, love this place.",2026-03-11 09:53:00,18,4.0,1.0,en
674,@cosmicwanderer222,Kan niet wachten op het weekend!,2026-01-23 07:50:00,16,4.0,0.0,nl
397,@cosmicwanderer288,Que buen dia para salir a caminar!,2026-01-13 03:18:00,49,8.0,2.0,es
753,@happyvoice153,Why is nobody talking about this documentary?,2026-01-25 15:11:00,10,3.0,0.0,en
4432,@mswriter535,Quelle belle journee aujourd'hui!,2026-06-09 13:37:00,18,4.0,1.0,fr
4198,@realtraveler132,"New blog post is live, check it out!",2026-05-31 22:53:00,62,2.0,4.0,en
3166,@drgamer893,Anyone else excited for the weekend?,2026-04-24 19:33:00,49,9.0,4.0,en
4147,@drgamer893,Anyone else excited for the weekend?,2026-05-29 21:50:00,20,1.0,,en
4614,@nightstudent848,Ich freue mich aufs Wochenende!,2026-06-16 09:07:00,12,1.0,0.0,de
129,@truewanderer482,Just tried the new update and it's amazing! #tech,2026-01-03 18:39:00,45,2.0,2.0,en
803,@techvibes895,Cette nouvelle est incroyable.,2026-01-27 20:42:00,21,4.0,0.0,fr
388,@urbantraveler501,Terminando el proyecto por fin.,2026-01-12 10:12:00,46,6.0,1.0,es
4683,@themind737,Can we talk about how good this weather is today?,2026-06-18 17:41:00,51,8.0,4.0,en
1007,@digitalrunner393,Just adopted a puppy and I'm obsessed.,2026-02-04 16:28:00,161,13.0,5.0,en
808,@realartist719,"New blog post is live, check it out!",2026-01-27 23:25:00,22,2.0,2.0,en
653,@wildsoul663,Feliz viernes a todos!,2026-01-22 04:25:00,21,5.0,1.0,es
1671,@thechef938,This is exactly why I love this community.,2026-02-27 11:22:00,3,,1.0,en
2046,@mslife259,"Big news coming soon, stay tuned!",2026-03-13 20:00:00,32,4.0,1.0,en
1894,@dailytechupdate,Dit nieuws is ongelooflijk.,2026-03-07 06:22:00,749,80.0,45.0,nl
3751,@truedreamer447,Finally finished my project after weeks of work.,2026-05-15 19:54:00,10,1.0,2.0,en
1153,@luckywriter983,"New blog post is live, check it out!",2026-02-09 10:02:00,17,6.0,0.0,en
3191,@realrunner533,Reading a great book on data science right now.,2026-04-24 21:32:00,20,5.0,2.0,en
4985,@drgamer893,Anyone else excited for the weekend?,2026-06-29 09:00:00,6,4.0,1.0,en
3582,@silentwriter130,"Feeling grateful today, small wins count.",2026-05-08 21:26:00,11,5.0,2.0,en
2335,@dailydev686,Vivement le week-end!,2026-03-24 10:48:00,51,,3.0,fr
4542,@thedev705,"Big news coming soon, stay tuned!",2026-06-13 01:27:00,48,4.0,1.0,en
2316,@urbanrunner384,"New blog post is live, check it out!",2026-03-23 10:54:00,42,7.0,3.0,en
4901,@wildstudent902,This is exactly why I love this community.,2026-06-26 16:00:00,17,4.0,1.0,en
952,@coderdev433,"Big news coming soon, stay tuned!",2026-02-02 05:28:00,26,2.0,1.0,en
2414,@techthinker448,No puedo creer las noticias de hoy.,2026-03-27 19:39:00,210,32.0,7.0,es
3976,@trueexplorer291,This is exactly why I love this community.,2026-05-23 16:46:00,15,1.0,,en
4061,@truevibes288,Cooking experiment gone right for once!,2026-05-27 03:18:00,482,30.0,10.0,en
1422,@thesoul854,Anyone else excited for the weekend?,2026-02-18 10:07:00,85,8.0,7.0,en
968,@justmind541,"Working from the coffee shop again, love this place.",2026-02-02 21:44:00,33,2.0,3.0,en
575,@mslife244,Cooking experiment gone right for once!,2026-01-19 05:19:00,39,2.0,,en
4980,@wildexplorer402,Que buen dia para salir a caminar!,2026-06-29 06:30:00,15,,2.0,es
2590,@mrexplorer871,Dit nieuws is ongelooflijk.,2026-04-02 23:20:00,148,7.0,3.0,nl
2059,@thetraveler466,Traffic this morning was unreal.,2026-03-13 21:35:00,109,17.0,,en
4325,@techstudent504,Terminando el proyecto por fin.,2026-06-05 20:06:00,32,5.0,4.0,es
1604,@mstraveler362,This is exactly why I love this community.,2026-02-24 19:00:00,25,4.0,1.0,en
666,@codertraveler495,Reading a great book on data science right now.,2026-01-22 18:35:00,175,23.0,,en
4441,@sunnywanderer454,Anyone else excited for the weekend?,2026-06-09 21:44:00,26,4.0,0.0,en
3366,@mssoul499,Just tried the new update and it's amazing! #tech,2026-05-01 18:16:00,11,2.0,,en
1358,@reallife812,Why is nobody talking about this documentary?,2026-02-15 22:01:00,27,4.0,,en
1439,@msthinker530,Just tried the new update and it's amazing! #tech,2026-02-19 01:31:00,23,6.0,1.0,en
3278,@dailywriter148,Reading a great book on data science right now.,2026-04-27 22:24:00,25,3.0,2.0,en
2258,@sunnylife494,Can we talk about how good this weather is today?,2026-03-20 21:44:00,10,4.0,1.0,en
3724,@silentstudent99,"Big news coming soon, stay tuned!",2026-05-15 02:44:00,21,5.0,,en
3577,@dailytechupdate,Why is nobody talking about this documentary?,2026-05-08 21:07:00,663,101.0,22.0,en
3196,@reallife2,This is exactly why I love this community.,2026-04-25 00:25:00,169,27.0,6.0,en
4540,@mstraveler362,"Big news coming soon, stay tuned!",2026-06-13 00:41:00,14,5.0,1.0,en
203,@quietpanda247,Traffic this morning was unreal.,2026-01-07 00:03:00,11,2.0,0.0,en
2830,@truelife288,Finally finished my project after weeks of work.,2026-04-11 17:08:00,42,6.0,1.0,en
2049,@realtraveler132,Quelle belle journee aujourd'hui!,2026-03-13 20:27:00,33,2.0,3.0,fr
3149,@sunnynews853,"New blog post is live, check it out!",2026-04-24 04:05:00,38,1.0,4.0,en
4473,@thefox52,Was fur ein schoner Tag heute!,2026-06-11 04:57:00,77,9.0,6.0,de
2612,@luckythinker140,,2026-04-03 19:37:00,52,3.0,3.0,en
1867,@realartist272,Feliz viernes a todos!,2026-03-06 20:35:00,78,7.0,,es
3605,@dailygamer259,Cette nouvelle est incroyable.,2026-05-09 15:39:00,67,4.0,3.0,fr
759,@luckyfox758,Just adopted a puppy and I'm obsessed.,2026-01-25 18:18:00,108,8.0,3.0,en
15,@theexplorer402,Anyone else excited for the weekend?,2026-01-01 12:03:00,195,17.0,15.0,en
3716,@msdreamer316,Cooking experiment gone right for once!,2026-05-14 16:33:00,41,5.0,1.0,en
814,@luckychef247,Why is nobody talking about this documentary?,2026-01-28 05:15:00,41,4.0,3.0,en
4453,@dailymind993,"Working from the coffee shop again, love this place.",2026-06-10 14:06:00,156,24.0,11.0,en
3454,@quiettraveler68,Que buen dia para salir a caminar!,2026-05-04 10:48:00,432,35.0,11.0,es
2243,@realtraveler885,"New blog post is live, check it out!",2026-03-20 20:12:00,12,4.0,1.0,en
911,@wilddev434,"Working from the coffee shop again, love this place.",2026-01-31 12:53:00,10,4.0,0.0,en
1454,@truewanderer361,Why is nobody talking about this documentary?,2026-02-19 17:09:00,51,6.0,3.0,en
3142,@reallife2,This is exactly why I love this community.,2026-04-23 22:58:00,27,6.0,0.0,en
4849,@urbanpanda555,Traffic this morning was unreal.,2026-06-24 11:12:00,20,4.0,2.0,en
2645,@truevoice35,Finally finished my project after weeks of work.,2026-04-04 06:46:00,23,2.0,2.0,en
3515,@realthinker625,Eindelijk mijn project afgerond.,2026-05-07 02:37:00,49,5.0,2.0,nl
3315,@mspanda608,Dit nieuws is ongelooflijk.,2026-04-29 16:01:00,9,2.0,2.0,nl
2630,@silentmind598,Traffic this morning was unreal.,2026-04-03 21:10:00,26,5.0,1.0,en
4282,@silentchef208,Cooking experiment gone right for once!,2026-06-04 16:34:00,11,3.0,1.0,en
4372,@quietexplorer877,,2026-06-06 16:33:00,188,6.0,12.0,en
4585,@silentmind45,Feliz viernes a todos!,2026-06-15 10:41:00,17,5.0,1.0,es
4765,@nightvoice746,Traffic this morning was unreal.,2026-06-21 06:35:00,13,2.0,,en
1860,@silentexplorer72,Endlich mein Projekt fertig.,2026-03-06 19:42:00,28,3.0,0.0,de
1883,@quietlife552,"Big news coming soon, stay tuned!",2026-03-06 22:07:00,92,14.0,4.0,en
4759,@mswanderer793,Just adopted a puppy and I'm obsessed.,2026-06-21 01:06:00,8,4.0,2.0,en
4259,@thefox52,Just tried the new update and it's amazing! #tech,2026-06-03 23:47:00,32,3.0,0.0,en
3504,@coderthinker615,Eindelijk mijn project afgerond.,2026-05-06 15:04:00,26,,1.0,nl
875,@thefox52,Just tried the new update and it's amazing! #tech,2026-01-30 19:15:00,34,5.0,2.0,en
5060,@mschef831,??,2026-04-02 22:55:00,0,1.0,0.0,en
3694,@drdev183,No puedo creer las noticias de hoy.,2026-05-13 19:53:00,15,1.0,2.0,es
4463,@quietlife367,Traffic this morning was unreal.,2026-06-10 19:59:00,138,14.0,8.0,en
3393,@dailytechupdate,Dit nieuws is ongelooflijk.,2026-05-01 21:35:00,890,26.0,37.0,nl
9,@mrgamer661,Terminando el proyecto por fin.,2026-01-01 05:55:00,144,13.0,9.0,es
3549,@thelife285,Cooking experiment gone right for once!,2026-05-08 02:23:00,54,7.0,0.0,en
311,@thetraveler554,Can we talk about how good this weather is today?,2026-01-09 21:56:00,18,2.0,2.0,en
4393,@mssoul366,Why is nobody talking about this documentary?,2026-06-07 11:46:00,20,5.0,2.0,en
4307,@codervoice30,Cette nouvelle est incroyable.,2026-06-05 13:28:00,240,12.0,15.0,fr
2358,@nightvibes838,Je viens de terminer mon projet.,2026-03-25 12:49:00,23,0.0,2.0,fr
2733,@silentchef208,Terminando el proyecto por fin.,2026-04-08 15:55:00,16,,2.0,es
4419,@silentwriter49,Kan niet wachten op het weekend!,2026-06-08 16:31:00,11,2.0,2.0,nl
2786,@thechef938,This is exactly why I love this community.,2026-04-10 19:36:00,67,7.0,6.0,en
862,@msdev103,Conference talk today was so inspiring.,2026-01-30 04:22:00,5,0.0,0.0,en
3133,@truevibes165,Just tried the new update and it's amazing! #tech,2026-04-23 11:54:00,13,1.0,0.0,en
991,@digitalexplorer54,"Working from the coffee shop again, love this place.",2026-02-04 00:56:00,55,11.0,2.0,en
3242,@techstudent504,Just tried the new update and it's amazing! #tech,2026-04-26 15:32:00,194,17.0,12.0,en
38,@dailywriter148,"Big news coming soon, stay tuned!",2026-01-02 02:49:00,42,7.0,2.0,en
2999,@realrunner841,Conference talk today was so inspiring.,2026-04-17 21:18:00,17,3.0,2.0,en
4201,@wildexplorer793,Quelle belle journee aujourd'hui!,2026-06-01 00:07:00,18,2.0,2.0,fr
7,@nightartist873,Can we talk about how good this weather is today?,2026-01-01 05:31:00,8,1.0,2.0,en
2885,@techstudent104,Vivement le week-end!,2026-04-14 02:53:00,19,6.0,0.0,fr
3990,@digitalwriter882,This is exactly why I love this community.,2026-05-24 09:12:00,42,6.0,4.0,en
3854,@techdreamer926,Eindelijk mijn project afgerond.,2026-05-19 17:40:00,6,3.0,2.0,nl
3901,@sunnynews418,Reading a great book on data science right now.,2026-05-21 15:11:00,238,13.0,7.0,en
3822,@silentwanderer253,Feliz viernes a todos!,2026-05-18 04:58:00,66,6.0,5.0,es
177,@sunnynews853,No puedo creer las noticias de hoy.,2026-01-05 19:51:00,14,3.0,2.0,es
2138,@nighttraveler146,"Feeling grateful today, small wins count.",2026-03-16 19:53:00,76,13.0,4.0,en
2045,@quietexplorer509,"New blog post is live, check it out!",2026-03-13 19:46:00,17,5.0,3.0,en
1821,@techexplorer915,Cette nouvelle est incroyable.,2026-03-05 07:17:00,15,1.0,1.0,fr
1339,@sunnyvibes978,Finally finished my project after weeks of work.,2026-02-15 03:21:00,7,3.0,1.0,en
3552,@techvibes252,"New blog post is live, check it out!",2026-05-08 05:48:00,183,,9.0,en
326,@therunner987,Why is nobody talking about this documentary?,2026-01-10 08:13:00,5,2.0,,en
3687,@sunnyvoice684,Just tried the new update and it's amazing! #tech,2026-05-13 11:45:00,33,7.0,3.0,en
4105,@cosmicwanderer288,"Feeling grateful today, small wins count.",2026-05-28 23:20:00,7,3.0,2.0,en
2544,@dailylife895,Finally finished my project after weeks of work.,2026-04-01 10:50:00,15,3.0,1.0,en
1443,@mssoul366,Was fur ein schoner Tag heute!,2026-02-19 08:39:00,69,10.0,5.0,de
2793,@techartist141,"Big news coming soon, stay tuned!",2026-04-10 20:14:00,71,3.0,6.0,en
405,@techstudent504,Cooking experiment gone right for once!,2026-01-13 10:12:00,62,5.0,4.0,en
2771,@dailythinker783,Cooking experiment gone right for once!,2026-04-10 02:11:00,50,4.0,4.0,en
4893,@quietvibes333,Why is nobody talking about this documentary?,2026-06-26 09:47:00,8,3.0,,en
2626,@justwriter143,,2026-04-03 20:51:00,8,4.0,2.0,en
2263,@coderthinker615,,2026-03-21 01:42:00,13,5.0,0.0,en
2077,@techdreamer926,"Working from the coffee shop again, love this place.",2026-03-14 08:52:00,11,0.0,,en
1489,@coderwanderer447,Je viens de terminer mon projet.,2026-02-20 19:40:00,26,6.0,0.0,fr
2707,@quietpanda67,Anyone else excited for the weekend?,2026-04-07 16:22:00,31,4.0,0.0,en
1893,@happyrunner56,Reading a great book on data science right now.,2026-03-07 05:24:00,63,8.0,6.0,en
5004,@coderwanderer616,!!,2026-03-28 16:27:00,3,0.0,1.0,en
2194,@coderthinker615,,2026-03-19 06:36:00,18,3.0,0.0,fr
4044,@msvibes786,Anyone else excited for the weekend?,2026-05-26 15:02:00,49,3.0,1.0,en
5112,@silentdev455,👍👍,2026-01-10 17:23:00,3,0.0,0.0,en
1420,@quietvoice816,This is exactly why I love this community.,2026-02-18 09:02:00,75,12.0,5.0,en
3746,@msthinker798,"Working from the coffee shop again, love this place.",2026-05-15 19:31:00,54,6.0,4.0,en
4433,@realtraveler885,Just tried the new update and it's amazing! #tech,2026-06-09 14:09:00,8,4.0,1.0,en
4302,@techchef117,Traffic this morning was unreal.,2026-06-05 09:35:00,13,3.0,1.0,en
2369,@wildpanda661,Endlich mein Projekt fertig.,2026-03-25 21:05:00,21,1.0,1.0,de
2030,@realsoul108,Why is nobody talking about this documentary?,2026-03-13 13:56:00,22,4.0,3.0,en
4578,@quietthinker269,Why is nobody talking about this documentary?,2026-06-15 01:03:00,695,63.0,17.0,en
195,@mrsoul935,"Big news coming soon, stay tuned!",2026-01-06 15:09:00,11,4.0,1.0,en
2937,@mssoul499,Conference talk today was so inspiring.,2026-04-16 03:57:00,42,4.0,5.0,en
2550,@urbanpanda555,Traffic this morning was unreal.,2026-04-01 15:38:00,53,7.0,,en
1036,@msfox886,Diese Nachricht ist unglaublich.,2026-02-05 23:32:00,39,4.0,0.0,de
2662,@urbanstudent404,Anyone else excited for the weekend?,2026-04-05 09:59:00,5,3.0,1.0,en
3408,@msfox886,Eindelijk mijn project afgerond.,2026-05-02 12:32:00,84,8.0,,nl
3500,@truethinker286,Traffic this morning was unreal.,2026-05-06 10:08:00,14,3.0,0.0,en
1851,@urbandreamer38,"Big news coming soon, stay tuned!",2026-03-06 15:43:00,38,8.0,4.0,en
4488,@urbanmind722,Can we talk about how good this weather is today?,2026-06-11 20:31:00,3,2.0,1.0,en
2955,@techdreamer926,Anyone else excited for the weekend?,2026-04-17 03:42:00,267,40.0,18.0,en
4362,@msgamer420,"Working from the coffee shop again, love this place.",2026-06-06 07:17:00,16,4.0,,en
1705,@thechef938,This is exactly why I love this community.,2026-02-27 21:59:00,79,13.0,2.0,en
1689,@juststudent636,Traffic this morning was unreal.,2026-02-27 20:09:00,12,1.0,1.0,en
4119,@mrchef470,Traffic this morning was unreal.,2026-05-29 19:04:00,18,4.0,2.0,en
2132,@realsoul108,Why is nobody talking about this documentary?,2026-03-16 11:09:00,7,2.0,2.0,en
3268,@msstudent408,"Big news coming soon, stay tuned!",2026-04-27 12:42:00,26,1.0,0.0,en
4481,@silentwriter862,Conference talk today was so inspiring.,2026-06-11 15:16:00,87,10.0,4.0,en
66,@sunnyartist166,Conference talk today was so inspiring.,2026-01-02 19:12:00,62,12.0,3.0,en
1690,@happygamer41,Cette nouvelle est incroyable.,2026-02-27 20:12:00,131,17.0,10.0,fr
1514,@urbandreamer38,"New blog post is live, check it out!",2026-02-21 02:34:00,98,13.0,6.0,en
3748,@realmind514,Just tried the new update and it's amazing! #tech,2026-05-15 19:42:00,63,11.0,6.0,en
3373,@codersoul455,Que buen dia para salir a caminar!,2026-05-01 19:50:00,41,7.0,1.0,es
233,@quiettraveler128,Cette nouvelle est incroyable.,2026-01-08 00:25:00,17,4.0,0.0,fr
4978,@sunnyfox6,Was fur ein schoner Tag heute!,2026-06-29 05:43:00,4,3.0,1.0,de
1096,@sunnythinker776,Conference talk today was so inspiring.,2026-02-07 03:55:00,107,4.0,3.0,en
288,@nightdreamer384,Just adopted a puppy and I'm obsessed.,2026-01-09 20:10:00,122,16.0,4.0,en
3547,@urbanlife82,Conference talk today was so inspiring.,2026-05-07 23:16:00,8,4.0,2.0,en
4620,@luckylife2,Terminando el proyecto por fin.,2026-06-16 14:13:00,40,5.0,2.0,es
2199,@techthinker448,,2026-03-19 12:02:00,27,7.0,2.0,en
529,@quietmind15,Just adopted a puppy and I'm obsessed.,2026-01-17 10:13:00,5,2.0,2.0,en
837,@wildpanda661,Why is nobody talking about this documentary?,2026-01-29 06:14:00,61,9.0,5.0,en
4383,@realfox601,Finally finished my project after weeks of work.,2026-06-07 05:38:00,10,1.0,1.0,en
3165,@dailypanda659,Cooking experiment gone right for once!,2026-04-24 19:31:00,25,3.0,2.0,en
3824,@happypanda983,Why is nobody talking about this documentary?,2026-05-18 05:10:00,19,0.0,2.0,en
4768,@mrgamer661,Traffic this morning was unreal.,2026-06-21 10:40:00,33,3.0,,en
1733,@wilddev434,Cette nouvelle est incroyable.,2026-03-01 07:03:00,187,,13.0,fr
2834,@dailytechupdate,Was fur ein schoner Tag heute!,2026-04-11 23:21:00,973,63.0,61.0,de
2007,@therunner54,Traffic this morning was unreal.,2026-03-12 13:19:00,24,2.0,1.0,en
1667,@realstudent654,Finally finished my project after weeks of work.,2026-02-27 07:56:00,61,9.0,2.0,en
238,@coderstudent896,Anyone else excited for the weekend?,2026-01-08 04:54:00,7,2.0,0.0,en
3476,@mrrunner251,Que buen dia para salir a caminar!,2026-05-05 07:39:00,33,7.0,1.0,es
1587,@dailynews763,Vivement le week-end!,2026-02-24 04:40:00,70,10.0,2.0,fr
1438,@quietdev850,This is exactly why I love this community.,2026-02-19 01:09:00,30,2.0,3.0,en
3556,@dailyexplorer949,Anyone else excited for the weekend?,2026-05-08 12:10:00,20,5.0,2.0,en
3972,@cosmictraveler413,Traffic this morning was unreal.,2026-05-23 12:38:00,18,4.0,2.0,en
1752,@drsoul588,Dit nieuws is ongelooflijk.,2026-03-02 11:08:00,5,,1.0,nl
2337,@techwriter588,Can we talk about how good this weather is today?,2026-03-24 11:57:00,3,4.0,2.0,en
2760,@mrmind444,This is exactly why I love this community.,2026-04-09 16:50:00,20,6.0,0.0,en
3809,@msfox51,"New blog post is live, check it out!",2026-05-17 08:37:00,13,,,en
5116,@msgamer981,...,2026-02-06 20:04:00,1,1.0,1.0,en
114,@silentchef208,Wat een mooie dag vandaag!,2026-01-03 05:15:00,62,4.0,2.0,nl
4955,@happyrunner56,Just adopted a puppy and I'm obsessed.,2026-06-28 03:26:00,10,3.0,0.0,en
60,@nightdreamer384,Just adopted a puppy and I'm obsessed.,2026-01-02 17:00:00,67,7.0,4.0,en
4378,@drrunner405,Just tried the new update and it's amazing! #tech,2026-06-07 02:55:00,59,8.0,2.0,en
1768,@digitaldreamer73,Conference talk today was so inspiring.,2026-03-03 00:53:00,71,9.0,5.0,en
1404,@silentwanderer253,Quelle belle journee aujourd'hui!,2026-02-17 21:34:00,36,7.0,2.0,fr
3812,@cosmiclife757,Just tried the new update and it's amazing! #tech,2026-05-17 15:35:00,116,,,en
3534,@thedev461,Can we talk about how good this weather is today?,2026-05-07 12:05:00,51,6.0,3.0,en
257,@quietdev850,"Big news coming soon, stay tuned!",2026-01-09 00:10:00,4,0.0,1.0,en
1503,@justwriter143,,2026-02-20 21:08:00,28,2.0,2.0,en
3671,@theexplorer402,Anyone else excited for the weekend?,2026-05-12 23:04:00,29,3.0,2.0,en
4756,@wildthinker540,Conference talk today was so inspiring.,2026-06-20 21:32:00,23,5.0,3.0,en
834,@nightstudent939,Traffic this morning was unreal.,2026-01-29 05:15:00,20,2.0,2.0,en
752,@luckychef807,Conference talk today was so inspiring.,2026-01-25 14:37:00,54,7.0,5.0,en
1330,@techstudent104,This is exactly why I love this community.,2026-02-14 19:43:00,58,5.0,,en
3947,@mrexplorer753,Dit nieuws is ongelooflijk.,2026-05-22 19:43:00,69,8.0,3.0,nl
3678,@techvoice275,Conference talk today was so inspiring.,2026-05-13 08:10:00,10,0.0,1.0,en
3771,@cosmictraveler626,"Big news coming soon, stay tuned!",2026-05-15 20:44:00,38,3.0,3.0,en
4850,@cosmicvibes266,"Feeling grateful today, small wins count.",2026-06-24 16:04:00,58,4.0,0.0,en
616,@truelife595,Terminando el proyecto por fin.,2026-01-20 16:06:00,31,7.0,4.0,es
2104,@wildvibes314,Can we talk about how good this weather is today?,2026-03-15 09:29:00,95,3.0,1.0,en
4898,@wildgamer786,"Big news coming soon, stay tuned!",2026-06-26 15:12:00,111,6.0,8.0,en
1389,@truedreamer447,Finally finished my project after weeks of work.,2026-02-17 08:22:00,22,,0.0,en
1637,@truevibes165,"Big news coming soon, stay tuned!",2026-02-26 05:59:00,30,4.0,1.0,en
4268,@happypanda482,Why is nobody talking about this documentary?,2026-06-04 04:15:00,6,4.0,0.0,en
3885,@techexplorer915,Traffic this morning was unreal.,2026-05-21 02:43:00,38,7.0,3.0,en
3034,@drlife685,Anyone else excited for the weekend?,2026-04-19 03:57:00,34,6.0,3.0,en
4035,@dailytechupdate,,2026-05-26 05:51:00,657,97.0,35.0,en
1869,@wilddev434,"Working from the coffee shop again, love this place.",2026-03-06 20:52:00,62,3.0,1.0,en
3218,@mrartist788,Cette nouvelle est incroyable.,2026-04-25 19:38:00,124,13.0,4.0,fr
67,@coderthinker615,Why is nobody talking about this documentary?,2026-01-02 19:13:00,15,2.0,0.0,en
2552,@silenttraveler77,Conference talk today was so inspiring.,2026-04-01 17:29:00,19,0.0,2.0,en
2876,@wildwriter840,Conference talk today was so inspiring.,2026-04-13 17:19:00,5,2.0,2.0,en
2875,@dailyvibes599,Why is nobody talking about this documentary?,2026-04-13 16:08:00,96,5.0,7.0,en
1728,@nightfox415,Just tried the new update and it's amazing! #tech,2026-03-01 02:41:00,11,4.0,2.0,en
3795,@technews849,"New blog post is live, check it out!",2026-05-16 16:34:00,37,,4.0,en
2744,@techexplorer915,Why is nobody talking about this documentary?,2026-04-08 22:44:00,11,,1.0,en
3173,@truedreamer447,,2026-04-24 19:49:00,226,9.0,11.0,en
3347,@digitalvoice610,Endlich mein Projekt fertig.,2026-05-01 01:28:00,21,3.0,1.0,de
4158,@theartist682,Quelle belle journee aujourd'hui!,2026-05-30 12:20:00,19,4.0,2.0,fr
3981,@luckyfox758,Just adopted a puppy and I'm obsessed.,2026-05-23 21:44:00,18,5.0,2.0,en
88,@quietwanderer738,Just adopted a puppy and I'm obsessed.,2026-01-02 20:37:00,37,0.0,3.0,en
1468,@sunnynews435,This is exactly why I love this community.,2026-02-20 07:17:00,6,3.0,1.0,en
4839,@nightthinker724,"Feeling grateful today, small wins count.",2026-06-24 03:26:00,18,5.0,3.0,en
4427,@mssoul776,"Big news coming soon, stay tuned!",2026-06-09 01:35:00,231,15.0,9.0,en
3499,@truefox665,Cette nouvelle est incroyable.,2026-05-06 07:28:00,12,3.0,2.0,fr
3509,@justdev621,Ich freue mich aufs Wochenende!,2026-05-06 20:48:00,2,1.0,1.0,de
602,@mssoul242,Que buen dia para salir a caminar!,2026-01-20 04:51:00,100,15.0,8.0,es
2042,@digitalartist333,,2026-03-13 19:27:00,20,5.0,1.0,fr
3831,@codertraveler458,Cette nouvelle est incroyable.,2026-05-18 07:54:00,64,7.0,4.0,fr
1273,@msgamer577,Conference talk today was so inspiring.,2026-02-13 17:56:00,76,12.0,6.0,en
856,@happyartist969,Conference talk today was so inspiring.,2026-01-30 00:10:00,42,4.0,1.0,en
345,@msdreamer316,Cooking experiment gone right for once!,2026-01-11 00:01:00,47,7.0,,en
2683,@luckypanda930,This is exactly why I love this community.,2026-04-06 08:04:00,72,10.0,1.0,en
2332,@drvoice288,Was fur ein schoner Tag heute!,2026-03-24 06:53:00,15,6.0,1.0,de
1465,@quietthinker979,Wat een mooie dag vandaag!,2026-02-20 03:17:00,24,6.0,1.0,nl
168,@digitalwriter882,This is exactly why I love this community.,2026-01-05 05:32:00,30,3.0,1.0,en
2787,@techchef117,Can we talk about how good this weather is today?,2026-04-10 19:38:00,27,7.0,2.0,en
3147,@msdreamer316,This is exactly why I love this community.,2026-04-24 03:00:00,14,2.0,0.0,en
2299,@quietartist595,Eindelijk mijn project afgerond.,2026-03-22 17:20:00,16,2.0,2.0,nl
309,@silentstudent915,This is exactly why I love this community.,2026-01-09 21:47:00,6,,2.0,en
1935,@dailychef65,Why is nobody talking about this documentary?,2026-03-08 21:57:00,48,8.0,1.0,en
3138,@digitalexplorer54,Can we talk about how good this weather is today?,2026-04-23 18:30:00,33,6.0,,en
3351,@thedreamer792,Terminando el proyecto por fin.,2026-05-01 05:04:00,22,4.0,1.0,es
731,@nightvoice64,Reading a great book on data science right now.,2026-01-24 20:23:00,34,2.0,4.0,en
5101,@quietvibes721,-,2026-05-16 11:05:00,2,0.0,1.0,en
2528,@happyrunner56,Reading a great book on data science right now.,2026-03-31 17:26:00,5,3.0,0.0,en
770,@thelife285,"Big news coming soon, stay tuned!",2026-01-26 04:20:00,9,5.0,1.0,en
2264,@codervoice30,"Feeling grateful today, small wins count.",2026-03-21 01:56:00,40,3.0,2.0,en
3364,@cosmicgamer939,Just tried the new update and it's amazing! #tech,2026-05-01 16:26:00,169,25.0,8.0,en
978,@dailyartist277,Je viens de terminer mon projet.,2026-02-03 07:03:00,27,1.0,1.0,fr
2615,@quietlife239,"New blog post is live, check it out!",2026-04-03 19:39:00,41,3.0,4.0,en
4495,@nightthinker724,Just adopted a puppy and I'm obsessed.,2026-06-12 05:41:00,7,3.0,1.0,en
2023,@quietnews990,Just adopted a puppy and I'm obsessed.,2026-03-13 04:44:00,45,8.0,3.0,en
1260,@dailyfox116,Dit nieuws is ongelooflijk.,2026-02-13 04:33:00,49,6.0,1.0,nl
292,@therunner54,Traffic this morning was unreal.,2026-01-09 20:43:00,23,3.0,2.0,en
3922,@dailypanda227,"Feeling grateful today, small wins count.",2026-05-22 07:43:00,17,2.0,2.0,en
3713,@nightstudent939,Can we talk about how good this weather is today?,2026-05-14 15:40:00,11,5.0,1.0,en
1730,@sunnysoul449,Why is nobody talking about this documentary?,2026-03-01 03:34:00,55,8.0,,en
3151,@wildstudent902,Traffic this morning was unreal.,2026-04-24 06:07:00,62,1.0,0.0,en
1251,@therunner54,Wat een mooie dag vandaag!,2026-02-12 20:36:00,35,0.0,0.0,nl
542,@codersoul455,Cooking experiment gone right for once!,2026-01-18 00:04:00,28,4.0,2.0,en
3974,@codergamer594,Cooking experiment gone right for once!,2026-05-23 15:14:00,490,48.0,30.0,en
642,@mrsoul935,Terminando el proyecto por fin.,2026-01-21 23:10:00,38,7.0,4.0,es
2172,@digitalvoice610,Ich freue mich aufs Wochenende!,2026-03-18 04:05:00,15,,0.0,de
217,@msdev103,Cette nouvelle est incroyable.,2026-01-07 10:01:00,20,1.0,0.0,fr
720,@happysoul423,Why is nobody talking about this documentary?,2026-01-23 23:50:00,19,4.0,1.0,en
3189,@urbanrunner736,Conference talk today was so inspiring.,2026-04-24 21:07:00,12,4.0,1.0,en
3840,@wildexplorer400,Quelle belle journee aujourd'hui!,2026-05-18 20:26:00,127,7.0,7.0,fr
2739,@urbanartist285,Cette nouvelle est incroyable.,2026-04-08 20:16:00,38,8.0,3.0,fr
634,@sunnywriter90,Reading a great book on data science right now.,2026-01-21 08:45:00,10,0.0,1.0,en
174,@thetraveler554,Anyone else excited for the weekend?,2026-01-05 15:11:00,76,6.0,6.0,en
3535,@msdev598,"Big news coming soon, stay tuned!",2026-05-07 13:22:00,21,4.0,2.0,en
390,@digitaltraveler160,No puedo creer las noticias de hoy.,2026-01-12 18:04:00,14,4.0,0.0,es
1238,@realtraveler885,,2026-02-12 10:23:00,6,,2.0,en
3005,@drrunner405,Wat een mooie dag vandaag!,2026-04-17 21:47:00,8,0.0,0.0,nl
4312,@msthinker530,Quelle belle journee aujourd'hui!,2026-06-05 16:30:00,29,3.0,3.0,fr
2135,@mrgamer661,Finally finished my project after weeks of work.,2026-03-16 16:36:00,51,3.0,5.0,en
4414,@truerunner489,Just adopted a puppy and I'm obsessed.,2026-06-08 12:00:00,24,3.0,2.0,en
2372,@dailythinker750,No puedo creer las noticias de hoy.,2026-03-26 04:26:00,254,13.0,6.0,es
401,@drrunner10,Cooking experiment gone right for once!,2026-01-13 07:31:00,128,10.0,2.0,en
4637,@drgamer893,Anyone else excited for the weekend?,2026-06-17 03:04:00,59,9.0,1.0,en
754,@truewanderer361,Why is nobody talking about this documentary?,2026-01-25 15:42:00,115,,,en
928,@justwriter143,"Feeling grateful today, small wins count.",2026-02-01 05:36:00,29,3.0,3.0,en
3567,@wildgamer534,Finally finished my project after weeks of work.,2026-05-08 19:48:00,71,9.0,2.0,en
2475,@techtraveler996,"Working from the coffee shop again, love this place.",2026-03-29 12:51:00,9,0.0,2.0,en
1028,@wilddreamer458,Just adopted a puppy and I'm obsessed.,2026-02-05 15:17:00,27,4.0,1.0,en
4621,@mrthinker789,Je viens de terminer mon projet.,2026-06-16 14:59:00,14,1.0,0.0,fr
4437,@silentmind598,Just adopted a puppy and I'm obsessed.,2026-06-09 18:38:00,29,4.0,1.0,en
1698,@mrexplorer871,"Working from the coffee shop again, love this place.",2026-02-27 20:50:00,19,2.0,0.0,en
1208,@urbandev22,"Feeling grateful today, small wins count.",2026-02-11 04:05:00,46,2.0,3.0,en
4619,@cosmicpanda822,Terminando el proyecto por fin.,2026-06-16 14:02:00,71,3.0,1.0,es
3920,@mrstudent908,Just tried the new update and it's amazing! #tech,2026-05-22 06:18:00,25,5.0,3.0,en
357,@dailylife417,Vivement le week-end!,2026-01-11 08:23:00,53,1.0,2.0,fr
1425,@mssoul242,Why is nobody talking about this documentary?,2026-02-18 17:51:00,24,6.0,2.0,en
4803,@truewanderer361,Wat een mooie dag vandaag!,2026-06-22 19:21:00,20,1.0,,nl
3211,@codersoul455,Je viens de terminer mon projet.,2026-04-25 14:40:00,29,3.0,,fr
2946,@nightexplorer406,Finally finished my project after weeks of work.,2026-04-16 15:05:00,20,3.0,2.0,en
1051,@quietthinker269,This is exactly why I love this community.,2026-02-06 14:03:00,63,8.0,5.0,en
3097,@happyrunner56,Reading a great book on data science right now.,2026-04-21 14:00:00,11,5.0,0.0,en
4778,@thefox52,Just tried the new update and it's amazing! #tech,2026-06-21 19:12:00,33,2.0,2.0,en
3710,@dailythinker750,This is exactly why I love this community.,2026-05-14 11:51:00,22,1.0,3.0,en
2295,@nightlife231,Can we talk about how good this weather is today?,2026-03-22 14:35:00,34,2.0,2.0,en
201,@truemind499,Vivement le week-end!,2026-01-06 21:22:00,11,1.0,2.0,fr
2155,@quietexplorer877,"New blog post is live, check it out!",2026-03-17 12:11:00,9,3.0,1.0,en
3345,@silentwriter49,"Big news coming soon, stay tuned!",2026-04-30 23:23:00,8,0.0,0.0,en
764,@truedreamer447,Can we talk about how good this weather is today?,2026-01-25 23:29:00,25,4.0,3.0,en
4896,@silentvoice503,Cooking experiment gone right for once!,2026-06-26 13:39:00,22,4.0,3.0,en
4626,@dailygamer259,"Big news coming soon, stay tuned!",2026-06-16 17:06:00,24,3.0,0.0,en
2398,@quiettraveler800,No puedo creer las noticias de hoy.,2026-03-27 13:08:00,5,1.0,1.0,es
3229,@msdreamer242,"New blog post is live, check it out!",2026-04-26 03:41:00,75,2.0,7.0,en
3237,@happyvoice838,Ich freue mich aufs Wochenende!,2026-04-26 11:38:00,8,3.0,,de
1738,@dailywriter529,Was fur ein schoner Tag heute!,2026-03-01 11:16:00,236,23.0,4.0,de
5094,@coderdreamer251,-,2026-01-24 06:35:00,0,1.0,0.0,en
2216,@wildstudent902,Que buen dia para salir a caminar!,2026-03-20 03:09:00,42,6.0,1.0,es
1432,@realtraveler885,Anyone else excited for the weekend?,2026-02-18 21:32:00,60,8.0,4.0,en
2203,@msgamer717,"Working from the coffee shop again, love this place.",2026-03-19 15:28:00,26,,2.0,en
2462,@wildmind569,Just adopted a puppy and I'm obsessed.,2026-03-29 00:46:00,6,0.0,2.0,en
1866,@truelife288,Traffic this morning was unreal.,2026-03-06 20:26:00,29,6.0,1.0,en
272,@happytraveler328,"Working from the coffee shop again, love this place.",2026-01-09 13:36:00,205,5.0,6.0,en
5084,@urbanvoice918,.,2026-06-17 08:26:00,3,0.0,0.0,en
3464,@luckyfox246,Kan niet wachten op het weekend!,2026-05-04 18:22:00,9,5.0,1.0,nl
4689,@justrunner59,Ich freue mich aufs Wochenende!,2026-06-18 21:29:00,27,,0.0,de
1612,@sunnyexplorer926,Just adopted a puppy and I'm obsessed.,2026-02-25 04:07:00,10,5.0,1.0,en
2686,@happystudent819,Dit nieuws is ongelooflijk.,2026-04-06 08:38:00,23,3.0,2.0,nl
2649,@technews506,Can we talk about how good this weather is today?,2026-04-04 16:32:00,20,2.0,,en
1201,@happypanda167,Reading a great book on data science right now.,2026-02-10 23:54:00,5,0.0,1.0,en
2503,@realgamer857,"Feeling grateful today, small wins count.",2026-03-30 15:33:00,32,3.0,2.0,en
373,@justnews161,Was fur ein schoner Tag heute!,2026-01-11 20:20:00,21,2.0,1.0,de
3039,@luckyfox246,Que buen dia para salir a caminar!,2026-04-19 08:25:00,87,15.0,7.0,es
807,@dailytechupdate,Diese Nachricht ist unglaublich.,2026-01-27 22:57:00,640,37.0,,de
1313,@mslife244,Just adopted a puppy and I'm obsessed.,2026-02-14 01:24:00,83,6.0,5.0,en
5102,@dailyfox84,-,2026-06-15 12:35:00,2,0.0,0.0,en
2989,@sunnylife494,Can we talk about how good this weather is today?,2026-04-17 20:30:00,24,4.0,1.0,en
223,@sunnyfox219,"Big news coming soon, stay tuned!",2026-01-07 14:17:00,754,17.0,11.0,en
2729,@dailymind993,Cooking experiment gone right for once!,2026-04-08 13:17:00,28,4.0,0.0,en
1659,@msvibes786,Can we talk about how good this weather is today?,2026-02-27 04:45:00,9,1.0,2.0,en
4315,@dailyfox281,Reading a great book on data science right now.,2026-06-05 18:52:00,119,16.0,8.0,en
601,@truerunner620,Cette nouvelle est incroyable.,2026-01-20 04:00:00,9,0.0,2.0,fr
2365,@digitalrunner967,No puedo creer las noticias de hoy.,2026-03-25 16:17:00,638,,,es
1675,@luckynews916,Kan niet wachten op het weekend!,2026-02-27 15:35:00,31,3.0,0.0,nl
3874,@mrchef836,No puedo creer las noticias de hoy.,2026-05-20 16:08:00,18,2.0,1.0,es
4965,@thetraveler554,"Working from the coffee shop again, love this place.",2026-06-28 14:55:00,227,8.0,3.0,en
4940,@drfox907,Feliz viernes a todos!,2026-06-27 08:56:00,68,7.0,4.0,es
1617,@luckystudent449,Feliz viernes a todos!,2026-02-25 11:04:00,493,36.0,19.0,es
3722,@happyvoice838,"New blog post is live, check it out!",2026-05-15 01:19:00,24,5.0,2.0,en
3984,@wilddev280,Just adopted a puppy and I'm obsessed.,2026-05-24 02:23:00,15,1.0,2.0,en
3301,@techvibes115,Cette nouvelle est incroyable.,2026-04-28 22:02:00,28,5.0,1.0,fr
4237,@quietexplorer509,"New blog post is live, check it out!",2026-06-02 16:19:00,47,10.0,1.0,en
5054,@truefox717,??,2026-04-10 05:32:00,2,0.0,1.0,en
3991,@realsoul108,Wat een mooie dag vandaag!,2026-05-24 09:15:00,21,3.0,1.0,nl
909,@nightdreamer388,Why is nobody talking about this documentary?,2026-01-31 12:29:00,136,17.0,5.0,en
2665,@dailytechupdate,Cooking experiment gone right for once!,2026-04-05 13:11:00,491,42.0,20.0,en
1535,@urbandreamer38,This is exactly why I love this community.,2026-02-22 02:36:00,31,,2.0,en
3020,@thechef632,No puedo creer las noticias de hoy.,2026-04-18 09:25:00,46,4.0,2.0,es
1004,@nightgamer397,Just tried the new update and it's amazing! #tech,2026-02-04 13:58:00,18,2.0,3.0,en
2501,@mswriter535,Cooking experiment gone right for once!,2026-03-30 12:41:00,44,6.0,4.0,en
4769,@cosmicartist98,This is exactly why I love this community.,2026-06-21 11:23:00,29,4.0,3.0,en
2479,@mschef687,Cette nouvelle est incroyable.,2026-03-29 15:53:00,7,2.0,2.0,fr
932,@nightlife455,Traffic this morning was unreal.,2026-02-01 07:30:00,25,5.0,1.0,en
4696,@reallife2,This is exactly why I love this community.,2026-06-19 02:57:00,13,3.0,2.0,en
3903,@urbanthinker660,Just tried the new update and it's amazing! #tech,2026-05-21 15:31:00,104,14.0,3.0,en
4544,@realfox601,Kan niet wachten op het weekend!,2026-06-13 02:37:00,9,1.0,2.0,nl
5034,@quietrunner149,🙂,2026-06-13 08:27:00,1,0.0,1.0,en
395,@mrgamer661,Conference talk today was so inspiring.,2026-01-13 01:57:00,121,13.0,5.0,en
696,@cosmicexplorer391,Anyone else excited for the weekend?,2026-01-23 20:00:00,10,2.0,0.0,en
4665,@techchef31,Feliz viernes a todos!,2026-06-18 05:14:00,208,23.0,15.0,es
1873,@wildthinker128,Dit nieuws is ongelooflijk.,2026-03-06 21:21:00,24,0.0,2.0,nl
4087,@sunnysoul514,Just tried the new update and it's amazing! #tech,2026-05-28 06:08:00,38,5.0,,en
4824,@dailynews763,Vivement le week-end!,2026-06-23 12:30:00,8,1.0,1.0,fr
3019,@luckychef247,Finally finished my project after weeks of work.,2026-04-18 06:44:00,68,7.0,6.0,en
3055,@sunnystudent109,Why is nobody talking about this documentary?,2026-04-19 21:37:00,37,7.0,3.0,en
2962,@cosmicfox319,"Big news coming soon, stay tuned!",2026-04-17 10:08:00,18,2.0,2.0,en
1408,@silentwriter862,Can we talk about how good this weather is today?,2026-02-18 03:14:00,97,7.0,4.0,en
3163,@dailyfox546,Why is nobody talking about this documentary?,2026-04-24 19:17:00,138,13.0,3.0,en
4977,@msdev598,Endlich mein Projekt fertig.,2026-06-29 05:28:00,21,3.0,3.0,de
2655,@nightgamer97,Can we talk about how good this weather is today?,2026-04-05 00:13:00,62,8.0,4.0,en
3060,@dailynews763,"Big news coming soon, stay tuned!",2026-04-20 01:34:00,29,4.0,1.0,en
3481,@sunnypanda453,Can we talk about how good this weather is today?,2026-05-05 09:22:00,15,4.0,0.0,en
1750,@drrunner405,Anyone else excited for the weekend?,2026-03-02 09:26:00,66,10.0,1.0,en
2862,@silentnews94,Cette nouvelle est incroyable.,2026-04-13 03:41:00,25,3.0,1.0,fr
4287,@nightartist873,Conference talk today was so inspiring.,2026-06-04 18:50:00,61,9.0,4.0,en
3779,@realmind514,Quelle belle journee aujourd'hui!,2026-05-15 21:49:00,16,5.0,,fr
796,@silentchef208,Just adopted a puppy and I'm obsessed.,2026-01-27 08:58:00,89,13.0,3.0,en
3522,@codersoul455,Cooking experiment gone right for once!,2026-05-07 05:41:00,86,5.0,1.0,en
4554,@dailytechupdate,Why is nobody talking about this documentary?,2026-06-13 13:37:00,763,114.0,27.0,en
3153,@happysoul423,Why is nobody talking about this documentary?,2026-04-24 10:04:00,82,11.0,6.0,en
1847,@drchef61,Vivement le week-end!,2026-03-06 10:13:00,18,2.0,1.0,fr
1974,@nightstudent848,"Working from the coffee shop again, love this place.",2026-03-11 00:05:00,82,2.0,3.0,en
1985,@luckygamer372,Je viens de terminer mon projet.,2026-03-11 08:27:00,21,6.0,2.0,fr
3971,@silentfox174,Vivement le week-end!,2026-05-23 12:06:00,22,3.0,2.0,fr
3802,@reallife2,Cette nouvelle est incroyable.,2026-05-17 01:59:00,9,0.0,1.0,fr
100,@digitalchef762,Can we talk about how good this weather is today?,2026-01-02 21:35:00,37,,3.0,en
3705,@technews506,Reading a great book on data science right now.,2026-05-14 08:29:00,17,1.0,0.0,en
1633,@nightthinker734,Cooking experiment gone right for once!,2026-02-26 02:31:00,20,4.0,,en
2354,@luckytraveler504,"Big news coming soon, stay tuned!",2026-03-25 08:11:00,9,5.0,1.0,en
1693,@luckychef807,Conference talk today was so inspiring.,2026-02-27 20:22:00,44,8.0,,en
3144,@techchef117,"New blog post is live, check it out!",2026-04-24 01:16:00,84,14.0,1.0,en
1333,@happydev433,Just tried the new update and it's amazing! #tech,2026-02-14 21:13:00,143,24.0,9.0,en
3029,@reallife371,Why is nobody talking about this documentary?,2026-04-18 23:37:00,288,27.0,18.0,en
3028,@justdreamer694,Anyone else excited for the weekend?,2026-04-18 23:09:00,95,12.0,6.0,en
566,@luckywriter769,Que buen dia para salir a caminar!,2026-01-18 21:45:00,12,5.0,0.0,es
4562,@mrnews674,Can we talk about how good this weather is today?,2026-06-14 03:21:00,7,1.0,,en
3768,@cosmictraveler413,Terminando el proyecto por fin.,2026-05-15 20:38:00,178,15.0,13.0,es
352,@digitalwriter446,Anyone else excited for the weekend?,2026-01-11 06:10:00,21,3.0,3.0,en
3808,@therunner54,Reading a great book on data science right now.,2026-05-17 06:09:00,30,5.0,3.0,en
3048,@truegamer892,Terminando el proyecto por fin.,2026-04-19 16:44:00,35,,2.0,es
37,@cosmictraveler958,Cooking experiment gone right for once!,2026-01-02 01:09:00,92,13.0,6.0,en
1454,@truewanderer361,Why is nobody talking about this documentary?,2026-02-19 17:09:00,51,6.0,3.0,en
2006,@silentwriter49,Traffic this morning was unreal.,2026-03-12 12:09:00,12,5.0,1.0,en
3988,@wildgamer786,Conference talk today was so inspiring.,2026-05-24 07:00:00,12,3.0,0.0,en
3045,@sunnyvibes978,No puedo creer las noticias de hoy.,2026-04-19 15:04:00,31,7.0,3.0,es
826,@techvoice375,Je viens de terminer mon projet.,2026-01-28 17:52:00,131,10.0,1.0,fr
5037,@sunnysoul449,.,2026-02-01 22:39:00,1,1.0,1.0,en
124,@techvibes252,Can we talk about how good this weather is today?,2026-01-03 13:43:00,93,10.0,4.0,en
4409,@msgamer577,Conference talk today was so inspiring.,2026-06-08 06:07:00,63,5.0,2.0,en
1703,@thedreamer792,Anyone else excited for the weekend?,2026-02-27 21:31:00,10,1.0,1.0,en
4925,@coderchef721,Eindelijk mijn project afgerond.,2026-06-26 21:37:00,32,5.0,2.0,nl
366,@therunner406,This is exactly why I love this community.,2026-01-11 17:53:00,194,25.0,16.0,en
285,@coderstudent896,Feliz viernes a todos!,2026-01-09 19:46:00,33,4.0,3.0,es
488,@msrunner579,Cooking experiment gone right for once!,2026-01-16 18:19:00,72,,2.0,en
2219,@dailytechupdate,Finally finished my project after weeks of work.,2026-03-20 05:28:00,373,51.0,,en
1249,@nightdev849,Conference talk today was so inspiring.,2026-02-12 19:44:00,54,7.0,2.0,en
4505,@sunnyfox219,Wat een mooie dag vandaag!,2026-06-12 12:54:00,35,5.0,2.0,nl
3206,@msvibes786,Just adopted a puppy and I'm obsessed.,2026-04-25 09:09:00,12,2.0,,en
4864,@quietexplorer877,Just tried the new update and it's amazing! #tech,2026-06-25 03:31:00,38,5.0,2.0,en
4680,@silentvibes978,Anyone else excited for the weekend?,2026-06-18 15:26:00,57,4.0,4.0,en
1982,@sunnylife494,Why is nobody talking about this documentary?,2026-03-11 06:31:00,28,6.0,2.0,en
874,@mssoul242,Wat een mooie dag vandaag!,2026-01-30 19:09:00,17,2.0,1.0,nl
2304,@sunnylife494,Can we talk about how good this weather is today?,2026-03-22 21:11:00,6,,,en
105,@cosmicsoul411,Vivement le week-end!,2026-01-02 21:50:00,19,4.0,0.0,fr
569,@dailywriter148,"Big news coming soon, stay tuned!",2026-01-19 00:02:00,29,3.0,0.0,en
613,@urbangamer144,Vivement le week-end!,2026-01-20 14:30:00,42,5.0,2.0,fr
346,@quietstudent773,Diese Nachricht ist unglaublich.,2026-01-11 00:18:00,35,6.0,2.0,de
4524,@quietsoul150,This is exactly why I love this community.,2026-06-12 20:40:00,28,4.0,2.0,en
4164,@luckylife2,Traffic this morning was unreal.,2026-05-30 18:40:00,23,,2.0,en
4974,@quietlife151,Diese Nachricht ist unglaublich.,2026-06-29 01:09:00,40,5.0,3.0,de
3002,@techstudent104,Vivement le week-end!,2026-04-17 21:28:00,105,,3.0,fr
2166,@msgamer13,"Working from the coffee shop again, love this place.",2026-03-17 21:17:00,25,6.0,1.0,en
3389,@trueexplorer291,This is exactly why I love this community.,2026-05-01 21:24:00,30,2.0,2.0,en
2440,@technews849,Kan niet wachten op het weekend!,2026-03-28 05:36:00,26,5.0,2.0,nl
1423,@msstudent408,Je viens de terminer mon projet.,2026-02-18 12:27:00,43,6.0,3.0,fr
2568,@nightsoul653,"Working from the coffee shop again, love this place.",2026-04-02 07:01:00,31,6.0,3.0,en
2828,@cosmicwanderer724,Conference talk today was so inspiring.,2026-04-11 15:40:00,24,5.0,2.0,en
4136,@therunner987,Cooking experiment gone right for once!,2026-05-29 20:40:00,32,2.0,4.0,en
2017,@msgamer577,Conference talk today was so inspiring.,2026-03-12 21:08:00,40,5.0,,en
599,@mswriter535,Cooking experiment gone right for once!,2026-01-20 03:21:00,21,3.0,2.0,en
5012,@dailyvibes599,😴,2026-03-21 10:33:00,2,1.0,0.0,en
2663,@coderchef721,Cooking experiment gone right for once!,2026-04-05 11:24:00,24,,1.0,en
1089,@techvibes895,Just adopted a puppy and I'm obsessed.,2026-02-06 21:56:00,25,,2.0,en
918,@justnews792,Was fur ein schoner Tag heute!,2026-01-31 20:18:00,50,5.0,1.0,de
1812,@mssoul242,Finally finished my project after weeks of work.,2026-03-04 21:04:00,13,3.0,,en
4779,@digitalartist844,Eindelijk mijn project afgerond.,2026-06-21 21:16:00,8,1.0,1.0,nl
3251,@msthinker917,Wat een mooie dag vandaag!,2026-04-26 23:54:00,58,5.0,3.0,nl
2899,@wildexplorer642,Can we talk about how good this weather is today?,2026-04-14 17:12:00,46,5.0,1.0,en
167,@mrartist788,Anyone else excited for the weekend?,2026-01-05 04:53:00,93,13.0,6.0,en
2261,@msdreamer316,Que buen dia para salir a caminar!,2026-03-20 23:48:00,22,4.0,3.0,es
841,@mrchef836,Why is nobody talking about this documentary?,2026-01-29 08:22:00,11,3.0,1.0,en
2321,@cosmictraveler626,"Big news coming soon, stay tuned!",2026-03-23 19:19:00,77,7.0,6.0,en
3220,@drartist539,Terminando el proyecto por fin.,2026-04-25 20:40:00,9,1.0,0.0,es
1269,@mrsoul458,Just tried the new update and it's amazing! #tech,2026-02-13 09:38:00,109,19.0,3.0,en
3955,@realdev778,Anyone else excited for the weekend?,2026-05-22 20:57:00,44,6.0,5.0,en
4829,@quietstudent773,Cooking experiment gone right for once!,2026-06-23 19:44:00,65,8.0,4.0,en
3194,@sunnydev554,Just adopted a puppy and I'm obsessed.,2026-04-24 21:59:00,47,7.0,4.0,en
1550,@msdreamer316,Cooking experiment gone right for once!,2026-02-22 20:09:00,8,3.0,2.0,en
4025,@trueartist840,"Feeling grateful today, small wins count.",2026-05-25 19:52:00,8,1.0,0.0,en
4458,@luckystudent449,"Feeling grateful today, small wins count.",2026-06-10 16:43:00,18,5.0,1.0,en
4753,@happysoul423,Eindelijk mijn project afgerond.,2026-06-20 19:43:00,13,,1.0,nl
540,@wildstudent902,This is exactly why I love this community.,2026-01-17 19:24:00,6,0.0,0.0,en
695,@cosmicvibes266,"Feeling grateful today, small wins count.",2026-01-23 19:52:00,15,1.0,1.0,en
4422,@luckylife2,Traffic this morning was unreal.,2026-06-08 20:55:00,112,10.0,3.0,en
1515,@drartist738,"New blog post is live, check it out!",2026-02-21 03:20:00,194,13.0,,en
2448,@dailypanda227,"Feeling grateful today, small wins count.",2026-03-28 14:23:00,122,13.0,4.0,en
2968,@truevoice465,"Working from the coffee shop again, love this place.",2026-04-17 15:11:00,14,5.0,0.0,en
4510,@dailyfox281,Reading a great book on data science right now.,2026-06-12 19:00:00,24,2.0,1.0,en
4191,@urbanlife621,Je viens de terminer mon projet.,2026-05-31 16:55:00,49,4.0,4.0,fr
3477,@happyvoice838,"New blog post is live, check it out!",2026-05-05 08:08:00,11,2.0,2.0,en
3331,@trueartist216,No puedo creer las noticias de hoy.,2026-04-30 14:50:00,20,4.0,0.0,es
2110,@techwanderer832,Why is nobody talking about this documentary?,2026-03-15 12:13:00,293,10.0,17.0,en
1824,@wildpanda661,Quelle belle journee aujourd'hui!,2026-03-05 09:25:00,22,5.0,2.0,fr
780,@coderchef574,"New blog post is live, check it out!",2026-01-26 18:09:00,9,3.0,,en
1186,@quietsoul150,Cette nouvelle est incroyable.,2026-02-10 10:41:00,100,,9.0,fr
2737,@trueexplorer291,Wat een mooie dag vandaag!,2026-04-08 19:00:00,247,26.0,19.0,nl
4668,@truetraveler804,"Big news coming soon, stay tuned!",2026-06-18 07:29:00,83,12.0,,en
894,@codergamer594,Cooking experiment gone right for once!,2026-01-30 21:25:00,33,4.0,2.0,en
4116,@dailywriter863,This is exactly why I love this community.,2026-05-29 12:24:00,191,,6.0,en
4667,@wildexplorer290,Vivement le week-end!,2026-06-18 06:50:00,13,4.0,0.0,fr
1568,@wildsoul854,Vivement le week-end!,2026-02-23 08:26:00,136,14.0,,fr
175,@dailygamer259,Anyone else excited for the weekend?,2026-01-05 15:35:00,125,13.0,9.0,en
1854,@sunnyvoice739,"New blog post is live, check it out!",2026-03-06 19:05:00,12,2.0,,en
4375,@dailygamer259,Vivement le week-end!,2026-06-06 20:14:00,89,12.0,2.0,fr
933,@techwanderer832,Kan niet wachten op het weekend!,2026-02-01 09:01:00,40,5.0,3.0,nl
2469,@mslife308,Wat een mooie dag vandaag!,2026-03-29 07:50:00,67,3.0,5.0,nl
1996,@urbanrunner384,Traffic this morning was unreal.,2026-03-12 00:48:00,34,7.0,0.0,en
1533,@msthinker798,,2026-02-22 01:32:00,17,3.0,2.0,en
2488,@digitalwriter150,Terminando el proyecto por fin.,2026-03-30 00:52:00,61,7.0,2.0,es
4261,@msgamer420,Finally finished my project after weeks of work.,2026-06-04 00:28:00,86,6.0,6.0,en
1640,@luckyrunner462,"Feeling grateful today, small wins count.",2026-02-26 12:55:00,4,0.0,1.0,en
2627,@msthinker282,Wat een mooie dag vandaag!,2026-04-03 20:53:00,113,15.0,6.0,nl
1878,@nightgamer97,Just tried the new update and it's amazing! #tech,2026-03-06 21:42:00,9,3.0,0.0,en
778,@luckywanderer475,Why is nobody talking about this documentary?,2026-01-26 15:57:00,9,1.0,1.0,en
293,@mrfox152,No puedo creer las noticias de hoy.,2026-01-09 20:43:00,9,5.0,0.0,es
2508,@quietlife151,Just adopted a puppy and I'm obsessed.,2026-03-30 20:23:00,27,3.0,3.0,en
35,@realrunner533,Reading a great book on data science right now.,2026-01-02 01:00:00,136,5.0,8.0,en
3400,@mrchef836,Traffic this morning was unreal.,2026-05-02 02:14:00,8,2.0,1.0,en
543,@wilddev434,"New blog post is live, check it out!",2026-01-18 00:13:00,73,8.0,5.0,en
2930,@luckyrunner277,Finally finished my project after weeks of work.,2026-04-15 23:07:00,80,,4.0,en
1565,@therunner54,Terminando el proyecto por fin.,2026-02-23 07:24:00,185,26.0,4.0,es
998,@dailymind151,"New blog post is live, check it out!",2026-02-04 09:44:00,58,6.0,3.0,en
3342,@thelife285,Cooking experiment gone right for once!,2026-04-30 20:23:00,31,6.0,1.0,en
2305,@sunnywanderer454,Just adopted a puppy and I'm obsessed.,2026-03-22 22:16:00,11,3.0,2.0,en
2419,@mrsoul458,Cette nouvelle est incroyable.,2026-03-27 20:08:00,31,3.0,2.0,fr
81,@happypanda124,Anyone else excited for the weekend?,2026-01-02 20:15:00,19,2.0,1.0,en
5073,@mrmind444,??,2026-03-24 01:59:00,1,0.0,1.0,en
3834,@dailyfox281,Reading a great book on data science right now.,2026-05-18 12:12:00,11,0.0,2.0,en
1595,@mrexplorer610,Wat een mooie dag vandaag!,2026-02-24 12:56:00,52,1.0,2.0,nl
497,@dailythinker783,Je viens de terminer mon projet.,2026-01-16 19:55:00,46,8.0,4.0,fr
729,@wilddreamer783,"Working from the coffee shop again, love this place.",2026-01-24 19:46:00,29,3.0,2.0,en
1652,@dailytraveler231,Terminando el proyecto por fin.,2026-02-26 23:51:00,82,11.0,3.0,es
4983,@techartist752,No puedo creer las noticias de hoy.,2026-06-29 08:40:00,127,8.0,7.0,es
3070,@drvoice288,Diese Nachricht ist unglaublich.,2026-04-20 11:34:00,9,2.0,2.0,de
2750,@mrlife702,Cooking experiment gone right for once!,2026-04-09 02:29:00,54,5.0,,en
3502,@nightdev849,Eindelijk mijn project afgerond.,2026-05-06 10:58:00,29,4.0,2.0,nl
4389,@mrsoul331,"Feeling grateful today, small wins count.",2026-06-07 07:20:00,60,9.0,,en
2494,@mrlife845,Why is nobody talking about this documentary?,2026-03-30 07:40:00,28,4.0,2.0,en
2841,@luckyfox283,No puedo creer las noticias de hoy.,2026-04-12 04:10:00,10,5.0,2.0,es
3195,@quietrunner149,Conference talk today was so inspiring.,2026-04-24 22:18:00,50,8.0,3.0,en
2539,@msfox51,No puedo creer las noticias de hoy.,2026-04-01 04:44:00,17,3.0,2.0,es
4180,@coderthinker615,Why is nobody talking about this documentary?,2026-05-31 08:15:00,16,2.0,0.0,en
2021,@mrexplorer610,Vivement le week-end!,2026-03-13 02:26:00,63,4.0,5.0,fr
2982,@thegamer835,"Working from the coffee shop again, love this place.",2026-04-17 20:01:00,56,4.0,4.0,en
1682,@quietlife239,Terminando el proyecto por fin.,2026-02-27 19:32:00,56,8.0,2.0,es
4646,@techrunner200,Why is nobody talking about this documentary?,2026-06-17 08:23:00,106,12.0,2.0,en
1263,@quietthinker269,This is exactly why I love this community.,2026-02-13 05:19:00,39,3.0,3.0,en
3377,@happyvoice838,"New blog post is live, check it out!",2026-05-01 20:21:00,84,13.0,5.0,en
4512,@techchef117,Can we talk about how good this weather is today?,2026-06-12 19:27:00,13,1.0,1.0,en
4081,@justrunner59,Reading a great book on data science right now.,2026-05-27 22:05:00,57,5.0,3.0,en
4906,@dailytechupdate,Anyone else excited for the weekend?,2026-06-26 19:07:00,761,95.0,27.0,en
1009,@msthinker530,Anyone else excited for the weekend?,2026-02-04 19:36:00,92,5.0,5.0,en
3022,@mssoul776,"Big news coming soon, stay tuned!",2026-04-18 13:55:00,23,1.0,1.0,en
2481,@digitalexplorer54,Que buen dia para salir a caminar!,2026-03-29 16:47:00,15,3.0,0.0,es
5055,@coderthinker974,🙂,2026-02-11 18:03:00,0,1.0,1.0,en
1961,@reallife832,Just tried the new update and it's amazing! #tech,2026-03-10 10:04:00,19,1.0,1.0,en
2324,@dailyartist662,"Big news coming soon, stay tuned!",2026-03-24 01:52:00,51,8.0,3.0,en
1047,@dailytechupdate,Why is nobody talking about this documentary?,2026-02-06 10:53:00,528,43.0,38.0,en
1300,@cosmicpanda822,Vivement le week-end!,2026-02-13 21:10:00,170,24.0,,fr
2595,@msgamer577,Conference talk today was so inspiring.,2026-04-03 08:03:00,56,4.0,2.0,en
3216,@nightvoice64,Cooking experiment gone right for once!,2026-04-25 16:50:00,11,4.0,,en
282,@silentdreamer438,"Big news coming soon, stay tuned!",2026-01-09 19:40:00,134,9.0,7.0,en
71,@truedreamer447,Finally finished my project after weeks of work.,2026-01-02 19:32:00,19,3.0,,en
472,@luckynews916,"Big news coming soon, stay tuned!",2026-01-15 23:24:00,147,21.0,12.0,en
3320,@dailytechupdate,Why is nobody talking about this documentary?,2026-04-30 02:04:00,637,68.0,33.0,en
1360,@quietdev385,Conference talk today was so inspiring.,2026-02-16 02:02:00,43,4.0,1.0,en
4926,@techrunner92,Terminando el proyecto por fin.,2026-06-26 21:37:00,4,0.0,1.0,es
1655,@nightfox415,Just adopted a puppy and I'm obsessed.,2026-02-27 02:06:00,23,6.0,2.0,en
1527,@truelife288,"Feeling grateful today, small wins count.",2026-02-21 16:38:00,56,7.0,2.0,en
646,@therunner54,Feliz viernes a todos!,2026-01-22 00:09:00,8,4.0,,es
2973,@mrsoul331,"Feeling grateful today, small wins count.",2026-04-17 19:25:00,17,2.0,,en
3390,@urbantraveler501,Why is nobody talking about this documentary?,2026-05-01 21:25:00,23,,1.0,en
2758,@luckychef247,"Feeling grateful today, small wins count.",2026-04-09 14:26:00,56,6.0,5.0,en
963,@sunnyfox219,"Big news coming soon, stay tuned!",2026-02-02 17:33:00,12,2.0,2.0,en
4472,@realgamer551,Can we talk about how good this weather is today?,2026-06-11 04:33:00,19,2.0,3.0,en
3235,@digitalartist726,This is exactly why I love this community.,2026-04-26 10:18:00,151,21.0,5.0,en
3598,@truevibes288,Anyone else excited for the weekend?,2026-05-09 06:08:00,28,0.0,2.0,en
4862,@mspanda158,This is exactly why I love this community.,2026-06-25 03:14:00,13,3.0,1.0,en
2384,@silentwanderer253,Why is nobody talking about this documentary?,2026-03-26 18:27:00,10,2.0,1.0,en
1518,@drpanda582,Vivement le week-end!,2026-02-21 05:51:00,13,3.0,0.0,fr
1656,@wildpanda661,Just adopted a puppy and I'm obsessed.,2026-02-27 02:34:00,31,7.0,1.0,en
4335,@digitalpanda228,Anyone else excited for the weekend?,2026-06-05 21:05:00,36,8.0,3.0,en
2589,@dailyvibes114,Finally finished my project after weeks of work.,2026-04-02 23:05:00,52,5.0,1.0,en
4744,@technews549,,2026-06-20 10:41:00,14,3.0,2.0,en
943,@dailylife711,Endlich mein Projekt fertig.,2026-02-02 00:23:00,21,6.0,2.0,de
383,@digitalwriter882,This is exactly why I love this community.,2026-01-12 00:32:00,53,,,en
2531,@silentstudent864,Dit nieuws is ongelooflijk.,2026-03-31 19:11:00,31,7.0,1.0,nl
2741,@nightlife231,Can we talk about how good this weather is today?,2026-04-08 21:26:00,7,4.0,0.0,en
2933,@techartist752,Terminando el proyecto por fin.,2026-04-16 01:50:00,20,1.0,1.0,es
4308,@techsoul957,No puedo creer las noticias de hoy.,2026-06-05 13:56:00,40,9.0,1.0,es
240,@techvibes115,Kan niet wachten op het weekend!,2026-01-08 06:41:00,22,4.0,0.0,nl
727,@truepanda203,Quelle belle journee aujourd'hui!,2026-01-24 14:01:00,64,6.0,3.0,fr
1006,@dailyvibes974,Anyone else excited for the weekend?,2026-02-04 15:48:00,41,,1.0,en
4013,@luckythinker140,"Feeling grateful today, small wins count.",2026-05-25 08:19:00,26,3.0,3.0,en
4040,@thechef938,Quelle belle journee aujourd'hui!,2026-05-26 12:42:00,17,3.0,0.0,fr
3544,@drchef131,"Feeling grateful today, small wins count.",2026-05-07 18:44:00,59,11.0,3.0,en
4644,@drthinker824,This is exactly why I love this community.,2026-06-17 07:15:00,23,0.0,1.0,en
2252,@quietmind15,Eindelijk mijn project afgerond.,2026-03-20 21:06:00,23,1.0,1.0,nl
4508,@justsoul302,Can we talk about how good this weather is today?,2026-06-12 17:52:00,57,7.0,4.0,en
2767,@dailywriter863,This is exactly why I love this community.,2026-04-09 22:32:00,39,,2.0,en
4610,@silentwriter862,Feliz viernes a todos!,2026-06-16 00:49:00,9,0.0,0.0,es
5085,@happyrunner742,!!,2026-04-03 00:33:00,3,0.0,0.0,en
1787,@justlife99,,2026-03-03 22:23:00,85,9.0,2.0,en
4912,@mrchef836,Dit nieuws is ongelooflijk.,2026-06-26 19:43:00,87,3.0,6.0,nl
2099,@quietpanda67,Que buen dia para salir a caminar!,2026-03-15 04:55:00,18,6.0,1.0,es
2291,@mstraveler362,Que buen dia para salir a caminar!,2026-03-22 09:50:00,26,4.0,1.0,es
2458,@quietartist595,Kan niet wachten op het weekend!,2026-03-28 20:12:00,143,15.0,5.0,nl
2617,@sunnynews435,"New blog post is live, check it out!",2026-04-03 19:46:00,84,6.0,1.0,en
1711,@sunnydreamer992,Finally finished my project after weeks of work.,2026-02-28 03:47:00,43,1.0,3.0,en
2375,@sunnydreamer555,Why is nobody talking about this documentary?,2026-03-26 09:30:00,74,4.0,4.0,en
218,@nightvoice64,Que buen dia para salir a caminar!,2026-01-07 11:15:00,77,6.0,0.0,es
1556,@silentchef208,Traffic this morning was unreal.,2026-02-23 01:56:00,112,9.0,2.0,en
649,@nightfox415,Just adopted a puppy and I'm obsessed.,2026-01-22 01:41:00,38,2.0,4.0,en
4178,@luckytraveler504,Finally finished my project after weeks of work.,2026-05-31 06:10:00,38,6.0,3.0,en
1416,@dailyexplorer949,Just adopted a puppy and I'm obsessed.,2026-02-18 06:10:00,21,4.0,,en
4590,@dailytechupdate,Why is nobody talking about this documentary?,2026-06-15 14:18:00,638,50.0,49.0,en
48,@digitaldreamer73,"Feeling grateful today, small wins count.",2026-01-02 07:42:00,8,4.0,0.0,en
3602,@technews549,This is exactly why I love this community.,2026-05-09 10:42:00,71,11.0,2.0,en
4478,@nightdev849,"Working from the coffee shop again, love this place.",2026-06-11 12:01:00,115,11.0,6.0,en
2642,@msdreamer316,Cooking experiment gone right for once!,2026-04-04 03:55:00,74,14.0,3.0,en
2805,@luckyvibes228,Just adopted a puppy and I'm obsessed.,2026-04-10 21:15:00,76,,6.0,en
146,@techchef31,Kan niet wachten op het weekend!,2026-01-04 11:35:00,36,4.0,4.0,nl
3793,@reallife371,Why is nobody talking about this documentary?,2026-05-16 13:56:00,43,,2.0,en
289,@nightgamer782,Terminando el proyecto por fin.,2026-01-09 20:13:00,37,5.0,1.0,es
3106,@mrartist788,Anyone else excited for the weekend?,2026-04-22 08:06:00,46,1.0,2.0,en
4694,@drmind714,,2026-06-19 02:03:00,8,3.0,0.0,en
1349,@dailyfox333,Conference talk today was so inspiring.,2026-02-15 16:21:00,10,2.0,0.0,en
560,@msgamer717,Finally finished my project after weeks of work.,2026-01-18 17:14:00,19,4.0,2.0,en
4121,@quietdreamer51,Traffic this morning was unreal.,2026-05-29 19:13:00,37,5.0,2.0,en
59,@cosmicchef738,Was fur ein schoner Tag heute!,2026-01-02 15:40:00,4,0.0,0.0,de
1939,@cosmicartist98,Terminando el proyecto por fin.,2026-03-08 23:58:00,49,10.0,4.0,es
797,@quietexplorer877,"Feeling grateful today, small wins count.",2026-01-27 12:46:00,11,4.0,1.0,en
368,@quietlife151,Terminando el proyecto por fin.,2026-01-11 18:32:00,108,17.0,5.0,es
221,@nightfox572,Wat een mooie dag vandaag!,2026-01-07 12:00:00,12,3.0,1.0,nl
3487,@urbanpanda555,Anyone else excited for the weekend?,2026-05-05 15:38:00,22,4.0,3.0,en
1231,@luckylife2,Traffic this morning was unreal.,2026-02-11 22:06:00,201,12.0,8.0,en
2280,@happyvoice637,Just adopted a puppy and I'm obsessed.,2026-03-21 13:06:00,100,13.0,9.0,en
3500,@truethinker286,Traffic this morning was unreal.,2026-05-06 10:08:00,14,3.0,0.0,en
926,@mrvibes839,"Big news coming soon, stay tuned!",2026-02-01 02:42:00,18,0.0,0.0,en
2913,@luckyfox246,"Working from the coffee shop again, love this place.",2026-04-15 06:30:00,8,4.0,0.0,en
147,@drgamer893,Anyone else excited for the weekend?,2026-01-04 12:35:00,60,11.0,1.0,en
2795,@thewanderer677,Conference talk today was so inspiring.,2026-04-10 20:23:00,14,4.0,0.0,en
2624,@thetraveler554,Anyone else excited for the weekend?,2026-04-03 20:35:00,11,2.0,2.0,en
1844,@coderwanderer447,"Feeling grateful today, small wins count.",2026-03-06 07:04:00,141,13.0,,en
3296,@nightstudent848,Traffic this morning was unreal.,2026-04-28 17:28:00,96,6.0,6.0,en
4049,@coderthinker615,Why is nobody talking about this documentary?,2026-05-26 15:49:00,17,2.0,2.0,en
4517,@justsoul302,"Feeling grateful today, small wins count.",2026-06-12 19:43:00,11,5.0,2.0,en
84,@cosmicwriter242,Conference talk today was so inspiring.,2026-01-02 20:19:00,178,12.0,11.0,en
244,@silentstudent915,This is exactly why I love this community.,2026-01-08 13:42:00,94,6.0,5.0,en
4265,@cosmicwanderer621,Can we talk about how good this weather is today?,2026-06-04 01:57:00,40,8.0,2.0,en
2292,@dailythinker783,Just tried the new update and it's amazing! #tech,2026-03-22 10:49:00,27,1.0,3.0,en
2819,@reallife371,"Working from the coffee shop again, love this place.",2026-04-11 04:40:00,116,18.0,,en
1077,@techchef117,Can we talk about how good this weather is today?,2026-02-06 20:57:00,18,0.0,,en
4284,@quietvibes333,"Big news coming soon, stay tuned!",2026-06-04 17:56:00,57,6.0,1.0,en
3411,@cosmictraveler413,Traffic this morning was unreal.,2026-05-02 13:02:00,47,7.0,,en
4673,@dailytechupdate,This is exactly why I love this community.,2026-06-18 11:50:00,1039,30.0,28.0,en
4376,@sunnyfox6,Anyone else excited for the weekend?,2026-06-07 01:02:00,91,6.0,4.0,en
3357,@urbandev22,"Feeling grateful today, small wins count.",2026-05-01 12:09:00,81,6.0,,en
182,@dailytechupdate,Vivement le week-end!,2026-01-06 00:40:00,939,52.0,,fr
795,@msthinker530,Anyone else excited for the weekend?,2026-01-27 06:44:00,15,2.0,0.0,en
4966,@wildexplorer290,This is exactly why I love this community.,2026-06-28 16:16:00,7,2.0,0.0,en
1033,@luckytraveler235,"New blog post is live, check it out!",2026-02-05 21:11:00,110,9.0,8.0,en
576,@sunnysoul514,Traffic this morning was unreal.,2026-01-19 06:00:00,60,5.0,2.0,en
3341,@drdev183,Je viens de terminer mon projet.,2026-04-30 20:20:00,10,1.0,2.0,fr
3998,@sunnysoul514,Just tried the new update and it's amazing! #tech,2026-05-24 18:58:00,7,1.0,0.0,en
2939,@dailyvibes599,Anyone else excited for the weekend?,2026-04-16 06:31:00,32,5.0,4.0,en
1132,@msdev598,"Big news coming soon, stay tuned!",2026-02-08 14:34:00,38,6.0,4.0,en
520,@truewanderer361,Why is nobody talking about this documentary?,2026-01-16 23:59:00,42,3.0,1.0,en
4818,@silentstudent765,Ich freue mich aufs Wochenende!,2026-06-23 11:24:00,45,9.0,4.0,de
3527,@dailyfox546,Why is nobody talking about this documentary?,2026-05-07 07:33:00,279,12.0,15.0,en
1661,@luckyvoice188,Traffic this morning was unreal.,2026-02-27 06:28:00,14,2.0,1.0,en
4526,@luckyfox758,"Big news coming soon, stay tuned!",2026-06-12 20:46:00,10,3.0,1.0,en
304,@dailychef190,Terminando el proyecto por fin.,2026-01-09 21:33:00,14,1.0,,es
1106,@luckyfox283,Wat een mooie dag vandaag!,2026-02-07 12:56:00,10,1.0,2.0,nl
4351,@silentgamer114,Cooking experiment gone right for once!,2026-06-06 02:00:00,11,2.0,1.0,en
3569,@drgamer893,"Working from the coffee shop again, love this place.",2026-05-08 20:00:00,54,6.0,2.0,en
899,@silentstudent341,"Big news coming soon, stay tuned!",2026-01-30 21:41:00,38,4.0,1.0,en
786,@justdreamer694,Why is nobody talking about this documentary?,2026-01-26 22:44:00,58,1.0,5.0,en
2136,@techwanderer832,"New blog post is live, check it out!",2026-03-16 18:25:00,55,7.0,4.0,en
212,@justnews408,This is exactly why I love this community.,2026-01-07 05:48:00,76,5.0,6.0,en
4166,@nightlife231,Traffic this morning was unreal.,2026-05-30 20:18:00,76,8.0,6.0,en
4452,@truefox665,"New blog post is live, check it out!",2026-06-10 13:25:00,39,6.0,4.0,en
3324,@digitalpanda228,Finally finished my project after weeks of work.,2026-04-30 04:39:00,57,7.0,1.0,en
667,@digitalvoice610,Terminando el proyecto por fin.,2026-01-22 18:38:00,185,18.0,,es
4262,@digitalfox339,"Big news coming soon, stay tuned!",2026-06-04 00:51:00,177,20.0,10.0,en
3472,@justrunner59,Quelle belle journee aujourd'hui!,2026-05-05 05:16:00,254,11.0,5.0,fr
1822,@justmind541,"Working from the coffee shop again, love this place.",2026-03-05 07:30:00,60,6.0,2.0,en
2736,@mrvoice745,Finally finished my project after weeks of work.,2026-04-08 18:19:00,62,5.0,2.0,en
3264,@quietvoice816,Dit nieuws is ongelooflijk.,2026-04-27 10:55:00,50,9.0,4.0,nl
1482,@urbandev990,Anyone else excited for the weekend?,2026-02-20 19:22:00,36,5.0,0.0,en
2054,@sunnyvoice684,Why is nobody talking about this documentary?,2026-03-13 21:05:00,112,12.0,8.0,en
2474,@thegamer835,"Working from the coffee shop again, love this place.",2026-03-29 12:34:00,21,0.0,2.0,en
4991,@happyvibes37,Just adopted a puppy and I'm obsessed.,2026-06-29 11:17:00,1,0.0,2.0,en
2619,@quietvibes721,Kan niet wachten op het weekend!,2026-04-03 19:52:00,80,6.0,1.0,nl
2513,@digitalartist726,Cette nouvelle est incroyable.,2026-03-31 00:28:00,31,5.0,1.0,fr
2360,@cosmicchef846,Conference talk today was so inspiring.,2026-03-25 13:53:00,42,3.0,3.0,en
1811,@urbantraveler310,Reading a great book on data science right now.,2026-03-04 20:55:00,24,3.0,1.0,en
4391,@dailytechupdate,Why is nobody talking about this documentary?,2026-06-07 07:53:00,581,18.0,30.0,en
4197,@luckyfox283,Vivement le week-end!,2026-05-31 22:21:00,10,0.0,,fr
2315,@dailytechupdate,Eindelijk mijn project afgerond.,2026-03-23 08:58:00,803,25.0,48.0,nl
4370,@msfox51,Quelle belle journee aujourd'hui!,2026-06-06 15:19:00,45,6.0,4.0,fr
4866,@drrunner405,Eindelijk mijn project afgerond.,2026-06-25 08:30:00,18,3.0,,nl
117,@silentchef517,Cette nouvelle est incroyable.,2026-01-03 06:58:00,5,3.0,1.0,fr
1868,@wildgamer534,Vivement le week-end!,2026-03-06 20:39:00,7,4.0,2.0,fr
4113,@msthinker966,Anyone else excited for the weekend?,2026-05-29 09:23:00,18,5.0,1.0,en
2509,@mrexplorer610,"Working from the coffee shop again, love this place.",2026-03-30 20:37:00,4,2.0,0.0,en
1507,@thenews721,Feliz viernes a todos!,2026-02-20 21:26:00,16,0.0,2.0,es
4091,@sunnyvoice684,Just adopted a puppy and I'm obsessed.,2026-05-28 09:17:00,35,5.0,2.0,en
621,@happysoul423,This is exactly why I love this community.,2026-01-20 22:07:00,21,5.0,3.0,en
4609,@reallife2,Cette nouvelle est incroyable.,2026-06-15 23:59:00,18,5.0,,fr
4082,@dailywriter529,Conference talk today was so inspiring.,2026-05-27 23:06:00,56,6.0,5.0,en
4415,@wilddev434,Why is nobody talking about this documentary?,2026-06-08 12:05:00,15,2.0,0.0,en
3736,@silentwriter862,Quelle belle journee aujourd'hui!,2026-05-15 14:28:00,24,,,fr
3026,@techexplorer840,Finally finished my project after weeks of work.,2026-04-18 20:34:00,208,9.0,,en
1548,@digitalgamer420,Cette nouvelle est incroyable.,2026-02-22 18:38:00,53,7.0,2.0,fr
1017,@sunnyexplorer926,Just adopted a puppy and I'm obsessed.,2026-02-05 00:25:00,34,4.0,3.0,en
4194,@msstudent408,Just tried the new update and it's amazing! #tech,2026-05-31 20:38:00,31,,2.0,en
5039,@luckythinker140,...,2026-05-04 04:23:00,0,1.0,1.0,en
4172,@dailychef65,Cette nouvelle est incroyable.,2026-05-31 01:58:00,70,9.0,3.0,fr
712,@msgamer981,Reading a great book on data science right now.,2026-01-23 21:32:00,97,16.0,3.0,en
3231,@silentmind598,Just adopted a puppy and I'm obsessed.,2026-04-26 07:34:00,10,2.0,1.0,en
1185,@thedreamer792,Eindelijk mijn project afgerond.,2026-02-10 10:40:00,38,4.0,3.0,nl
2453,@msthinker798,"Working from the coffee shop again, love this place.",2026-03-28 16:56:00,47,6.0,1.0,en
430,@happygamer649,Can we talk about how good this weather is today?,2026-01-14 08:00:00,10,2.0,1.0,en
1477,@digitalvoice610,Can we talk about how good this weather is today?,2026-02-20 15:18:00,148,20.0,9.0,en
3945,@silentdev771,Why is nobody talking about this documentary?,2026-05-22 19:26:00,5,3.0,0.0,en
4251,@sunnylife494,Wat een mooie dag vandaag!,2026-06-03 09:24:00,35,5.0,2.0,nl
1214,@mslife244,Wat een mooie dag vandaag!,2026-02-11 07:40:00,42,6.0,3.0,nl
518,@truefox717,Traffic this morning was unreal.,2026-01-16 21:55:00,18,5.0,2.0,en
4570,@msgamer420,"Working from the coffee shop again, love this place.",2026-06-14 12:57:00,41,2.0,3.0,en
2817,@reallife2,Just adopted a puppy and I'm obsessed.,2026-04-11 02:49:00,162,24.0,4.0,en
2921,@digitalexplorer54,Was fur ein schoner Tag heute!,2026-04-15 12:52:00,33,6.0,3.0,de
2094,@happygamer649,Je viens de terminer mon projet.,2026-03-14 21:05:00,152,13.0,3.0,fr
420,@mrvoice30,Conference talk today was so inspiring.,2026-01-14 01:40:00,5,3.0,2.0,en
2026,@urbannews229,Traffic this morning was unreal.,2026-03-13 09:07:00,18,3.0,1.0,en
5118,@realnews22,👍👍,2026-06-05 20:03:00,3,1.0,1.0,en
584,@thewanderer819,This is exactly why I love this community.,2026-01-19 13:28:00,18,2.0,2.0,en
2759,@mrartist788,Vivement le week-end!,2026-04-09 16:26:00,82,11.0,8.0,fr
2493,@techvibes115,Anyone else excited for the weekend?,2026-03-30 07:06:00,20,2.0,0.0,en
1853,@coderchef574,"New blog post is live, check it out!",2026-03-06 19:02:00,66,7.0,3.0,en
1534,@wildexplorer290,Traffic this morning was unreal.,2026-02-22 01:33:00,33,5.0,0.0,en
4174,@truewanderer994,Why is nobody talking about this documentary?,2026-05-31 03:08:00,47,1.0,3.0,en
3362,@quietlife367,Wat een mooie dag vandaag!,2026-05-01 15:38:00,111,16.0,6.0,nl
1945,@silentlife571,Eindelijk mijn project afgerond.,2026-03-09 09:38:00,113,13.0,6.0,nl
2858,@sunnyfox6,"Feeling grateful today, small wins count.",2026-04-12 22:13:00,59,8.0,4.0,en
2738,@thevibes878,Conference talk today was so inspiring.,2026-04-08 20:07:00,50,6.0,3.0,en
384,@truetraveler804,"Big news coming soon, stay tuned!",2026-01-12 02:02:00,33,4.0,2.0,en
758,@justnews408,This is exactly why I love this community.,2026-01-25 17:46:00,50,3.0,2.0,en
986,@cosmicthinker904,Can we talk about how good this weather is today?,2026-02-03 16:47:00,21,4.0,2.0,en
3985,@msthinker798,"Working from the coffee shop again, love this place.",2026-05-24 02:25:00,5,0.0,1.0,en
2801,@truevoice465,Wat een mooie dag vandaag!,2026-04-10 21:03:00,155,4.0,4.0,nl
1024,@wildexplorer642,"New blog post is live, check it out!",2026-02-05 08:40:00,208,24.0,8.0,en
4438,@dailywriter678,Just tried the new update and it's amazing! #tech,2026-06-09 19:03:00,6,3.0,1.0,en
1805,@digitalexplorer54,Can we talk about how good this weather is today?,2026-03-04 18:12:00,30,5.0,3.0,en
3438,@techrunner92,"New blog post is live, check it out!",2026-05-03 18:38:00,41,9.0,0.0,en
1552,@mrchef836,This is exactly why I love this community.,2026-02-22 21:48:00,32,4.0,0.0,en
1654,@justmind541,Kan niet wachten op het weekend!,2026-02-27 02:04:00,10,1.0,0.0,nl
307,@thenews924,Reading a great book on data science right now.,2026-01-09 21:39:00,29,2.0,2.0,en
482,@sunnyfox219,Finally finished my project after weeks of work.,2026-01-16 08:06:00,52,6.0,3.0,en
2210,@digitalartist333,Reading a great book on data science right now.,2026-03-19 23:50:00,32,1.0,0.0,en
2838,@happypanda167,Reading a great book on data science right now.,2026-04-12 01:45:00,34,2.0,2.0,en
1345,@dailywriter148,"Big news coming soon, stay tuned!",2026-02-15 08:54:00,25,4.0,1.0,en
4417,@mrlife490,Anyone else excited for the weekend?,2026-06-08 12:57:00,41,8.0,2.0,en
4513,@truewriter874,Dit nieuws is ongelooflijk.,2026-06-12 19:33:00,44,6.0,4.0,nl
4636,@drsoul588,"Feeling grateful today, small wins count.",2026-06-17 01:53:00,18,3.0,1.0,en
441,@dailywriter148,"Big news coming soon, stay tuned!",2026-01-14 22:22:00,36,6.0,2.0,en
1491,@truewanderer482,Just tried the new update and it's amazing! #tech,2026-02-20 19:46:00,25,4.0,3.0,en
2900,@dailyartist662,"Big news coming soon, stay tuned!",2026-04-14 17:39:00,166,21.0,12.0,en
449,@urbanthinker660,Just tried the new update and it's amazing! #tech,2026-01-15 07:46:00,118,16.0,10.0,en
1044,@coderchef888,"Big news coming soon, stay tuned!",2026-02-06 06:40:00,25,0.0,2.0,en
652,@nightthinker724,"Feeling grateful today, small wins count.",2026-01-22 03:42:00,38,6.0,0.0,en
4840,@dailywriter529,Terminando el proyecto por fin.,2026-06-24 04:05:00,30,7.0,1.0,es
4385,@nightexplorer653,Vivement le week-end!,2026-06-07 06:14:00,36,9.0,1.0,fr
813,@luckywriter983,Eindelijk mijn project afgerond.,2026-01-28 03:53:00,36,2.0,3.0,nl
2919,@coderthinker615,This is exactly why I love this community.,2026-04-15 11:28:00,21,3.0,,en
4379,@silentchef208,Dit nieuws is ongelooflijk.,2026-06-07 03:17:00,118,9.0,9.0,nl
1798,@dailynews763,Wat een mooie dag vandaag!,2026-03-04 13:22:00,18,3.0,,nl
1530,@digitalartist844,Anyone else excited for the weekend?,2026-02-21 21:47:00,60,10.0,3.0,en
1075,@techchef117,Can we talk about how good this weather is today?,2026-02-06 20:49:00,33,4.0,3.0,en
3148,@wildstudent902,Kan niet wachten op het weekend!,2026-04-24 03:35:00,15,4.0,0.0,nl
3249,@cosmicexplorer391,Terminando el proyecto por fin.,2026-04-26 22:05:00,38,4.0,4.0,es
609,@truedreamer447,Kan niet wachten op het weekend!,2026-01-20 09:30:00,130,20.0,6.0,nl
4942,@dailyvibes974,Dit nieuws is ongelooflijk.,2026-06-27 11:07:00,29,2.0,1.0,nl
4009,@silentmind241,Just tried the new update and it's amazing! #tech,2026-05-25 04:59:00,38,4.0,3.0,en
1326,@luckylife2,Eindelijk mijn project afgerond.,2026-02-14 13:40:00,5,0.0,,nl
2960,@wildpanda661,"Feeling grateful today, small wins count.",2026-04-17 09:00:00,221,18.0,5.0,en
2089,@techartist752,Que buen dia para salir a caminar!,2026-03-14 15:17:00,21,6.0,3.0,es
2211,@quietwanderer738,Traffic this morning was unreal.,2026-03-20 00:34:00,32,2.0,1.0,en
1790,@luckywanderer475,Endlich mein Projekt fertig.,2026-03-04 03:50:00,35,3.0,2.0,de
3103,@trueexplorer781,Can we talk about how good this weather is today?,2026-04-22 05:19:00,28,0.0,3.0,en
2000,@silentdreamer438,"Big news coming soon, stay tuned!",2026-03-12 07:54:00,17,5.0,1.0,en
154,@sunnynews435,No puedo creer las noticias de hoy.,2026-01-04 17:26:00,11,4.0,0.0,es
40,@quietnews990,Just adopted a puppy and I'm obsessed.,2026-01-02 03:17:00,12,4.0,0.0,en
2079,@happysoul423,Why is nobody talking about this documentary?,2026-03-14 10:52:00,41,9.0,2.0,en
2799,@realwanderer793,Finally finished my project after weeks of work.,2026-04-10 20:53:00,12,2.0,1.0,en
4871,@sunnyexplorer926,Just adopted a puppy and I'm obsessed.,2026-06-25 13:17:00,49,4.0,0.0,en
1780,@thelife130,Je viens de terminer mon projet.,2026-03-03 12:47:00,28,4.0,0.0,fr
1944,@drnews6,Anyone else excited for the weekend?,2026-03-09 06:10:00,82,7.0,3.0,en
4252,@msstudent630,"Feeling grateful today, small wins count.",2026-06-03 10:28:00,13,,2.0,en
732,@happygamer649,"Big news coming soon, stay tuned!",2026-01-24 20:58:00,31,7.0,3.0,en
4387,@drrunner405,Anyone else excited for the weekend?,2026-06-07 06:36:00,34,2.0,2.0,en
4304,@silentpanda419,Conference talk today was so inspiring.,2026-06-05 12:04:00,37,5.0,0.0,en
4593,@happypanda124,Feliz viernes a todos!,2026-06-15 15:41:00,113,18.0,2.0,es
1627,@wildexplorer479,Traffic this morning was unreal.,2026-02-25 20:08:00,192,7.0,6.0,en
3992,@quietexplorer877,Was fur ein schoner Tag heute!,2026-05-24 10:04:00,6,2.0,1.0,de
2218,@digitalwriter446,Finally finished my project after weeks of work.,2026-03-20 05:00:00,10,4.0,2.0,en
1771,@sunnysoul449,,2026-03-03 04:11:00,19,,1.0,en
2866,@msfox886,Reading a great book on data science right now.,2026-04-13 05:38:00,130,5.0,5.0,en
2436,@happyvoice223,This is exactly why I love this community.,2026-03-28 01:02:00,52,7.0,4.0,en
245,@quietvoice816,"Big news coming soon, stay tuned!",2026-01-08 14:03:00,253,30.0,12.0,en
1067,@dailyvibes599,Que buen dia para salir a caminar!,2026-02-06 19:34:00,25,3.0,1.0,es
510,@silentpanda222,"New blog post is live, check it out!",2026-01-16 21:11:00,10,4.0,1.0,en
3419,@quietlife552,"Big news coming soon, stay tuned!",2026-05-02 19:30:00,10,3.0,0.0,en
2425,@quietsoul150,This is exactly why I love this community.,2026-03-27 20:48:00,8,2.0,1.0,en
2463,@luckyrunner462,Terminando el proyecto por fin.,2026-03-29 01:14:00,15,4.0,1.0,es
4348,@mrdev46,Can we talk about how good this weather is today?,2026-06-05 22:14:00,22,2.0,2.0,en
2297,@nightstudent848,Je viens de terminer mon projet.,2026-03-22 15:14:00,281,20.0,,fr
2223,@sunnystudent544,Conference talk today was so inspiring.,2026-03-20 11:45:00,30,7.0,,en
4413,@msrunner579,Cooking experiment gone right for once!,2026-06-08 09:05:00,30,3.0,1.0,en
3312,@silentvibes978,Anyone else excited for the weekend?,2026-04-29 07:33:00,100,14.0,7.0,en
2374,@msdev427,Que buen dia para salir a caminar!,2026-03-26 08:05:00,8,,1.0,es
2092,@cosmictraveler958,Cooking experiment gone right for once!,2026-03-14 18:57:00,21,0.0,1.0,en
4200,@happygamer41,Just adopted a puppy and I'm obsessed.,2026-05-31 22:56:00,21,1.0,0.0,en
2504,@silentwriter862,Can we talk about how good this weather is today?,2026-03-30 16:00:00,35,2.0,2.0,en
2998,@quietlife151,Just adopted a puppy and I'm obsessed.,2026-04-17 21:13:00,7,0.0,2.0,en
1413,@msstudent630,Vivement le week-end!,2026-02-18 04:54:00,15,2.0,0.0,fr
3644,@technews244,Why is nobody talking about this documentary?,2026-05-11 09:32:00,21,6.0,,en
1571,@realtraveler885,Anyone else excited for the weekend?,2026-02-23 10:30:00,36,5.0,3.0,en
1478,@realdev778,"Working from the coffee shop again, love this place.",2026-02-20 18:45:00,7,1.0,1.0,en
716,@mrstudent908,This is exactly why I love this community.,2026-01-23 21:44:00,7,4.0,1.0,en
3212,@wilddreamer783,"Working from the coffee shop again, love this place.",2026-04-25 14:46:00,18,3.0,1.0,en
415,@sunnyvoice684,Just adopted a puppy and I'm obsessed.,2026-01-13 19:56:00,19,4.0,2.0,en
1437,@drchef61,Traffic this morning was unreal.,2026-02-19 00:46:00,112,11.0,4.0,en
2840,@wildstudent902,This is exactly why I love this community.,2026-04-12 03:52:00,4,0.0,0.0,en
3755,@dailytechupdate,Why is nobody talking about this documentary?,2026-05-15 20:01:00,770,40.0,30.0,en
3503,@dailylife417,Was fur ein schoner Tag heute!,2026-05-06 11:16:00,67,13.0,1.0,de
2994,@dailytechupdate,Just tried the new update and it's amazing! #tech,2026-04-17 20:45:00,429,32.0,,en
1679,@thefox52,Can we talk about how good this weather is today?,2026-02-27 19:08:00,106,3.0,4.0,en
2163,@nightstudent848,Diese Nachricht ist unglaublich.,2026-03-17 19:30:00,2,1.0,0.0,de
3128,@techsoul614,Why is nobody talking about this documentary?,2026-04-23 08:49:00,28,3.0,,en
1828,@justdev621,Diese Nachricht ist unglaublich.,2026-03-05 14:36:00,55,6.0,2.0,de
494,@realgamer857,Traffic this morning was unreal.,2026-01-16 19:44:00,47,7.0,2.0,en
3803,@dailythinker750,No puedo creer las noticias de hoy.,2026-05-17 03:32:00,29,4.0,1.0,es
790,@therunner987,Cooking experiment gone right for once!,2026-01-27 01:57:00,63,4.0,4.0,en
1377,@silentmind741,Cooking experiment gone right for once!,2026-02-16 21:47:00,7,2.0,0.0,en
1956,@msthinker798,Just tried the new update and it's amazing! #tech,2026-03-09 22:23:00,10,2.0,1.0,en
3014,@wildpanda875,Cooking experiment gone right for once!,2026-04-18 02:10:00,38,4.0,1.0,en
4155,@dailynews763,Just tried the new update and it's amazing! #tech,2026-05-30 05:54:00,29,5.0,2.0,en
4887,@sunnydreamer555,Just adopted a puppy and I'm obsessed.,2026-06-26 04:00:00,66,5.0,2.0,en
4466,@nightlife231,Can we talk about how good this weather is today?,2026-06-10 22:02:00,69,5.0,4.0,en
3354,@drrunner10,Cooking experiment gone right for once!,2026-05-01 05:37:00,29,2.0,3.0,en
891,@dailywriter863,This is exactly why I love this community.,2026-01-30 21:15:00,49,5.0,3.0,en
170,@cosmicpanda822,Was fur ein schoner Tag heute!,2026-01-05 05:57:00,53,9.0,3.0,de
2797,@dailytechupdate,Why is nobody talking about this documentary?,2026-04-10 20:33:00,284,28.0,22.0,en
3690,@quiettraveler68,Diese Nachricht ist unglaublich.,2026-05-13 15:36:00,64,2.0,,de
2546,@quietgamer7,"Big news coming soon, stay tuned!",2026-04-01 12:51:00,27,2.0,3.0,en
2532,@coderrunner754,Reading a great book on data science right now.,2026-03-31 20:48:00,17,6.0,1.0,en
2571,@msgamer420,"Working from the coffee shop again, love this place.",2026-04-02 08:33:00,18,2.0,0.0,en
4605,@sunnydev298,"New blog post is live, check it out!",2026-06-15 21:43:00,52,7.0,3.0,en
3961,@techthinker448,Feliz viernes a todos!,2026-05-22 21:39:00,6,0.0,0.0,es
4580,@thestudent200,Conference talk today was so inspiring.,2026-06-15 03:26:00,15,3.0,1.0,en
3178,@thefox339,Finally finished my project after weeks of work.,2026-04-24 20:08:00,9,,2.0,en
713,@techstudent671,"Big news coming soon, stay tuned!",2026-01-23 21:33:00,16,2.0,1.0,en
1357,@dailymind993,Cooking experiment gone right for once!,2026-02-15 21:47:00,25,3.0,2.0,en
1316,@dailyvibes599,Anyone else excited for the weekend?,2026-02-14 02:35:00,320,42.0,11.0,en
3409,@quietmind886,Endlich mein Projekt fertig.,2026-05-02 12:34:00,8,1.0,2.0,de
1221,@drlife685,No puedo creer las noticias de hoy.,2026-02-11 13:13:00,94,12.0,5.0,es
917,@wildwriter233,Cette nouvelle est incroyable.,2026-01-31 18:23:00,7,1.0,0.0,fr
4143,@sunnysoul514,Just tried the new update and it's amazing! #tech,2026-05-29 21:31:00,47,4.0,5.0,en
2852,@coderwriter454,Just adopted a puppy and I'm obsessed.,2026-04-12 16:39:00,29,3.0,1.0,en
3116,@dailyvibes114,Finally finished my project after weeks of work.,2026-04-22 20:30:00,94,7.0,4.0,en
4574,@digitalchef759,Wat een mooie dag vandaag!,2026-06-14 19:26:00,170,16.0,12.0,nl
2573,@realartist719,No puedo creer las noticias de hoy.,2026-04-02 10:18:00,294,28.0,,es
3731,@mrgamer661,Traffic this morning was unreal.,2026-05-15 11:02:00,23,5.0,1.0,en
1487,@drartist738,Diese Nachricht ist unglaublich.,2026-02-20 19:37:00,22,7.0,2.0,de
3088,@dailytechupdate,Que buen dia para salir a caminar!,2026-04-21 01:45:00,753,40.0,16.0,es
2770,@dailylife895,Vivement le week-end!,2026-04-10 01:32:00,28,1.0,,fr
3308,@drgamer893,Anyone else excited for the weekend?,2026-04-29 02:37:00,50,3.0,3.0,en
4990,@quietvoice816,No puedo creer las noticias de hoy.,2026-06-29 11:01:00,30,4.0,2.0,es
2794,@happygamer41,Quelle belle journee aujourd'hui!,2026-04-10 20:21:00,21,2.0,1.0,fr
2574,@silentwanderer253,Que buen dia para salir a caminar!,2026-04-02 10:38:00,33,8.0,3.0,es
2519,@coderdreamer251,Finally finished my project after weeks of work.,2026-03-31 08:01:00,10,2.0,2.0,en
1433,@coderwriter454,Feliz viernes a todos!,2026-02-18 21:34:00,126,9.0,6.0,es
2386,@mssoul242,Ich freue mich aufs Wochenende!,2026-03-26 23:47:00,24,4.0,3.0,de
567,@msdreamer242,Traffic this morning was unreal.,2026-01-18 22:53:00,4,2.0,,en
42,@realmind514,Wat een mooie dag vandaag!,2026-01-02 03:35:00,12,2.0,2.0,nl
4234,@justmind588,Cette nouvelle est incroyable.,2026-06-02 13:12:00,15,,0.0,fr
423,@truefox665,,2026-01-14 02:20:00,7,,0.0,en
3252,@nightthinker765,This is exactly why I love this community.,2026-04-27 00:13:00,44,6.0,3.0,en
3222,@thechef938,This is exactly why I love this community.,2026-04-25 22:10:00,28,6.0,2.0,en
3072,@digitallife302,Kan niet wachten op het weekend!,2026-04-20 12:10:00,13,1.0,2.0,nl
4459,@silentnews94,Diese Nachricht ist unglaublich.,2026-06-10 17:49:00,20,4.0,1.0,de
1242,@codervoice415,"Working from the coffee shop again, love this place.",2026-02-12 12:22:00,55,8.0,2.0,en
2674,@nightstudent848,Ich freue mich aufs Wochenende!,2026-04-06 00:48:00,97,11.0,7.0,de
916,@cosmicvibes266,"Feeling grateful today, small wins count.",2026-01-31 16:36:00,97,6.0,,en
53,@silentstudent762,"Feeling grateful today, small wins count.",2026-01-02 12:00:00,48,7.0,1.0,en
2303,@drgamer893,Feliz viernes a todos!,2026-03-22 20:26:00,28,2.0,3.0,es
4718,@cosmicfox319,Traffic this morning was unreal.,2026-06-19 20:32:00,29,8.0,3.0,en
3601,@thechef938,This is exactly why I love this community.,2026-05-09 08:35:00,37,7.0,2.0,en
2678,@happyvoice838,Diese Nachricht ist unglaublich.,2026-04-06 03:03:00,9,4.0,2.0,de
3742,@silentchef208,Que buen dia para salir a caminar!,2026-05-15 19:24:00,6,2.0,1.0,es
3376,@luckywanderer475,Vivement le week-end!,2026-05-01 20:08:00,52,2.0,0.0,fr
645,@happyvoice153,"Feeling grateful today, small wins count.",2026-01-22 00:06:00,11,3.0,1.0,en
2114,@dailyvibes599,Que buen dia para salir a caminar!,2026-03-15 15:34:00,256,14.0,,es
838,@techwanderer404,Feliz viernes a todos!,2026-01-29 06:42:00,43,5.0,2.0,es
2027,@msdev427,Can we talk about how good this weather is today?,2026-03-13 09:26:00,34,5.0,1.0,en
1743,@theexplorer402,Anyone else excited for the weekend?,2026-03-01 20:21:00,29,4.0,2.0,en
1157,@mslife259,Conference talk today was so inspiring.,2026-02-09 12:11:00,42,7.0,2.0,en
4755,@digitaltraveler160,Terminando el proyecto por fin.,2026-06-20 21:19:00,61,8.0,2.0,es
399,@happyvoice637,Dit nieuws is ongelooflijk.,2026-01-13 05:13:00,51,8.0,1.0,nl
2025,@wildvibes314,Can we talk about how good this weather is today?,2026-03-13 08:52:00,74,9.0,2.0,en
784,@mssoul242,Endlich mein Projekt fertig.,2026-01-26 21:43:00,33,5.0,2.0,de
1525,@techchef117,Was fur ein schoner Tag heute!,2026-02-21 14:03:00,6,3.0,2.0,de
4056,@quietsoul150,This is exactly why I love this community.,2026-05-26 23:12:00,23,4.0,2.0,en
284,@truefox665,"New blog post is live, check it out!",2026-01-09 19:45:00,34,5.0,2.0,en
4318,@quietwanderer193,"Big news coming soon, stay tuned!",2026-06-05 19:32:00,8,2.0,0.0,en
3867,@techthinker731,Cooking experiment gone right for once!,2026-05-20 05:25:00,69,8.0,5.0,en
1253,@coderchef184,Traffic this morning was unreal.,2026-02-12 22:34:00,31,5.0,4.0,en
3516,@urbanlife82,Cooking experiment gone right for once!,2026-05-07 02:40:00,87,8.0,8.0,en
3905,@urbanstudent257,This is exactly why I love this community.,2026-05-21 17:09:00,50,8.0,1.0,en
1274,@silentchef208,Reading a great book on data science right now.,2026-02-13 18:04:00,171,14.0,5.0,en
3111,@realtraveler885,Anyone else excited for the weekend?,2026-04-22 16:14:00,73,9.0,4.0,en
1200,@nightstudent848,"Working from the coffee shop again, love this place.",2026-02-10 22:41:00,15,3.0,0.0,en
3403,@quiettraveler128,Cette nouvelle est incroyable.,2026-05-02 03:48:00,32,5.0,2.0,fr
1907,@mspanda158,This is exactly why I love this community.,2026-03-07 19:51:00,34,2.0,3.0,en
3200,@luckydev635,Traffic this morning was unreal.,2026-04-25 04:25:00,71,2.0,4.0,en
3379,@reallife812,Terminando el proyecto por fin.,2026-05-01 20:27:00,13,5.0,2.0,es
2395,@happyvoice637,"Big news coming soon, stay tuned!",2026-03-27 12:02:00,15,4.0,1.0,en
3596,@dailyrunner531,"Working from the coffee shop again, love this place.",2026-05-09 04:47:00,276,22.0,19.0,en
3959,@digitaldreamer73,Diese Nachricht ist unglaublich.,2026-05-22 21:38:00,52,8.0,4.0,de
3507,@realmind514,Je viens de terminer mon projet.,2026-05-06 18:48:00,12,3.0,2.0,fr
3017,@truedev87,"Working from the coffee shop again, love this place.",2026-04-18 06:01:00,23,3.0,1.0,en
2766,@truelife595,"Feeling grateful today, small wins count.",2026-04-09 20:46:00,115,14.0,8.0,en
2952,@techchef117,Can we talk about how good this weather is today?,2026-04-17 01:18:00,8,4.0,0.0,en
3819,@thetraveler239,This is exactly why I love this community.,2026-05-18 02:22:00,17,4.0,1.0,en
1713,@sunnychef401,No puedo creer las noticias de hoy.,2026-02-28 06:40:00,27,4.0,1.0,es
1142,@silentstudent765,Terminando el proyecto por fin.,2026-02-09 00:11:00,174,9.0,3.0,es
4565,@truenews778,Finally finished my project after weeks of work.,2026-06-14 08:23:00,28,5.0,3.0,en
3484,@digitalwriter150,This is exactly why I love this community.,2026-05-05 13:24:00,12,5.0,0.0,en
1587,@dailynews763,Vivement le week-end!,2026-02-24 04:40:00,70,10.0,2.0,fr
1715,@urbandev22,Anyone else excited for the weekend?,2026-02-28 11:00:00,55,3.0,1.0,en
3993,@happyrunner56,Reading a great book on data science right now.,2026-05-24 12:35:00,39,3.0,2.0,en
4938,@digitalartist726,"Feeling grateful today, small wins count.",2026-06-27 08:02:00,10,1.0,0.0,en
4702,@dailytechupdate,Why is nobody talking about this documentary?,2026-06-19 08:12:00,528,63.0,33.0,en
3299,@urbanlife82,Anyone else excited for the weekend?,2026-04-28 18:34:00,33,5.0,1.0,en
3088,@dailytechupdate,Que buen dia para salir a caminar!,2026-04-21 01:45:00,753,40.0,16.0,es
3891,@thewanderer677,Conference talk today was so inspiring.,2026-05-21 09:18:00,37,8.0,2.0,en
553,@truetraveler804,"Big news coming soon, stay tuned!",2026-01-18 11:17:00,12,4.0,1.0,en
3490,@drsoul265,Finally finished my project after weeks of work.,2026-05-05 19:52:00,41,4.0,3.0,en
3145,@mrartist788,Anyone else excited for the weekend?,2026-04-24 02:11:00,19,6.0,2.0,en
3728,@coderdreamer251,Was fur ein schoner Tag heute!,2026-05-15 06:12:00,4,3.0,0.0,de
198,@quietdev850,"Feeling grateful today, small wins count.",2026-01-06 18:04:00,40,2.0,2.0,en
1041,@themind501,Can we talk about how good this weather is today?,2026-02-06 04:15:00,36,6.0,2.0,en
2672,@nightvoice129,Reading a great book on data science right now.,2026-04-05 21:48:00,26,4.0,2.0,en
845,@digitalwriter446,Anyone else excited for the weekend?,2026-01-29 13:05:00,11,0.0,0.0,en
3546,@justthinker414,Cooking experiment gone right for once!,2026-05-07 22:12:00,19,2.0,2.0,en
4675,@coderthinker615,Why is nobody talking about this documentary?,2026-06-18 12:20:00,34,7.0,2.0,en
1516,@urbanartist548,"New blog post is live, check it out!",2026-02-21 04:28:00,33,7.0,0.0,en
3653,@techthinker448,"Feeling grateful today, small wins count.",2026-05-12 03:05:00,67,8.0,2.0,en
2102,@nightvoice64,"New blog post is live, check it out!",2026-03-15 08:12:00,132,16.0,,en
1877,@thedev461,This is exactly why I love this community.,2026-03-06 21:40:00,24,1.0,3.0,en
1144,@nightexplorer653,Just adopted a puppy and I'm obsessed.,2026-02-09 03:27:00,26,4.0,1.0,en
4029,@happylife828,Ich freue mich aufs Wochenende!,2026-05-26 01:18:00,5,1.0,,de
3654,@luckythinker140,"Feeling grateful today, small wins count.",2026-05-12 03:40:00,18,1.0,2.0,en
1619,@techrunner535,This is exactly why I love this community.,2026-02-25 14:04:00,18,1.0,1.0,en
4590,@dailytechupdate,Why is nobody talking about this documentary?,2026-06-15 14:18:00,638,50.0,49.0,en
3214,@theartist682,Finally finished my project after weeks of work.,2026-04-25 15:44:00,356,26.0,7.0,en
4001,@techstudent692,Vivement le week-end!,2026-05-24 23:13:00,49,3.0,0.0,fr
1027,@silentwanderer253,Feliz viernes a todos!,2026-02-05 13:30:00,140,21.0,5.0,es
3348,@coderthinker615,Feliz viernes a todos!,2026-05-01 02:19:00,131,5.0,,es
2765,@quietnews847,Conference talk today was so inspiring.,2026-04-09 20:02:00,53,5.0,1.0,en
603,@techchef117,Can we talk about how good this weather is today?,2026-01-20 05:54:00,37,3.0,1.0,en
1630,@cosmicvibes193,"Working from the coffee shop again, love this place.",2026-02-25 22:34:00,13,5.0,1.0,en
387,@wildstudent902,Kan niet wachten op het weekend!,2026-01-12 07:02:00,50,6.0,2.0,nl
2621,@dailypanda659,Endlich mein Projekt fertig.,2026-04-03 20:18:00,56,9.0,2.0,de
4650,@quietvoice816,This is exactly why I love this community.,2026-06-17 12:35:00,4,3.0,0.0,en
3094,@nightsoul653,Reading a great book on data science right now.,2026-04-21 10:06:00,31,8.0,3.0,en
2035,@techdev574,Can we talk about how good this weather is today?,2026-03-13 18:02:00,401,60.0,18.0,en
1336,@drsoul588,"Feeling grateful today, small wins count.",2026-02-15 00:03:00,186,,8.0,en
4573,@drthinker824,This is exactly why I love this community.,2026-06-14 19:02:00,61,10.0,5.0,en
805,@luckychef502,Que buen dia para salir a caminar!,2026-01-27 21:10:00,14,5.0,0.0,es
3001,@happyvibes37,Just adopted a puppy and I'm obsessed.,2026-04-17 21:26:00,5,2.0,1.0,en
493,@cosmicartist98,Dit nieuws is ongelooflijk.,2026-01-16 19:37:00,59,8.0,1.0,nl
1418,@nighttraveler146,Finally finished my project after weeks of work.,2026-02-18 06:45:00,5,3.0,0.0,en
2745,@mssoul366,"Working from the coffee shop again, love this place.",2026-04-08 22:47:00,15,6.0,1.0,en
341,@mrgamer661,Traffic this morning was unreal.,2026-01-10 20:49:00,53,5.0,4.0,en
1110,@happygamer649,Reading a great book on data science right now.,2026-02-07 18:23:00,12,3.0,1.0,en
2984,@msrunner198,Kan niet wachten op het weekend!,2026-04-17 20:13:00,2,3.0,2.0,nl
166,@quietlife552,Anyone else excited for the weekend?,2026-01-05 02:55:00,73,10.0,2.0,en
4457,@thelife285,Vivement le week-end!,2026-06-10 15:18:00,276,19.0,6.0,fr
2484,@dailyrunner531,Quelle belle journee aujourd'hui!,2026-03-29 18:10:00,6,1.0,2.0,fr
3880,@cosmicwanderer724,"Feeling grateful today, small wins count.",2026-05-20 20:48:00,150,7.0,11.0,en
1211,@silentthinker438,Que buen dia para salir a caminar!,2026-02-11 06:56:00,312,24.0,9.0,es
485,@theartist36,Can we talk about how good this weather is today?,2026-01-16 14:39:00,31,2.0,2.0,en
4762,@drartist738,Terminando el proyecto por fin.,2026-06-21 04:45:00,130,12.0,12.0,es
4882,@thedev705,Finally finished my project after weeks of work.,2026-06-26 02:04:00,116,14.0,4.0,en
422,@dailylife711,No puedo creer las noticias de hoy.,2026-01-14 02:05:00,8,3.0,2.0,es
3451,@nightmind504,Just adopted a puppy and I'm obsessed.,2026-05-04 05:00:00,95,8.0,5.0,en
155,@quiettraveler468,Just adopted a puppy and I'm obsessed.,2026-01-04 19:05:00,35,1.0,3.0,en
3108,@wildtraveler520,Just tried the new update and it's amazing! #tech,2026-04-22 10:05:00,32,3.0,1.0,en
592,@quietdev850,"Feeling grateful today, small wins count.",2026-01-19 19:33:00,59,4.0,4.0,en
1572,@wildsoul854,"Big news coming soon, stay tuned!",2026-02-23 13:12:00,26,3.0,2.0,en
2391,@dailydev686,This is exactly why I love this community.,2026-03-27 09:14:00,242,26.0,11.0,en
4583,@cosmicvibes266,"Feeling grateful today, small wins count.",2026-06-15 05:20:00,13,2.0,2.0,en
3965,@thewriter521,Feliz viernes a todos!,2026-05-23 05:21:00,21,5.0,1.0,es
379,@urbandreamer38,"New blog post is live, check it out!",2026-01-11 22:33:00,22,,2.0,en
3076,@trueexplorer291,Reading a great book on data science right now.,2026-04-20 17:15:00,56,9.0,5.0,en
4782,@techvibes115,Dit nieuws is ongelooflijk.,2026-06-22 00:48:00,35,4.0,1.0,nl
2173,@quietlife552,Que buen dia para salir a caminar!,2026-03-18 07:12:00,227,16.0,14.0,es
1052,@therunner987,This is exactly why I love this community.,2026-02-06 14:19:00,44,7.0,4.0,en
2115,@luckyvoice188,Cette nouvelle est incroyable.,2026-03-15 15:36:00,14,2.0,0.0,fr
4949,@mrvoice745,"New blog post is live, check it out!",2026-06-27 20:52:00,22,4.0,2.0,en
4672,@dailytechupdate,,2026-06-18 11:44:00,1027,111.0,58.0,en
2051,@mrchef470,No puedo creer las noticias de hoy.,2026-03-13 20:46:00,27,7.0,2.0,es
4297,@luckythinker618,"Big news coming soon, stay tuned!",2026-06-05 04:15:00,174,17.0,5.0,en
4722,@truethinker286,Traffic this morning was unreal.,2026-06-19 20:54:00,11,2.0,2.0,en
180,@nightfox415,Just adopted a puppy and I'm obsessed.,2026-01-05 21:08:00,32,1.0,,en
4783,@luckyexplorer123,Why is nobody talking about this documentary?,2026-06-22 00:53:00,36,5.0,1.0,en
3830,@cosmicmind867,This is exactly why I love this community.,2026-05-18 07:24:00,83,9.0,,en
2460,@sunnyfox219,This is exactly why I love this community.,2026-03-28 21:18:00,25,1.0,1.0,en
1574,@wildexplorer290,Quelle belle journee aujourd'hui!,2026-02-23 14:39:00,23,3.0,0.0,fr
1597,@happypanda482,Why is nobody talking about this documentary?,2026-02-24 14:12:00,0,2.0,2.0,en
2941,@dailyvoice75,Can we talk about how good this weather is today?,2026-04-16 08:25:00,15,1.0,,en
4104,@silentfox174,Reading a great book on data science right now.,2026-05-28 22:51:00,21,6.0,2.0,en
3590,@digitalexplorer54,Can we talk about how good this weather is today?,2026-05-08 23:29:00,167,10.0,9.0,en
4601,@realmind305,Conference talk today was so inspiring.,2026-06-15 20:18:00,17,5.0,2.0,en
4956,@drthinker366,"Big news coming soon, stay tuned!",2026-06-28 05:16:00,21,1.0,0.0,en
2886,@therunner54,Just tried the new update and it's amazing! #tech,2026-04-14 05:20:00,32,3.0,,en
250,@truelife595,This is exactly why I love this community.,2026-01-08 17:41:00,47,3.0,1.0,en
3458,@urbanartist763,Reading a great book on data science right now.,2026-05-04 12:40:00,7,2.0,1.0,en
638,@mrthinker789,"Big news coming soon, stay tuned!",2026-01-21 19:34:00,23,5.0,1.0,en
2395,@happyvoice637,"Big news coming soon, stay tuned!",2026-03-27 12:02:00,15,4.0,1.0,en
2581,@mrwriter530,Why is nobody talking about this documentary?,2026-04-02 14:07:00,8,4.0,0.0,en
3563,@techexplorer915,Traffic this morning was unreal.,2026-05-08 19:12:00,35,2.0,2.0,en
4107,@thelife130,Can we talk about how good this weather is today?,2026-05-29 01:17:00,72,9.0,2.0,en
2320,@digitalwriter446,Anyone else excited for the weekend?,2026-03-23 19:04:00,94,11.0,6.0,en
344,@sunnywriter182,Cooking experiment gone right for once!,2026-01-10 23:47:00,44,5.0,2.0,en
2326,@realpanda627,Conference talk today was so inspiring.,2026-03-24 03:28:00,685,65.0,35.0,en
466,@nightexplorer653,Why is nobody talking about this documentary?,2026-01-15 21:16:00,27,3.0,2.0,en
3378,@justrunner59,Kan niet wachten op het weekend!,2026-05-01 20:26:00,55,5.0,2.0,nl
574,@wilddev280,Eindelijk mijn project afgerond.,2026-01-19 05:12:00,10,5.0,0.0,nl
2328,@realvoice524,Just tried the new update and it's amazing! #tech,2026-03-24 05:57:00,11,1.0,1.0,en
4624,@dailychef65,Quelle belle journee aujourd'hui!,2026-06-16 15:55:00,217,22.0,14.0,fr
4959,@digitalvoice610,Conference talk today was so inspiring.,2026-06-28 07:21:00,8,,0.0,en
2416,@dailyvibes974,Why is nobody talking about this documentary?,2026-03-27 19:43:00,7,1.0,2.0,en
23,@sunnywanderer454,"New blog post is live, check it out!",2026-01-01 15:46:00,18,4.0,3.0,en
760,@digitalwriter882,This is exactly why I love this community.,2026-01-25 20:41:00,265,35.0,8.0,en
3837,@sunnysoul449,"Working from the coffee shop again, love this place.",2026-05-18 17:15:00,60,9.0,2.0,en
3830,@cosmicmind867,This is exactly why I love this community.,2026-05-18 07:24:00,83,9.0,,en
52,@urbanstudent257,This is exactly why I love this community.,2026-01-02 11:27:00,94,12.0,4.0,en
836,@urbanvoice918,Cooking experiment gone right for once!,2026-01-29 05:31:00,37,7.0,3.0,en
3859,@quietnews990,Just adopted a puppy and I'm obsessed.,2026-05-19 23:34:00,80,8.0,4.0,en
2134,@luckyfox283,Vivement le week-end!,2026-03-16 15:10:00,42,6.0,2.0,fr
2893,@theartist682,Just tried the new update and it's amazing! #tech,2026-04-14 11:49:00,20,3.0,0.0,en
4313,@trueexplorer291,This is exactly why I love this community.,2026-06-05 18:18:00,69,9.0,,en
4497,@sunnylife494,Conference talk today was so inspiring.,2026-06-12 06:50:00,24,6.0,0.0,en
1187,@happysoul423,Why is nobody talking about this documentary?,2026-02-10 14:29:00,137,11.0,7.0,en
3047,@wildsoul663,"Big news coming soon, stay tuned!",2026-04-19 16:10:00,118,18.0,5.0,en
4745,@justnews408,Wat een mooie dag vandaag!,2026-06-20 12:05:00,37,9.0,2.0,nl
2558,@urbandreamer38,"New blog post is live, check it out!",2026-04-01 22:23:00,16,4.0,1.0,en
1141,@dailylife417,"New blog post is live, check it out!",2026-02-08 22:55:00,63,8.0,,en
2618,@theartist36,Can we talk about how good this weather is today?,2026-04-03 19:51:00,10,2.0,2.0,en
4337,@cosmicsoul411,Feliz viernes a todos!,2026-06-05 21:17:00,26,4.0,2.0,es
353,@msgamer577,Can we talk about how good this weather is today?,2026-01-11 07:27:00,14,3.0,2.0,en
4735,@thefox52,Just tried the new update and it's amazing! #tech,2026-06-19 23:42:00,14,1.0,1.0,en
3873,@truelife595,Why is nobody talking about this documentary?,2026-05-20 15:04:00,22,,1.0,en
1697,@quietvoice816,This is exactly why I love this community.,2026-02-27 20:34:00,15,2.0,1.0,en
164,@cosmicgamer542,"Big news coming soon, stay tuned!",2026-01-05 02:22:00,323,41.0,14.0,en
1643,@drrunner405,Why is nobody talking about this documentary?,2026-02-26 15:54:00,5,1.0,,en
3753,@thepanda660,Just tried the new update and it's amazing! #tech,2026-05-15 19:59:00,4,1.0,0.0,en
8,@wildstudent902,Cette nouvelle est incroyable.,2026-01-01 05:47:00,57,5.0,2.0,fr
3847,@dailyartist662,Cooking experiment gone right for once!,2026-05-19 04:17:00,55,6.0,2.0,en
4084,@dailyartist662,Eindelijk mijn project afgerond.,2026-05-28 02:30:00,187,26.0,15.0,nl
173,@cosmicgamer860,"Working from the coffee shop again, love this place.",2026-01-05 11:27:00,19,5.0,2.0,en
3557,@urbanrunner384,Just tried the new update and it's amazing! #tech,2026-05-08 14:10:00,60,,1.0,en
514,@luckychef807,Feliz viernes a todos!,2026-01-16 21:42:00,10,0.0,2.0,es
1449,@sunnynews418,Vivement le week-end!,2026-02-19 13:47:00,345,22.0,18.0,fr
1196,@techsoul134,This is exactly why I love this community.,2026-02-10 20:14:00,35,6.0,3.0,en
3584,@trueartist216,Ich freue mich aufs Wochenende!,2026-05-08 21:44:00,12,2.0,0.0,de
3186,@mrlife490,,2026-04-24 21:03:00,162,22.0,10.0,en
248,@dailywriter148,"Big news coming soon, stay tuned!",2026-01-08 15:54:00,45,6.0,3.0,en
2679,@dailyfox333,Je viens de terminer mon projet.,2026-04-06 04:08:00,16,3.0,0.0,fr
236,@sunnyfox219,"Big news coming soon, stay tuned!",2026-01-08 03:32:00,95,5.0,6.0,en
1018,@nightartist873,Cooking experiment gone right for once!,2026-02-05 03:06:00,46,6.0,2.0,en
3193,@realrunner533,No puedo creer las noticias de hoy.,2026-04-24 21:56:00,12,2.0,2.0,es
4059,@digitallife302,,2026-05-27 01:54:00,58,,3.0,nl
950,@luckygamer372,No puedo creer las noticias de hoy.,2026-02-02 03:53:00,52,5.0,5.0,es
4159,@msgamer13,"Working from the coffee shop again, love this place.",2026-05-30 13:38:00,26,1.0,0.0,en
4243,@dailyfox281,Reading a great book on data science right now.,2026-06-02 21:58:00,58,8.0,3.0,en
728,@techartist752,Kan niet wachten op het weekend!,2026-01-24 17:57:00,34,7.0,4.0,nl
2587,@dailyvoice565,Quelle belle journee aujourd'hui!,2026-04-02 22:16:00,5,4.0,0.0,fr
1871,@techvoice375,Je viens de terminer mon projet.,2026-03-06 21:08:00,35,4.0,3.0,fr
4868,@digitaltraveler160,Que buen dia para salir a caminar!,2026-06-25 09:33:00,150,19.0,1.0,es
1069,@justthinker414,Cooking experiment gone right for once!,2026-02-06 19:57:00,15,3.0,2.0,en
4022,@luckychef807,Conference talk today was so inspiring.,2026-05-25 18:17:00,18,6.0,0.0,en
3267,@techexplorer840,Vivement le week-end!,2026-04-27 11:25:00,52,9.0,4.0,fr
3290,@realgamer857,Que buen dia para salir a caminar!,2026-04-28 11:34:00,43,7.0,3.0,es
4350,@wildvibes314,Can we talk about how good this weather is today?,2026-06-06 01:46:00,56,7.0,1.0,en
3387,@quietmind15,Ich freue mich aufs Wochenende!,2026-05-01 21:07:00,149,13.0,7.0,de
709,@codergamer594,"New blog post is live, check it out!",2026-01-23 21:26:00,21,2.0,1.0,en
2454,@urbanartist548,Why is nobody talking about this documentary?,2026-03-28 17:42:00,331,37.0,8.0,en
2182,@msthinker764,Wat een mooie dag vandaag!,2026-03-18 18:26:00,7,2.0,0.0,nl
4880,@cosmicsoul411,Just tried the new update and it's amazing! #tech,2026-06-25 23:39:00,18,1.0,,en
2812,@truetraveler804,"Big news coming soon, stay tuned!",2026-04-10 22:28:00,201,15.0,,en
4339,@realwanderer793,Finally finished my project after weeks of work.,2026-06-05 21:21:00,170,22.0,1.0,en
3766,@cosmicwanderer621,Reading a great book on data science right now.,2026-05-15 20:33:00,23,5.0,2.0,en
1109,@digitalexplorer54,No puedo creer las noticias de hoy.,2026-02-07 17:49:00,184,13.0,15.0,es
1247,@coderchef574,"New blog post is live, check it out!",2026-02-12 18:34:00,15,3.0,1.0,en
3415,@wildfox207,Anyone else excited for the weekend?,2026-05-02 17:08:00,39,2.0,1.0,en
2250,@luckychef807,Finally finished my project after weeks of work.,2026-03-20 20:55:00,26,4.0,1.0,en
2920,@msdev427,Just tried the new update and it's amazing! #tech,2026-04-15 11:54:00,32,,2.0,en
3459,@mswriter535,Cooking experiment gone right for once!,2026-05-04 13:15:00,29,2.0,2.0,en
2583,@mrvoice30,Wat een mooie dag vandaag!,2026-04-02 17:24:00,52,6.0,4.0,nl
2350,@truesoul152,Why is nobody talking about this documentary?,2026-03-25 03:11:00,33,7.0,2.0,en
1543,@coderwriter454,Just adopted a puppy and I'm obsessed.,2026-02-22 11:40:00,10,0.0,1.0,en
3270,@wildthinker540,Conference talk today was so inspiring.,2026-04-27 13:29:00,20,4.0,,en
3024,@msthinker798,"Working from the coffee shop again, love this place.",2026-04-18 18:09:00,60,7.0,,en
1785,@truepanda203,Dit nieuws is ongelooflijk.,2026-03-03 19:43:00,5,4.0,2.0,nl
889,@technews313,Why is nobody talking about this documentary?,2026-01-30 21:05:00,9,3.0,1.0,en
1891,@techstudent104,Why is nobody talking about this documentary?,2026-03-07 04:36:00,28,5.0,2.0,en
3000,@nightthinker765,Ich freue mich aufs Wochenende!,2026-04-17 21:25:00,185,13.0,13.0,de
1702,@drrunner10,No puedo creer las noticias de hoy.,2026-02-27 21:29:00,23,2.0,2.0,es
4494,@reallife812,Kan niet wachten op het weekend!,2026-06-12 05:30:00,59,5.0,4.0,nl
3201,@luckychef807,Quelle belle journee aujourd'hui!,2026-04-25 06:11:00,58,5.0,1.0,fr
2455,@urbanpanda555,Je viens de terminer mon projet.,2026-03-28 18:11:00,50,5.0,5.0,fr
1133,@drdev183,Anyone else excited for the weekend?,2026-02-08 14:50:00,24,1.0,1.0,en
633,@techsoul614,Just tried the new update and it's amazing! #tech,2026-01-21 08:40:00,54,6.0,0.0,en
3224,@urbandev990,Anyone else excited for the weekend?,2026-04-26 02:01:00,75,8.0,6.0,en
5089,@thetraveler466,??,2026-05-13 00:58:00,2,1.0,1.0,en
5031,@luckylife2,😴,2026-02-15 14:54:00,1,1.0,1.0,en
4255,@drthinker824,This is exactly why I love this community.,2026-06-03 18:46:00,61,9.0,4.0,en
2934,@drthinker366,Just tried the new update and it's amazing! #tech,2026-04-16 02:33:00,36,5.0,4.0,en
1099,@msfox106,Ich freue mich aufs Wochenende!,2026-02-07 04:46:00,36,3.0,2.0,de
4382,@dailythinker750,This is exactly why I love this community.,2026-06-07 04:44:00,98,5.0,,en
3806,@realgamer938,Reading a great book on data science right now.,2026-05-17 04:51:00,85,10.0,4.0,en
3894,@luckypanda930,"Big news coming soon, stay tuned!",2026-05-21 10:58:00,9,2.0,1.0,en
2190,@urbanpanda555,Cette nouvelle est incroyable.,2026-03-19 05:49:00,104,14.0,8.0,fr
4220,@silentmind598,Just adopted a puppy and I'm obsessed.,2026-06-01 14:42:00,91,5.0,8.0,en
1757,@happyrunner56,Reading a great book on data science right now.,2026-03-02 15:15:00,5,2.0,2.0,en
816,@truevoice35,Que buen dia para salir a caminar!,2026-01-28 05:28:00,4,3.0,0.0,es
1091,@cosmicgamer860,"Working from the coffee shop again, love this place.",2026-02-06 21:59:00,23,6.0,2.0,en
5056,@silentpanda222,👍👍,2026-06-22 13:53:00,0,1.0,1.0,en
4281,@silentfox174,Reading a great book on data science right now.,2026-06-04 16:31:00,233,16.0,5.0,en
2204,@quietstudent773,,2026-03-19 15:29:00,66,9.0,3.0,en
3089,@technews506,"Working from the coffee shop again, love this place.",2026-04-21 05:01:00,5,3.0,0.0,en
946,@cosmicexplorer391,This is exactly why I love this community.,2026-02-02 02:47:00,2,3.0,0.0,en
1672,@dailytechupdate,Why is nobody talking about this documentary?,2026-02-27 12:50:00,689,21.0,20.0,en
2721,@dailythinker783,Just tried the new update and it's amazing! #tech,2026-04-08 08:06:00,19,,0.0,en
2867,@justmind541,"Working from the coffee shop again, love this place.",2026-04-13 07:59:00,19,,1.0,en
4575,@quietwanderer195,"Feeling grateful today, small wins count.",2026-06-14 20:43:00,29,3.0,2.0,en
2980,@dailytechupdate,Conference talk today was so inspiring.,2026-04-17 19:48:00,604,44.0,16.0,en
1749,@realfox601,Finally finished my project after weeks of work.,2026-03-02 08:13:00,19,2.0,1.0,en
4320,@urbanthinker849,Can we talk about how good this weather is today?,2026-06-05 19:44:00,15,4.0,1.0,en
2232,@dailygamer259,Anyone else excited for the weekend?,2026-03-20 17:37:00,133,20.0,3.0,en
611,@happyvoice838,Dit nieuws is ongelooflijk.,2026-01-20 12:44:00,7,1.0,1.0,nl
4836,@truelife288,"New blog post is live, check it out!",2026-06-23 23:40:00,20,1.0,0.0,en
1899,@quietthinker269,Endlich mein Projekt fertig.,2026-03-07 07:50:00,12,1.0,0.0,de
2929,@codergamer594,Finally finished my project after weeks of work.,2026-04-15 20:37:00,52,4.0,1.0,en
3162,@dailytechupdate,Why is nobody talking about this documentary?,2026-04-24 18:25:00,833,96.0,63.0,en
3277,@cosmicvibes338,Anyone else excited for the weekend?,2026-04-27 18:24:00,31,5.0,,en
4309,@mrnews877,"New blog post is live, check it out!",2026-06-05 14:44:00,23,0.0,0.0,en
2367,@happyvoice637,Conference talk today was so inspiring.,2026-03-25 19:16:00,18,2.0,1.0,en
4726,@codertraveler952,Was fur ein schoner Tag heute!,2026-06-19 21:37:00,41,4.0,4.0,de
3835,@urbanthinker660,No puedo creer las noticias de hoy.,2026-05-18 16:05:00,59,,6.0,es
2209,@justwriter143,"Feeling grateful today, small wins count.",2026-03-19 22:52:00,11,4.0,0.0,en
1215,@silentfox321,Was fur ein schoner Tag heute!,2026-02-11 07:41:00,14,2.0,2.0,de
2410,@nightgamer200,Dit nieuws is ongelooflijk.,2026-03-27 19:33:00,162,21.0,10.0,nl
1076,@justvoice443,Dit nieuws is ongelooflijk.,2026-02-06 20:52:00,337,24.0,,nl
2965,@wildvibes314,Can we talk about how good this weather is today?,2026-04-17 12:55:00,27,8.0,2.0,en
95,@wildexplorer290,Traffic this morning was unreal.,2026-01-02 20:58:00,21,4.0,1.0,en
3671,@theexplorer402,Anyone else excited for the weekend?,2026-05-12 23:04:00,29,3.0,2.0,en
5053,@luckythinker618,🙂,2026-01-13 01:44:00,1,1.0,1.0,en
1280,@techstudent104,Finally finished my project after weeks of work.,2026-02-13 19:10:00,51,6.0,4.0,en
334,@happypanda167,"Working from the coffee shop again, love this place.",2026-01-10 15:49:00,279,20.0,15.0,en
4928,@urbanstudent404,Conference talk today was so inspiring.,2026-06-26 21:45:00,363,24.0,24.0,en
2507,@urbanstudent257,Dit nieuws is ongelooflijk.,2026-03-30 19:49:00,16,4.0,3.0,nl
641,@sunnysoul449,Why is nobody talking about this documentary?,2026-01-21 20:58:00,19,5.0,3.0,en
4838,@reallife812,"Big news coming soon, stay tuned!",2026-06-24 01:16:00,68,7.0,1.0,en
2717,@drchef131,Cette nouvelle est incroyable.,2026-04-08 07:14:00,18,2.0,,fr
1321,@wildgamer534,No puedo creer las noticias de hoy.,2026-02-14 07:53:00,83,11.0,2.0,es
509,@mschef852,Conference talk today was so inspiring.,2026-01-16 21:10:00,27,4.0,3.0,en
332,@sunnyexplorer926,Anyone else excited for the weekend?,2026-01-10 14:09:00,8,4.0,0.0,en
448,@codertraveler952,No puedo creer las noticias de hoy.,2026-01-15 07:13:00,2,4.0,,es
5068,@msrunner579,-,2026-02-21 02:11:00,2,0.0,1.0,en
975,@silentexplorer319,Why is nobody talking about this documentary?,2026-02-03 03:55:00,57,4.0,3.0,en
779,@happypanda482,Kan niet wachten op het weekend!,2026-01-26 16:20:00,59,4.0,3.0,nl
1566,@quietexplorer877,Je viens de terminer mon projet.,2026-02-23 07:37:00,81,9.0,2.0,fr
1045,@happyrunner800,Why is nobody talking about this documentary?,2026-02-06 06:59:00,20,4.0,1.0,en
3923,@sunnysoul514,Cette nouvelle est incroyable.,2026-05-22 09:00:00,54,1.0,2.0,fr
1965,@justdev775,"Working from the coffee shop again, love this place.",2026-03-10 11:56:00,127,11.0,5.0,en
2293,@wilddreamer783,"Working from the coffee shop again, love this place.",2026-03-22 11:42:00,8,3.0,2.0,en
3677,@techthinker731,Cooking experiment gone right for once!,2026-05-13 07:36:00,44,7.0,1.0,en
654,@realtraveler885,Anyone else excited for the weekend?,2026-01-22 05:10:00,14,4.0,1.0,en
347,@codertraveler458,Eindelijk mijn project afgerond.,2026-01-11 01:13:00,18,5.0,0.0,nl
127,@thetraveler554,Can we talk about how good this weather is today?,2026-01-03 17:58:00,55,7.0,4.0,en
2975,@realrunner705,Just adopted a puppy and I'm obsessed.,2026-04-17 19:28:00,19,4.0,3.0,en
3773,@trueexplorer291,This is exactly why I love this community.,2026-05-15 21:10:00,39,3.0,3.0,en
2388,@nightartist873,No puedo creer las noticias de hoy.,2026-03-27 05:35:00,8,3.0,0.0,es
2896,@digitalwriter446,Eindelijk mijn project afgerond.,2026-04-14 13:22:00,15,1.0,1.0,nl
4827,@mstraveler362,This is exactly why I love this community.,2026-06-23 17:41:00,65,8.0,4.0,en
3513,@sunnynews435,Finally finished my project after weeks of work.,2026-05-07 01:46:00,35,5.0,1.0,en
3954,@justnews408,This is exactly why I love this community.,2026-05-22 20:45:00,24,,0.0,en
1019,@thelife285,"Big news coming soon, stay tuned!",2026-02-05 03:23:00,64,3.0,1.0,en
1470,@realgamer938,,2026-02-20 09:19:00,33,5.0,2.0,en
1801,@technews549,This is exactly why I love this community.,2026-03-04 14:33:00,249,19.0,18.0,en
1726,@sunnychef401,Traffic this morning was unreal.,2026-03-01 01:22:00,23,3.0,2.0,en
974,@sunnystudent544,Conference talk today was so inspiring.,2026-02-03 02:15:00,18,0.0,2.0,en
4954,@digitallife302,Can we talk about how good this weather is today?,2026-06-28 03:13:00,8,1.0,0.0,en
5018,@techrunner535,!!,2026-05-19 21:53:00,1,1.0,1.0,en
1359,@realtraveler132,This is exactly why I love this community.,2026-02-16 01:39:00,10,1.0,1.0,en
1521,@nightgamer397,"Feeling grateful today, small wins count.",2026-02-21 10:54:00,11,4.0,0.0,en
2198,@dailytechupdate,Why is nobody talking about this documentary?,2026-03-19 09:44:00,615,65.0,34.0,en
2599,@quietlife239,"New blog post is live, check it out!",2026-04-03 13:46:00,42,3.0,,en
3100,@nightthinker765,Dit nieuws is ongelooflijk.,2026-04-21 23:42:00,22,2.0,1.0,nl
4400,@wildthinker128,Quelle belle journee aujourd'hui!,2026-06-07 22:23:00,76,12.0,2.0,fr
4286,@coderdreamer231,"Working from the coffee shop again, love this place.",2026-06-04 18:10:00,19,3.0,2.0,en
4224,@reallife2,"New blog post is live, check it out!",2026-06-01 22:10:00,28,3.0,0.0,en
484,@mslife244,Was fur ein schoner Tag heute!,2026-01-16 13:57:00,11,2.0,0.0,de
2936,@trueartist216,Cette nouvelle est incroyable.,2026-04-16 03:44:00,147,8.0,3.0,fr
2449,@digitaltraveler160,Que buen dia para salir a caminar!,2026-03-28 14:33:00,86,12.0,6.0,es
3789,@cosmicwanderer621,Reading a great book on data science right now.,2026-05-16 10:49:00,58,5.0,4.0,en
3672,@luckychef807,Just adopted a puppy and I'm obsessed.,2026-05-12 23:14:00,20,1.0,0.0,en
263,@happytraveler328,Reading a great book on data science right now.,2026-01-09 06:21:00,31,6.0,2.0,en
2363,@mrwriter530,Why is nobody talking about this documentary?,2026-03-25 15:16:00,34,5.0,3.0,en
3921,@msdreamer316,Cooking experiment gone right for once!,2026-05-22 07:31:00,26,1.0,2.0,en
519,@quietdreamer51,Traffic this morning was unreal.,2026-01-16 22:55:00,27,3.0,2.0,en
992,@realtraveler132,This is exactly why I love this community.,2026-02-04 01:25:00,54,2.0,,en
4027,@truethinker286,Traffic this morning was unreal.,2026-05-25 21:45:00,19,6.0,2.0,en
5087,@urbanlife82,...,2026-05-02 12:10:00,3,1.0,1.0,en
2869,@digitalwanderer674,Finally finished my project after weeks of work.,2026-04-13 09:33:00,16,4.0,0.0,en
2520,@dailytraveler153,Que buen dia para salir a caminar!,2026-03-31 09:05:00,27,6.0,3.0,es
944,@silentwriter49,Dit nieuws is ongelooflijk.,2026-02-02 00:51:00,21,2.0,1.0,nl
451,@urbannews229,Reading a great book on data science right now.,2026-01-15 09:17:00,25,1.0,1.0,en
1356,@realwanderer449,Kan niet wachten op het weekend!,2026-02-15 21:05:00,12,2.0,0.0,nl
1925,@cosmicchef846,Quelle belle journee aujourd'hui!,2026-03-08 09:51:00,108,8.0,3.0,fr
1312,@happyvibes37,Just adopted a puppy and I'm obsessed.,2026-02-14 00:28:00,119,6.0,8.0,en
3579,@nightfox415,Feliz viernes a todos!,2026-05-08 21:08:00,64,4.0,4.0,es
2983,@sunnylife494,Can we talk about how good this weather is today?,2026-04-17 20:13:00,6,4.0,,en
3555,@dailylife895,Quelle belle journee aujourd'hui!,2026-05-08 10:29:00,2,0.0,1.0,fr
5021,@cosmicmind867,🙂,2026-02-01 06:09:00,0,1.0,1.0,en
4290,@coderchef654,Just tried the new update and it's amazing! #tech,2026-06-04 20:41:00,208,30.0,13.0,en
676,@luckychef807,Vivement le week-end!,2026-01-23 09:41:00,128,11.0,4.0,fr
824,@truegamer892,This is exactly why I love this community.,2026-01-28 15:47:00,19,2.0,3.0,en
2924,@dailychef584,This is exactly why I love this community.,2026-04-15 17:58:00,20,4.0,,en
1444,@sunnyfox219,"Big news coming soon, stay tuned!",2026-02-19 09:50:00,57,7.0,1.0,en
4550,@dailypanda23,Just adopted a puppy and I'm obsessed.,2026-06-13 12:21:00,184,13.0,6.0,en
3455,@coderchef888,"Big news coming soon, stay tuned!",2026-05-04 11:11:00,113,5.0,5.0,en
1171,@techtraveler996,Why is nobody talking about this documentary?,2026-02-10 01:45:00,11,3.0,1.0,en
4723,@dailytechupdate,Why is nobody talking about this documentary?,2026-06-19 20:58:00,562,29.0,37.0,en
480,@dailyvibes974,Anyone else excited for the weekend?,2026-01-16 05:53:00,5,3.0,,en
4631,@dailysoul400,Traffic this morning was unreal.,2026-06-16 21:15:00,12,5.0,1.0,en
561,@quietnews847,"New blog post is live, check it out!",2026-01-18 17:37:00,18,2.0,1.0,en
2912,@truevoice465,Traffic this morning was unreal.,2026-04-15 06:25:00,1,0.0,1.0,en
2821,@happysoul423,Why is nobody talking about this documentary?,2026-04-11 09:28:00,55,5.0,4.0,en
1213,@techrunner535,No puedo creer las noticias de hoy.,2026-02-11 07:36:00,4,,0.0,es
4060,@thedev461,This is exactly why I love this community.,2026-05-27 02:44:00,21,1.0,1.0,en
3154,@drsoul591,Can we talk about how good this weather is today?,2026-04-24 10:28:00,105,11.0,3.0,en
2231,@cosmictraveler626,"Big news coming soon, stay tuned!",2026-03-20 17:10:00,20,4.0,2.0,en
842,@techchef117,Can we talk about how good this weather is today?,2026-01-29 08:30:00,26,7.0,1.0,en
1570,@silentthinker892,Just tried the new update and it's amazing! #tech,2026-02-23 10:28:00,13,1.0,0.0,en
2672,@nightvoice129,Reading a great book on data science right now.,2026-04-05 21:48:00,26,4.0,2.0,en
246,@cosmicexplorer85,Just adopted a puppy and I'm obsessed.,2026-01-08 14:11:00,27,1.0,1.0,en
2344,@msfox674,Just tried the new update and it's amazing! #tech,2026-03-24 23:56:00,237,24.0,19.0,en
663,@techstudent104,"Working from the coffee shop again, love this place.",2026-01-22 16:27:00,74,,5.0,en
1015,@codertraveler952,Traffic this morning was unreal.,2026-02-05 00:01:00,3,2.0,1.0,en
3703,@happysoul423,Reading a great book on data science right now.,2026-05-14 06:41:00,11,4.0,0.0,en
286,@cosmicartist98,"Big news coming soon, stay tuned!",2026-01-09 19:57:00,21,4.0,1.0,en
3265,@mrgamer661,Traffic this morning was unreal.,2026-04-27 11:04:00,25,4.0,1.0,en
2407,@truepanda203,Conference talk today was so inspiring.,2026-03-27 19:19:00,6,1.0,1.0,en
1990,@mrchef470,Eindelijk mijn project afgerond.,2026-03-11 10:42:00,19,2.0,2.0,nl
2743,@mswriter173,Why is nobody talking about this documentary?,2026-04-08 22:13:00,130,7.0,1.0,en
2242,@dailyexplorer949,Just adopted a puppy and I'm obsessed.,2026-03-20 19:56:00,95,8.0,5.0,en
3609,@techwanderer832,Diese Nachricht ist unglaublich.,2026-05-09 21:52:00,33,7.0,2.0,de
1056,@realwanderer449,Traffic this morning was unreal.,2026-02-06 16:46:00,75,3.0,3.0,en
454,@cosmicexplorer391,"Feeling grateful today, small wins count.",2026-01-15 13:13:00,9,0.0,0.0,en
3205,@quietchef717,Just adopted a puppy and I'm obsessed.,2026-04-25 08:07:00,33,5.0,2.0,en
4780,@nightdev719,"Feeling grateful today, small wins count.",2026-06-21 21:58:00,81,4.0,2.0,en
1941,@realtraveler885,Anyone else excited for the weekend?,2026-03-09 03:31:00,19,5.0,0.0,en
2682,@codersoul455,Cooking experiment gone right for once!,2026-04-06 04:50:00,92,16.0,5.0,en
3877,@therunner54,Conference talk today was so inspiring.,2026-05-20 18:55:00,10,2.0,2.0,en
1214,@mslife244,Wat een mooie dag vandaag!,2026-02-11 07:40:00,42,6.0,3.0,nl
4648,@techstudent671,Just adopted a puppy and I'm obsessed.,2026-06-17 10:50:00,51,2.0,3.0,en
1542,@drrunner405,Anyone else excited for the weekend?,2026-02-22 11:30:00,199,26.0,14.0,en
951,@coderdev433,"Big news coming soon, stay tuned!",2026-02-02 04:04:00,174,16.0,9.0,en
1583,@techstudent671,This is exactly why I love this community.,2026-02-24 01:11:00,23,2.0,1.0,en
3693,@cosmiclife757,Can we talk about how good this weather is today?,2026-05-13 19:28:00,32,3.0,4.0,en
3916,@urbanthinker660,Can we talk about how good this weather is today?,2026-05-21 23:45:00,34,3.0,2.0,en
1311,@mrexplorer753,Anyone else excited for the weekend?,2026-02-13 21:57:00,84,7.0,4.0,en
4205,@wildgamer534,No puedo creer las noticias de hoy.,2026-06-01 04:11:00,77,11.0,5.0,es
1186,@quietsoul150,Cette nouvelle est incroyable.,2026-02-10 10:41:00,100,,9.0,fr
3638,@nightartist873,Quelle belle journee aujourd'hui!,2026-05-11 02:07:00,26,4.0,3.0,fr
691,@nightnews757,Why is nobody talking about this documentary?,2026-01-23 19:39:00,5,0.0,1.0,en
4369,@realwanderer793,Quelle belle journee aujourd'hui!,2026-06-06 13:13:00,80,8.0,2.0,fr
3042,@msdev488,No puedo creer las noticias de hoy.,2026-04-19 12:14:00,25,4.0,3.0,es
4215,@digitalartist418,This is exactly why I love this community.,2026-06-01 10:23:00,23,3.0,0.0,en
4482,@happysoul423,Cooking experiment gone right for once!,2026-06-11 15:54:00,43,5.0,1.0,en
4018,@quietwanderer738,,2026-05-25 14:17:00,60,8.0,,en
2850,@realmind514,Quelle belle journee aujourd'hui!,2026-04-12 13:31:00,48,5.0,4.0,fr
544,@urbanexplorer713,Que buen dia para salir a caminar!,2026-01-18 01:31:00,74,2.0,3.0,es
3752,@thedev461,Just tried the new update and it's amazing! #tech,2026-05-15 19:56:00,15,3.0,2.0,en
3256,@luckychef807,Traffic this morning was unreal.,2026-04-27 01:53:00,26,,2.0,en
3788,@drrunner405,Dit nieuws is ongelooflijk.,2026-05-16 10:01:00,5,0.0,2.0,nl
2245,@realsoul108,No puedo creer las noticias de hoy.,2026-03-20 20:15:00,37,6.0,0.0,es
3131,@dailytechupdate,Why is nobody talking about this documentary?,2026-04-23 11:20:00,971,28.0,32.0,en
1930,@silentwriter862,Can we talk about how good this weather is today?,2026-03-08 16:44:00,19,1.0,0.0,en
1524,@digitaltraveler160,"Big news coming soon, stay tuned!",2026-02-21 13:46:00,46,7.0,4.0,en
3614,@realsoul108,Why is nobody talking about this documentary?,2026-05-10 04:39:00,29,1.0,,en
2716,@silentwanderer253,"Big news coming soon, stay tuned!",2026-04-08 07:13:00,46,3.0,2.0,en
4660,@nightfox415,Cooking experiment gone right for once!,2026-06-17 22:48:00,47,2.0,1.0,en
2607,@justnews132,Terminando el proyecto por fin.,2026-04-03 19:07:00,58,8.0,3.0,es
3182,@quietstudent773,Cooking experiment gone right for once!,2026-04-24 20:33:00,152,6.0,5.0,en
1896,@justrunner59,Cooking experiment gone right for once!,2026-03-07 06:55:00,259,15.0,11.0,en
2947,@techstudent671,"Big news coming soon, stay tuned!",2026-04-16 20:10:00,43,6.0,,en
1754,@dailythinker783,Quelle belle journee aujourd'hui!,2026-03-02 12:20:00,5,2.0,2.0,fr
68,@quiettraveler128,Finally finished my project after weeks of work.,2026-01-02 19:16:00,8,5.0,,en
3799,@silentmind598,Just adopted a puppy and I'm obsessed.,2026-05-16 22:17:00,23,5.0,2.0,en
3564,@silentnews709,Anyone else excited for the weekend?,2026-05-08 19:18:00,37,8.0,2.0,en
2902,@mslife244,Endlich mein Projekt fertig.,2026-04-14 20:27:00,115,16.0,3.0,de
234,@luckychef247,Dit nieuws is ongelooflijk.,2026-01-08 00:32:00,4,2.0,0.0,nl
2237,@dailyvibes974,Anyone else excited for the weekend?,2026-03-20 19:20:00,85,8.0,5.0,en
5074,@nightvoice129,😴,2026-04-21 01:28:00,3,0.0,0.0,en
3248,@dailywriter863,This is exactly why I love this community.,2026-04-26 20:51:00,25,4.0,2.0,en
1547,@dailygamer259,Anyone else excited for the weekend?,2026-02-22 16:15:00,102,,2.0,en
2563,@techvibes895,Cette nouvelle est incroyable.,2026-04-02 03:27:00,25,3.0,,fr
776,@quietlife552,"New blog post is live, check it out!",2026-01-26 14:19:00,1,2.0,1.0,en
1469,@dailywriter678,Just tried the new update and it's amazing! #tech,2026-02-20 08:50:00,102,10.0,8.0,en
253,@nightvibes838,Why is nobody talking about this documentary?,2026-01-08 21:06:00,16,1.0,2.0,en
2535,@quietmind15,Eindelijk mijn project afgerond.,2026-03-31 23:14:00,69,6.0,5.0,nl
2380,@realtraveler132,Dit nieuws is ongelooflijk.,2026-03-26 14:23:00,15,0.0,1.0,nl
793,@quietlife367,Wat een mooie dag vandaag!,2026-01-27 05:56:00,36,5.0,1.0,nl
3869,@nightwanderer930,Traffic this morning was unreal.,2026-05-20 06:08:00,4,4.0,2.0,en
3460,@truevibes288,Can we talk about how good this weather is today?,2026-05-04 13:22:00,61,10.0,4.0,en
748,@techrunner92,"New blog post is live, check it out!",2026-01-25 10:45:00,9,4.0,2.0,en
679,@digitalchef759,Vivement le week-end!,2026-01-23 12:24:00,9,3.0,2.0,fr
4246,@urbanartist762,Conference talk today was so inspiring.,2026-06-03 03:19:00,77,14.0,7.0,en
4071,@sunnyexplorer926,Dit nieuws is ongelooflijk.,2026-05-27 13:35:00,30,4.0,3.0,nl
4245,@mrexplorer753,Anyone else excited for the weekend?,2026-06-02 23:58:00,140,7.0,11.0,en
580,@mrlife490,Anyone else excited for the weekend?,2026-01-19 08:06:00,13,4.0,0.0,en
2851,@mrsoul935,"Big news coming soon, stay tuned!",2026-04-12 14:26:00,59,9.0,1.0,en
2307,@techstudent671,Cooking experiment gone right for once!,2026-03-23 00:16:00,90,10.0,6.0,en
2506,@realmind514,Vivement le week-end!,2026-03-30 18:29:00,56,9.0,3.0,fr
2773,@silentvibes496,"Feeling grateful today, small wins count.",2026-04-10 05:30:00,8,2.0,2.0,en
116,@mrsoul935,No puedo creer las noticias de hoy.,2026-01-03 06:37:00,6,0.0,1.0,es
4842,@mrgamer661,Was fur ein schoner Tag heute!,2026-06-24 05:00:00,63,2.0,6.0,de
1104,@happyvoice153,Terminando el proyecto por fin.,2026-02-07 11:04:00,31,5.0,4.0,es
1842,@drsoul591,Feliz viernes a todos!,2026-03-06 05:26:00,14,5.0,1.0,es
5002,@therunner406,??,2026-03-18 19:14:00,3,0.0,1.0,en
1298,@digitalfox339,Feliz viernes a todos!,2026-02-13 21:07:00,31,5.0,3.0,es
1900,@truedreamer722,Why is nobody talking about this documentary?,2026-03-07 10:10:00,133,14.0,9.0,en
4230,@happyartist969,Anyone else excited for the weekend?,2026-06-02 08:40:00,6,3.0,,en
2466,@happytraveler328,Terminando el proyecto por fin.,2026-03-29 03:35:00,84,10.0,3.0,es
47,@dailytechupdate,Why is nobody talking about this documentary?,2026-01-02 07:37:00,606,70.0,8.0,en
310,@techstudent671,Cette nouvelle est incroyable.,2026-01-09 21:56:00,284,13.0,,fr
1283,@justexplorer571,This is exactly why I love this community.,2026-02-13 19:36:00,72,8.0,3.0,en
1525,@techchef117,Was fur ein schoner Tag heute!,2026-02-21 14:03:00,6,3.0,2.0,de
3776,@techvoice275,Conference talk today was so inspiring.,2026-05-15 21:30:00,19,2.0,2.0,en
3399,@drlife685,Anyone else excited for the weekend?,2026-05-01 22:22:00,43,7.0,0.0,en
4275,@nighttraveler146,Finally finished my project after weeks of work.,2026-06-04 09:48:00,2,0.0,1.0,en
3261,@nightstudent616,Just adopted a puppy and I'm obsessed.,2026-04-27 06:45:00,43,8.0,,en
408,@urbanwanderer741,Je viens de terminer mon projet.,2026-01-13 13:36:00,37,1.0,1.0,fr
3811,@coderwriter454,,2026-05-17 14:05:00,70,6.0,,en
4700,@sunnynews435,"New blog post is live, check it out!",2026-06-19 07:22:00,16,1.0,2.0,en
331,@techstudent671,"Big news coming soon, stay tuned!",2026-01-10 13:58:00,26,3.0,1.0,en
2170,@dailypanda23,Endlich mein Projekt fertig.,2026-03-18 03:40:00,98,,3.0,de
4607,@mrstudent530,Wat een mooie dag vandaag!,2026-06-15 21:54:00,50,8.0,1.0,nl
1430,@sunnyfox373,"New blog post is live, check it out!",2026-02-18 21:00:00,38,5.0,1.0,en
312,@urbantraveler501,Just adopted a puppy and I'm obsessed.,2026-01-09 23:15:00,3,,,en
3130,@msstudent630,"Feeling grateful today, small wins count.",2026-04-23 08:56:00,29,,3.0,en
1763,@dailychef65,Finally finished my project after weeks of work.,2026-03-02 21:55:00,17,3.0,1.0,en
5071,@truemind499,.,2026-06-24 09:44:00,0,1.0,1.0,en
18,@justnews408,Que buen dia para salir a caminar!,2026-01-01 13:38:00,111,15.0,8.0,es
4301,@thetraveler554,Can we talk about how good this weather is today?,2026-06-05 08:56:00,102,16.0,5.0,en
1529,@techstudent671,"Big news coming soon, stay tuned!",2026-02-21 19:25:00,4,4.0,2.0,en
4156,@mslife259,Reading a great book on data science right now.,2026-05-30 08:44:00,92,15.0,7.0,en
1095,@quietdreamer51,Finally finished my project after weeks of work.,2026-02-07 00:12:00,58,7.0,5.0,en
4558,@realfox601,Finally finished my project after weeks of work.,2026-06-13 20:19:00,177,27.0,2.0,en
2470,@codernews565,"Feeling grateful today, small wins count.",2026-03-29 09:12:00,58,3.0,5.0,en
3618,@coderchef574,Quelle belle journee aujourd'hui!,2026-05-10 07:12:00,84,8.0,7.0,fr
860,@truewanderer361,Why is nobody talking about this documentary?,2026-01-30 04:15:00,22,2.0,,en
13,@happythinker443,Finally finished my project after weeks of work.,2026-01-01 10:46:00,7,1.0,1.0,en
4271,@silentthinker438,Cooking experiment gone right for once!,2026-06-04 05:37:00,23,0.0,1.0,en
4853,@drsoul588,"Feeling grateful today, small wins count.",2026-06-24 18:00:00,27,6.0,1.0,en
2420,@justlife99,Wat een mooie dag vandaag!,2026-03-27 20:09:00,11,1.0,1.0,nl
389,@justnews132,Vivement le week-end!,2026-01-12 14:50:00,42,7.0,4.0,fr
4704,@codervoice415,Vivement le week-end!,2026-06-19 10:09:00,80,,4.0,fr
4522,@mrlife845,"Working from the coffee shop again, love this place.",2026-06-12 20:23:00,22,7.0,1.0,en
938,@drfox907,"Big news coming soon, stay tuned!",2026-02-01 22:50:00,35,3.0,3.0,en
4750,@realdev36,Why is nobody talking about this documentary?,2026-06-20 18:30:00,12,2.0,1.0,en
2068,@drchef61,Feliz viernes a todos!,2026-03-13 21:59:00,5,4.0,2.0,es
428,@trueexplorer291,This is exactly why I love this community.,2026-01-14 06:48:00,30,,,en
3587,@mrexplorer753,Anyone else excited for the weekend?,2026-05-08 21:45:00,6,4.0,,en
1308,@therunner54,No puedo creer las noticias de hoy.,2026-02-13 21:34:00,37,5.0,2.0,es
1374,@silentstudent762,"Feeling grateful today, small wins count.",2026-02-16 16:54:00,24,,3.0,en
1378,@silentmind741,Cette nouvelle est incroyable.,2026-02-16 23:05:00,26,,3.0,fr
409,@truevoice465,"Feeling grateful today, small wins count.",2026-01-13 14:16:00,95,16.0,8.0,en
981,@justwriter143,"Feeling grateful today, small wins count.",2026-02-03 09:30:00,64,,3.0,en
1442,@cosmicgamer860,"Working from the coffee shop again, love this place.",2026-02-19 05:03:00,29,4.0,2.0,en
3355,@wilddev280,Just adopted a puppy and I'm obsessed.,2026-05-01 06:12:00,136,16.0,6.0,en
4184,@nightvoice746,This is exactly why I love this community.,2026-05-31 12:34:00,9,0.0,0.0,en
513,@nightexplorer406,Can we talk about how good this weather is today?,2026-01-16 21:35:00,6,0.0,,en
2158,@urbanpanda555,Traffic this morning was unreal.,2026-03-17 14:20:00,98,11.0,6.0,en
1725,@dailylife895,Finally finished my project after weeks of work.,2026-03-01 00:00:00,65,3.0,,en
3649,@coderwriter454,Just adopted a puppy and I'm obsessed.,2026-05-11 18:42:00,76,,6.0,en
3086,@thepanda660,Ich freue mich aufs Wochenende!,2026-04-20 23:48:00,76,7.0,,de
2446,@sunnydreamer555,Just adopted a puppy and I'm obsessed.,2026-03-28 13:32:00,192,18.0,2.0,en
4128,@realvoice524,Finally finished my project after weeks of work.,2026-05-29 19:55:00,33,4.0,2.0,en
1892,@silentchef208,Just tried the new update and it's amazing! #tech,2026-03-07 04:51:00,110,19.0,5.0,en
3996,@wildfox207,Anyone else excited for the weekend?,2026-05-24 14:35:00,101,6.0,,en
2149,@thetraveler239,"Working from the coffee shop again, love this place.",2026-03-17 05:03:00,39,5.0,,en
933,@techwanderer832,Kan niet wachten op het weekend!,2026-02-01 09:01:00,40,5.0,3.0,nl
3233,@dailywriter148,"Big news coming soon, stay tuned!",2026-04-26 09:49:00,67,3.0,5.0,en
4408,@drpanda582,Can we talk about how good this weather is today?,2026-06-08 05:26:00,34,5.0,4.0,en
4474,@cosmicdreamer553,"Big news coming soon, stay tuned!",2026-06-11 05:01:00,155,12.0,12.0,en
5017,@truewanderer482,??,2026-04-23 21:30:00,1,0.0,0.0,en
3743,@thetraveler554,Can we talk about how good this weather is today?,2026-05-15 19:28:00,99,9.0,6.0,en
2123,@realmind514,"Big news coming soon, stay tuned!",2026-03-16 03:29:00,36,5.0,1.0,en
3217,@msvibes786,Endlich mein Projekt fertig.,2026-04-25 19:26:00,51,7.0,4.0,de
966,@drthinker824,This is exactly why I love this community.,2026-02-02 18:52:00,21,4.0,2.0,en
178,@sunnydreamer992,Vivement le week-end!,2026-01-05 20:07:00,48,3.0,2.0,fr
1857,@mrexplorer871,"Working from the coffee shop again, love this place.",2026-03-06 19:31:00,32,2.0,4.0,en
4089,@silentlife571,"Feeling grateful today, small wins count.",2026-05-28 07:19:00,122,12.0,,en
2090,@msthinker530,Cette nouvelle est incroyable.,2026-03-14 15:29:00,171,15.0,11.0,fr
3329,@dailytechupdate,Terminando el proyecto por fin.,2026-04-30 12:04:00,925,48.0,12.0,es
2820,@msthinker764,Endlich mein Projekt fertig.,2026-04-11 07:05:00,8,1.0,2.0,de
4551,@cosmicpanda919,,2026-06-13 13:10:00,25,,3.0,en
2815,@thedreamer792,Anyone else excited for the weekend?,2026-04-11 01:29:00,22,6.0,2.0,en
303,@msdreamer316,Feliz viernes a todos!,2026-01-09 21:28:00,14,4.0,2.0,es
1870,@coderchef654,Just tried the new update and it's amazing! #tech,2026-03-06 20:57:00,122,19.0,10.0,en
2140,@cosmicgamer860,,2026-03-17 00:17:00,47,4.0,1.0,en
3255,@sunnyvoice684,Conference talk today was so inspiring.,2026-04-27 01:21:00,22,1.0,0.0,en
1622,@drvoice288,Quelle belle journee aujourd'hui!,2026-02-25 16:36:00,31,7.0,2.0,fr
4118,@digitalwriter882,Finally finished my project after weeks of work.,2026-05-29 18:26:00,20,4.0,,en
4900,@sunnysoul514,Can we talk about how good this weather is today?,2026-06-26 15:33:00,4,2.0,0.0,en
2718,@techstudent104,"Working from the coffee shop again, love this place.",2026-04-08 07:29:00,15,2.0,,en
1392,@quiettraveler800,Reading a great book on data science right now.,2026-02-17 13:00:00,29,7.0,1.0,en
635,@dailyfox84,Feliz viernes a todos!,2026-01-21 13:11:00,134,18.0,4.0,es
1959,@mrexplorer610,Quelle belle journee aujourd'hui!,2026-03-10 08:31:00,19,6.0,1.0,fr
3838,@urbantraveler501,Why is nobody talking about this documentary?,2026-05-18 17:47:00,31,6.0,1.0,en
2146,@happygamer649,Can we talk about how good this weather is today?,2026-03-17 03:56:00,192,6.0,11.0,en
4202,@urbandreamer38,"Big news coming soon, stay tuned!",2026-06-01 00:08:00,160,16.0,3.0,en
1038,@technews849,Finally finished my project after weeks of work.,2026-02-06 00:43:00,40,7.0,1.0,en
3358,@thetraveler466,Que buen dia para salir a caminar!,2026-05-01 12:34:00,10,0.0,0.0,es
3439,@quiettraveler800,Conference talk today was so inspiring.,2026-05-03 19:07:00,235,6.0,4.0,en
5033,@realfox601,.,2026-05-31 21:30:00,3,1.0,1.0,en
1984,@urbanpanda555,Traffic this morning was unreal.,2026-03-11 07:14:00,47,3.0,2.0,en
882,@drvoice288,Why is nobody talking about this documentary?,2026-01-30 20:38:00,48,,,en
2892,@digitalwriter716,Terminando el proyecto por fin.,2026-04-14 10:42:00,194,8.0,6.0,es
4225,@sunnyfox373,Anyone else excited for the weekend?,2026-06-02 03:42:00,28,1.0,2.0,en
1547,@dailygamer259,Anyone else excited for the weekend?,2026-02-22 16:15:00,102,,2.0,en
4435,@happydev433,Diese Nachricht ist unglaublich.,2026-06-09 16:33:00,24,5.0,2.0,de
1097,@nightvibes838,"Feeling grateful today, small wins count.",2026-02-07 04:28:00,64,5.0,5.0,en
2713,@themind501,Cette nouvelle est incroyable.,2026-04-08 00:07:00,195,21.0,8.0,fr
4095,@mrnews674,"Working from the coffee shop again, love this place.",2026-05-28 14:18:00,6,0.0,0.0,en
2502,@realmind305,Reading a great book on data science right now.,2026-03-30 14:22:00,39,8.0,2.0,en
4080,@dailytechupdate,Why is nobody talking about this documentary?,2026-05-27 21:52:00,471,26.0,32.0,en
1846,@wildgamer534,"New blog post is live, check it out!",2026-03-06 10:09:00,52,4.0,2.0,en
4976,@urbandev22,"Feeling grateful today, small wins count.",2026-06-29 04:35:00,36,6.0,,en
4274,@realartist272,Que buen dia para salir a caminar!,2026-06-04 09:12:00,27,,2.0,es
1918,@happyrunner56,Eindelijk mijn project afgerond.,2026-03-08 03:50:00,1,3.0,2.0,nl
204,@techthinker448,Can we talk about how good this weather is today?,2026-01-07 00:17:00,7,1.0,2.0,en
4632,@dailywriter863,Cette nouvelle est incroyable.,2026-06-16 21:23:00,16,1.0,,fr
1127,@thelife130,Cette nouvelle est incroyable.,2026-02-08 08:51:00,18,3.0,2.0,fr
3761,@techstudent671,Traffic this morning was unreal.,2026-05-15 20:18:00,86,10.0,6.0,en
4256,@wildthinker540,Why is nobody talking about this documentary?,2026-06-03 20:51:00,2,3.0,2.0,en
637,@silentsoul957,Reading a great book on data science right now.,2026-01-21 15:18:00,37,7.0,3.0,en
3244,@thedreamer525,Cette nouvelle est incroyable.,2026-04-26 16:30:00,89,9.0,7.0,fr
3066,@truefox665,"New blog post is live, check it out!",2026-04-20 04:57:00,19,4.0,3.0,en
2116,@msdev427,Just tried the new update and it's amazing! #tech,2026-03-15 16:22:00,44,4.0,3.0,en
3522,@codersoul455,Cooking experiment gone right for once!,2026-05-07 05:41:00,86,5.0,1.0,en
1998,@drrunner405,Je viens de terminer mon projet.,2026-03-12 02:03:00,85,4.0,4.0,fr
4720,@nightthinker765,This is exactly why I love this community.,2026-06-19 20:41:00,68,10.0,5.0,en
3862,@therunner406,This is exactly why I love this community.,2026-05-20 00:48:00,34,6.0,2.0,en
3646,@luckyfox246,"Working from the coffee shop again, love this place.",2026-05-11 11:30:00,6,1.0,2.0,en
1415,@nightartist873,Conference talk today was so inspiring.,2026-02-18 05:59:00,75,11.0,3.0,en
801,@dailytechupdate,Was fur ein schoner Tag heute!,2026-01-27 17:36:00,698,105.0,11.0,de
2022,@wildexplorer290,Reading a great book on data science right now.,2026-03-13 03:21:00,5,1.0,0.0,en
707,@techsoul134,Anyone else excited for the weekend?,2026-01-23 20:46:00,75,9.0,5.0,en
2015,@cosmicpanda919,Can we talk about how good this weather is today?,2026-03-12 19:46:00,66,5.0,1.0,en
3745,@truelife595,This is exactly why I love this community.,2026-05-15 19:31:00,14,2.0,1.0,en
1040,@thelife347,Just adopted a puppy and I'm obsessed.,2026-02-06 02:37:00,7,3.0,1.0,en
3647,@happyfox796,Ich freue mich aufs Wochenende!,2026-05-11 12:20:00,9,0.0,2.0,de
3386,@cosmicsoul800,No puedo creer las noticias de hoy.,2026-05-01 20:54:00,3,4.0,1.0,es
252,@truewanderer994,Cooking experiment gone right for once!,2026-01-08 20:32:00,8,3.0,2.0,en
1546,@dailychef65,Why is nobody talking about this documentary?,2026-02-22 15:17:00,27,5.0,,en
4528,@coderstudent202,Just tried the new update and it's amazing! #tech,2026-06-12 20:55:00,53,6.0,,en
2652,@mrwriter160,Ich freue mich aufs Wochenende!,2026-04-04 19:42:00,20,5.0,2.0,de
906,@dailytechupdate,Why is nobody talking about this documentary?,2026-01-31 08:50:00,480,19.0,19.0,en
1898,@truerunner489,Just adopted a puppy and I'm obsessed.,2026-03-07 07:40:00,142,16.0,6.0,en
3704,@dailyvibes599,Cette nouvelle est incroyable.,2026-05-14 07:01:00,10,1.0,0.0,fr
545,@techfox917,Terminando el proyecto por fin.,2026-01-18 01:50:00,80,10.0,5.0,es
1914,@cosmicgamer860,"Working from the coffee shop again, love this place.",2026-03-08 02:35:00,31,6.0,3.0,en
507,@quietvoice816,This is exactly why I love this community.,2026-01-16 21:02:00,45,5.0,3.0,en
2696,@nightdreamer384,Feliz viernes a todos!,2026-04-06 22:24:00,204,19.0,7.0,es
3882,@silentchef208,Can we talk about how good this weather is today?,2026-05-20 22:21:00,16,3.0,2.0,en
4627,@luckyvibes228,Just adopted a puppy and I'm obsessed.,2026-06-16 17:28:00,66,7.0,5.0,en
1908,@coderdev433,No puedo creer las noticias de hoy.,2026-03-07 21:54:00,1855,171.0,143.0,es
4288,@quietwanderer738,Traffic this morning was unreal.,2026-06-04 19:45:00,67,10.0,4.0,en
1653,@luckyrunner462,"Feeling grateful today, small wins count.",2026-02-27 00:22:00,12,2.0,0.0,en
2106,@dailywriter678,Just tried the new update and it's amazing! #tech,2026-03-15 10:13:00,47,5.0,2.0,en
673,@msrunner579,Cooking experiment gone right for once!,2026-01-23 02:28:00,36,2.0,1.0,en
3038,@mrgamer661,Cooking experiment gone right for once!,2026-04-19 08:00:00,15,2.0,,en
1683,@justwriter143,Just adopted a puppy and I'm obsessed.,2026-02-27 19:34:00,37,7.0,1.0,en
1861,@realartist719,"Working from the coffee shop again, love this place.",2026-03-06 19:52:00,41,1.0,3.0,en
2702,@urbanpanda555,No puedo creer las noticias de hoy.,2026-04-07 08:40:00,20,5.0,1.0,es
2705,@dailyvoice75,Feliz viernes a todos!,2026-04-07 15:16:00,49,4.0,4.0,es
868,@quietpanda67,Just tried the new update and it's amazing! #tech,2026-01-30 12:13:00,16,1.0,0.0,en
349,@digitalpanda228,Anyone else excited for the weekend?,2026-01-11 02:13:00,14,1.0,2.0,en
848,@truemind499,"New blog post is live, check it out!",2026-01-29 14:58:00,22,5.0,2.0,en
139,@thetraveler554,Can we talk about how good this weather is today?,2026-01-04 02:23:00,32,5.0,3.0,en
326,@therunner987,Why is nobody talking about this documentary?,2026-01-10 08:13:00,5,2.0,,en
54,@digitalwriter446,Anyone else excited for the weekend?,2026-01-02 12:55:00,20,3.0,0.0,en
4349,@mrexplorer753,Anyone else excited for the weekend?,2026-06-06 00:15:00,41,5.0,,en
4754,@quietexplorer877,Conference talk today was so inspiring.,2026-06-20 20:11:00,59,10.0,4.0,en
2687,@msthinker197,"Working from the coffee shop again, love this place.",2026-04-06 09:56:00,53,4.0,0.0,en
2376,@quietwanderer195,Reading a great book on data science right now.,2026-03-26 10:04:00,16,1.0,2.0,en
1434,@techvibes115,Cette nouvelle est incroyable.,2026-02-18 23:00:00,5,1.0,0.0,fr
2148,@drthinker366,Can we talk about how good this weather is today?,2026-03-17 04:35:00,35,3.0,1.0,en
2377,@urbandev22,"Big news coming soon, stay tuned!",2026-03-26 10:11:00,349,,26.0,en
2394,@codersoul455,Cooking experiment gone right for once!,2026-03-27 11:24:00,147,8.0,11.0,en
1539,@drthinker366,Can we talk about how good this weather is today?,2026-02-22 08:16:00,24,3.0,,en
1000,@coderchef184,Traffic this morning was unreal.,2026-02-04 11:05:00,31,2.0,3.0,en
315,@msthinker966,"Feeling grateful today, small wins count.",2026-01-10 02:26:00,7,2.0,1.0,en
1164,@silentvoice503,,2026-02-09 17:37:00,41,6.0,4.0,en
5063,@mslife308,-,2026-01-24 16:30:00,2,1.0,1.0,en
3333,@urbanrunner384,Just tried the new update and it's amazing! #tech,2026-04-30 15:50:00,126,12.0,5.0,en
3448,@mrsoul935,,2026-05-04 03:50:00,33,1.0,0.0,nl
4947,@silentmind598,Kan niet wachten op het weekend!,2026-06-27 17:12:00,9,0.0,1.0,nl
4690,@urbanwriter806,Cette nouvelle est incroyable.,2026-06-18 22:28:00,88,12.0,4.0,fr
2981,@truegamer892,Conference talk today was so inspiring.,2026-04-17 19:59:00,14,0.0,1.0,en
1580,@sunnynews435,Eindelijk mijn project afgerond.,2026-02-23 23:55:00,8,2.0,1.0,nl
4885,@dailyvibes974,Terminando el proyecto por fin.,2026-06-26 03:40:00,3,4.0,0.0,es
2887,@wildpanda661,Je viens de terminer mon projet.,2026-04-14 06:39:00,5,1.0,0.0,fr
183,@mswriter535,Cette nouvelle est incroyable.,2026-01-06 01:05:00,11,4.0,0.0,fr
2423,@dailythinker783,Just tried the new update and it's amazing! #tech,2026-03-27 20:38:00,86,8.0,,en
4403,@dailytraveler153,Traffic this morning was unreal.,2026-06-08 01:06:00,93,9.0,7.0,en
4641,@quietvibes333,Just adopted a puppy and I'm obsessed.,2026-06-17 04:35:00,99,12.0,8.0,en
942,@truepanda203,Conference talk today was so inspiring.,2026-02-01 23:47:00,526,23.0,18.0,en
4269,@truewanderer361,Traffic this morning was unreal.,2026-06-04 04:42:00,20,1.0,1.0,en
2422,@silentmind361,Vivement le week-end!,2026-03-27 20:34:00,450,20.0,26.0,fr
3642,@coderdreamer251,Finally finished my project after weeks of work.,2026-05-11 08:21:00,19,4.0,,en
2536,@luckypanda278,Vivement le week-end!,2026-04-01 02:11:00,40,4.0,2.0,fr
2845,@wilddev434,"Working from the coffee shop again, love this place.",2026-04-12 08:51:00,135,19.0,6.0,en
2277,@mrexplorer871,Why is nobody talking about this documentary?,2026-03-21 11:33:00,39,1.0,3.0,en
3418,@dailychef65,Why is nobody talking about this documentary?,2026-05-02 19:15:00,26,4.0,1.0,en
594,@thelife562,Why is nobody talking about this documentary?,2026-01-19 22:43:00,10,2.0,1.0,en
470,@coderchef721,Feliz viernes a todos!,2026-01-15 22:13:00,46,7.0,4.0,es
2328,@realvoice524,Just tried the new update and it's amazing! #tech,2026-03-24 05:57:00,11,1.0,1.0,en
2370,@mrdev46,Feliz viernes a todos!,2026-03-25 22:00:00,27,4.0,3.0,es
2397,@drartist539,"Feeling grateful today, small wins count.",2026-03-27 13:05:00,11,,0.0,en
3740,@nightpanda890,"Big news coming soon, stay tuned!",2026-05-15 18:17:00,49,8.0,4.0,en
3469,@techdreamer95,"Big news coming soon, stay tuned!",2026-05-05 00:53:00,93,8.0,5.0,en
2274,@therunner406,No puedo creer las noticias de hoy.,2026-03-21 08:13:00,22,4.0,2.0,es
2956,@urbantraveler501,Terminando el proyecto por fin.,2026-04-17 03:53:00,19,,0.0,es
4479,@dailychef584,Anyone else excited for the weekend?,2026-06-11 12:29:00,27,6.0,2.0,en
165,@sunnydreamer555,Just adopted a puppy and I'm obsessed.,2026-01-05 02:41:00,28,7.0,1.0,en
1485,@mrchef836,This is exactly why I love this community.,2026-02-20 19:34:00,24,4.0,0.0,en
4347,@thedreamer792,Anyone else excited for the weekend?,2026-06-05 22:07:00,39,4.0,0.0,en
1969,@mrmind444,This is exactly why I love this community.,2026-03-10 15:59:00,22,6.0,1.0,en
4125,@silentchef208,Traffic this morning was unreal.,2026-05-29 19:37:00,9,2.0,1.0,en
3294,@techchef117,Can we talk about how good this weather is today?,2026-04-28 16:33:00,41,5.0,4.0,en
4796,@drrunner405,Feliz viernes a todos!,2026-06-22 11:06:00,57,3.0,4.0,es
1061,@sunnystudent109,Feliz viernes a todos!,2026-02-06 19:20:00,9,4.0,2.0,es
2428,@therunner54,Conference talk today was so inspiring.,2026-03-27 21:16:00,40,3.0,3.0,en
2763,@drchef61,This is exactly why I love this community.,2026-04-09 19:31:00,152,19.0,5.0,en
2175,@mrsoul458,Finally finished my project after weeks of work.,2026-03-18 09:17:00,30,3.0,1.0,en
2227,@quietexplorer877,Anyone else excited for the weekend?,2026-03-20 14:41:00,27,3.0,0.0,en
3420,@dailyartist662,"Big news coming soon, stay tuned!",2026-05-02 19:43:00,46,8.0,5.0,en
1932,@therunner32,"Feeling grateful today, small wins count.",2026-03-08 19:30:00,163,9.0,4.0,en
1825,@nightgamer97,Quelle belle journee aujourd'hui!,2026-03-05 11:17:00,10,3.0,2.0,fr
3664,@mrlife490,Anyone else excited for the weekend?,2026-05-12 17:57:00,22,2.0,2.0,en
4760,@techsoul957,Terminando el proyecto por fin.,2026-06-21 01:39:00,25,2.0,0.0,es
3330,@urbanlife82,Reading a great book on data science right now.,2026-04-30 12:44:00,747,80.0,52.0,en
1762,@justnews408,This is exactly why I love this community.,2026-03-02 20:16:00,21,4.0,1.0,en
1575,@digitalwriter446,Anyone else excited for the weekend?,2026-02-23 16:08:00,310,12.0,12.0,en
4390,@silentdreamer438,"Big news coming soon, stay tuned!",2026-06-07 07:28:00,27,3.0,1.0,en
4509,@dailytechupdate,Just adopted a puppy and I'm obsessed.,2026-06-12 18:03:00,698,19.0,42.0,en
1116,@drthinker824,Cette nouvelle est incroyable.,2026-02-08 02:14:00,27,2.0,1.0,fr
4695,@mswanderer793,"Big news coming soon, stay tuned!",2026-06-19 02:45:00,34,4.0,3.0,en
3071,@wilddev434,"Working from the coffee shop again, love this place.",2026-04-20 11:47:00,20,5.0,1.0,en
3663,@luckydev635,Was fur ein schoner Tag heute!,2026-05-12 16:44:00,126,16.0,5.0,de
1228,@sunnyfox219,"Big news coming soon, stay tuned!",2026-02-11 19:05:00,15,1.0,1.0,en
4187,@msrunner198,Just tried the new update and it's amazing! #tech,2026-05-31 13:33:00,23,6.0,1.0,en
3207,@coderfox204,Dit nieuws is ongelooflijk.,2026-04-25 10:46:00,12,,1.0,nl
2572,@dailypanda23,Cette nouvelle est incroyable.,2026-04-02 09:44:00,32,2.0,2.0,fr
1,@drrunner10,Cooking experiment gone right for once!,2026-01-01 00:04:00,91,3.0,,en
1646,@luckynews916,"Big news coming soon, stay tuned!",2026-02-26 17:12:00,73,8.0,5.0,en
3498,@silentsoul738,"Working from the coffee shop again, love this place.",2026-05-06 06:51:00,123,13.0,2.0,en
683,@justnews322,Anyone else excited for the weekend?,2026-01-23 19:04:00,16,4.0,3.0,en
4734,@technews41,Ich freue mich aufs Wochenende!,2026-06-19 23:37:00,6,2.0,2.0,de
382,@realdreamer515,Just adopted a puppy and I'm obsessed.,2026-01-12 00:08:00,23,2.0,2.0,en
1492,@silentwriter699,Reading a great book on data science right now.,2026-02-20 19:50:00,53,,2.0,en
4042,@drlife685,Anyone else excited for the weekend?,2026-05-26 13:21:00,32,2.0,1.0,en
705,@coderchef574,"New blog post is live, check it out!",2026-01-23 20:42:00,19,3.0,,en
4670,@luckyfox246,"Working from the coffee shop again, love this place.",2026-06-18 09:53:00,28,4.0,0.0,en
619,@nightfox415,Que buen dia para salir a caminar!,2026-01-20 17:57:00,43,7.0,4.0,es
4546,@justmind541,Dit nieuws is ongelooflijk.,2026-06-13 04:27:00,122,18.0,,nl
1645,@mschef852,Conference talk today was so inspiring.,2026-02-26 16:44:00,39,5.0,3.0,en
1510,@trueexplorer291,This is exactly why I love this community.,2026-02-20 21:48:00,169,20.0,13.0,en
4416,@thetraveler239,"Working from the coffee shop again, love this place.",2026-06-08 12:46:00,61,6.0,5.0,en
224,@dailytechupdate,Cooking experiment gone right for once!,2026-01-07 14:40:00,808,32.0,33.0,en
4902,@urbanchef688,Cooking experiment gone right for once!,2026-06-26 16:11:00,27,4.0,2.0,en
4310,@therunner987,Cooking experiment gone right for once!,2026-06-05 15:44:00,18,4.0,3.0,en
573,@mswanderer793,Kan niet wachten op het weekend!,2026-01-19 03:59:00,424,33.0,19.0,nl
3593,@sunnysoul514,Que buen dia para salir a caminar!,2026-05-09 01:42:00,56,7.0,2.0,es
78,@silentstudent765,Wat een mooie dag vandaag!,2026-01-02 20:01:00,119,19.0,7.0,nl
4676,@mssoul776,"Big news coming soon, stay tuned!",2026-06-18 13:03:00,68,11.0,6.0,en
1025,@cosmicwanderer621,Kan niet wachten op het weekend!,2026-02-05 08:48:00,124,11.0,5.0,nl
440,@silentvibes496,Just tried the new update and it's amazing! #tech,2026-01-14 22:07:00,16,1.0,1.0,en
4564,@happygamer467,Je viens de terminer mon projet.,2026-06-14 05:51:00,32,,2.0,fr
2685,@happygamer41,Was fur ein schoner Tag heute!,2026-04-06 08:35:00,28,5.0,2.0,de
3506,@themind501,,2026-05-06 15:51:00,43,2.0,0.0,es
343,@cosmicpanda919,Que buen dia para salir a caminar!,2026-01-10 23:36:00,19,4.0,,es
475,@silentdev771,"Feeling grateful today, small wins count.",2026-01-16 01:04:00,52,3.0,3.0,en
3624,@thelife347,"Working from the coffee shop again, love this place.",2026-05-10 13:15:00,154,21.0,4.0,en
2346,@msthinker282,Que buen dia para salir a caminar!,2026-03-25 01:53:00,4,4.0,1.0,es
2594,@urbanartist874,Cooking experiment gone right for once!,2026-04-03 05:13:00,22,,1.0,en
2592,@techartist141,Traffic this morning was unreal.,2026-04-03 01:35:00,111,11.0,1.0,en
3887,@msdev598,Feliz viernes a todos!,2026-05-21 04:56:00,24,4.0,1.0,es
2643,@dailytechupdate,Why is nobody talking about this documentary?,2026-04-04 05:43:00,876,21.0,32.0,en
1859,@nightexplorer653,Diese Nachricht ist unglaublich.,2026-03-06 19:40:00,161,13.0,8.0,de
2861,@digitalpanda228,Anyone else excited for the weekend?,2026-04-13 03:37:00,40,3.0,2.0,en
491,@justnews132,Just tried the new update and it's amazing! #tech,2026-01-16 19:32:00,11,1.0,0.0,en
4812,@quietexplorer877,Vivement le week-end!,2026-06-23 07:12:00,70,12.0,5.0,fr
3681,@nightdreamer388,Cooking experiment gone right for once!,2026-05-13 08:58:00,8,0.0,1.0,en
4686,@sunnydreamer992,No puedo creer las noticias de hoy.,2026-06-18 18:29:00,50,,4.0,es
374,@coderdreamer251,,2026-01-11 20:59:00,38,3.0,2.0,nl
2443,@realwanderer449,,2026-03-28 08:14:00,51,8.0,3.0,fr
686,@drrunner405,Anyone else excited for the weekend?,2026-01-23 19:20:00,54,9.0,2.0,en
4829,@quietstudent773,Cooking experiment gone right for once!,2026-06-23 19:44:00,65,8.0,4.0,en
255,@urbantraveler501,Anyone else excited for the weekend?,2026-01-08 23:22:00,15,0.0,2.0,en
4634,@sunnynews853,Dit nieuws is ongelooflijk.,2026-06-16 23:22:00,35,6.0,1.0,nl
2,@justvoice443,Kan niet wachten op het weekend!,2026-01-01 00:28:00,9,5.0,2.0,nl
5026,@msthinker282,🙂,2026-06-04 18:58:00,1,0.0,1.0,en
1875,@cosmicwanderer288,Que buen dia para salir a caminar!,2026-03-06 21:34:00,7,1.0,1.0,es
4831,@wildpanda661,"Working from the coffee shop again, love this place.",2026-06-23 20:09:00,40,5.0,2.0,en
2457,@dailytechupdate,Wat een mooie dag vandaag!,2026-03-28 19:32:00,744,98.0,60.0,nl
1223,@silentsoul738,"Working from the coffee shop again, love this place.",2026-02-11 14:07:00,16,2.0,3.0,en
3732,@wildgamer786,Conference talk today was so inspiring.,2026-05-15 11:22:00,51,6.0,5.0,en
296,@happyvibes211,Ich freue mich aufs Wochenende!,2026-01-09 20:48:00,68,6.0,,de
710,@drthinker824,This is exactly why I love this community.,2026-01-23 21:29:00,31,4.0,2.0,en
2060,@wildmind569,Just adopted a puppy and I'm obsessed.,2026-03-13 21:37:00,54,7.0,1.0,en
4846,@wildexplorer290,Wat een mooie dag vandaag!,2026-06-24 07:21:00,122,14.0,7.0,nl
3496,@dailytechupdate,Why is nobody talking about this documentary?,2026-05-06 02:34:00,659,22.0,36.0,en
2330,@truepanda203,Anyone else excited for the weekend?,2026-03-24 06:18:00,24,3.0,0.0,en
2995,@thechef938,Just adopted a puppy and I'm obsessed.,2026-04-17 20:50:00,16,4.0,1.0,en
4960,@mrexplorer871,"Working from the coffee shop again, love this place.",2026-06-28 07:24:00,26,4.0,2.0,en
2971,@quietwanderer738,Quelle belle journee aujourd'hui!,2026-04-17 19:14:00,49,6.0,,fr
2667,@reallife812,Just adopted a puppy and I'm obsessed.,2026-04-05 13:52:00,30,1.0,1.0,en
2197,@msmind144,No puedo creer las noticias de hoy.,2026-03-19 09:06:00,27,6.0,1.0,es
4615,@realwanderer449,Traffic this morning was unreal.,2026-06-16 11:39:00,11,1.0,1.0,en
1943,@realmind514,Wat een mooie dag vandaag!,2026-03-09 06:06:00,38,8.0,1.0,nl
1352,@happypanda124,Anyone else excited for the weekend?,2026-02-15 17:06:00,25,4.0,2.0,en
190,@techsoul614,Traffic this morning was unreal.,2026-01-06 12:10:00,21,5.0,3.0,en
3595,@silentlife571,Just tried the new update and it's amazing! #tech,2026-05-09 03:03:00,99,14.0,6.0,en
4763,@sunnywanderer454,Can we talk about how good this weather is today?,2026-06-21 05:31:00,110,7.0,4.0,en
1373,@dailychef65,Finally finished my project after weeks of work.,2026-02-16 14:52:00,8,4.0,,en
1296,@digitalwriter441,Endlich mein Projekt fertig.,2026-02-13 21:00:00,6,4.0,1.0,de
2486,@truelife595,Why is nobody talking about this documentary?,2026-03-29 22:37:00,49,10.0,1.0,en
556,@sunnyvoice739,Finally finished my project after weeks of work.,2026-01-18 13:47:00,5,1.0,0.0,en
1111,@happyvoice153,"Feeling grateful today, small wins count.",2026-02-07 19:19:00,72,7.0,3.0,en
1189,@thenews924,Anyone else excited for the weekend?,2026-02-10 14:51:00,28,4.0,1.0,en
3720,@mrchef836,This is exactly why I love this community.,2026-05-14 21:25:00,406,59.0,13.0,en
3628,@drgamer893,Anyone else excited for the weekend?,2026-05-10 15:29:00,27,5.0,4.0,en
1218,@sunnysoul449,Vivement le week-end!,2026-02-11 10:40:00,47,6.0,3.0,fr
3828,@urbanpanda555,Traffic this morning was unreal.,2026-05-18 06:11:00,6,3.0,2.0,en
988,@realartist719,"Working from the coffee shop again, love this place.",2026-02-03 18:53:00,7,2.0,2.0,en
4423,@sunnywanderer454,"Big news coming soon, stay tuned!",2026-06-08 21:15:00,64,10.0,4.0,en
2048,@msvibes786,Reading a great book on data science right now.,2026-03-13 20:14:00,98,6.0,3.0,en
1708,@thechef938,This is exactly why I love this community.,2026-02-28 00:59:00,8,5.0,2.0,en
668,@digitalchef762,Eindelijk mijn project afgerond.,2026-01-22 19:41:00,57,2.0,5.0,nl
2424,@cosmicmind867,This is exactly why I love this community.,2026-03-27 20:47:00,16,4.0,0.0,en
57,@luckywanderer748,Cette nouvelle est incroyable.,2026-01-02 15:09:00,49,6.0,0.0,fr
3695,@wildtraveler520,Just tried the new update and it's amazing! #tech,2026-05-13 21:47:00,16,0.0,0.0,en
1054,@urbandreamer38,"Big news coming soon, stay tuned!",2026-02-06 15:10:00,244,,8.0,en
2529,@luckychef807,Conference talk today was so inspiring.,2026-03-31 18:19:00,28,4.0,,en
3035,@sunnyfox373,This is exactly why I love this community.,2026-04-19 06:53:00,107,12.0,7.0,en
3421,@luckyrunner277,Finally finished my project after weeks of work.,2026-05-02 20:46:00,194,22.0,9.0,en
4094,@digitalwriter441,Just tried the new update and it's amazing! #tech,2026-05-28 13:51:00,56,6.0,2.0,en
704,@mssoul242,Je viens de terminer mon projet.,2026-01-23 20:41:00,47,7.0,3.0,fr
2769,@justvoice443,Finally finished my project after weeks of work.,2026-04-10 01:21:00,37,,,en
3558,@techvibes895,Can we talk about how good this weather is today?,2026-05-08 15:15:00,14,3.0,,en
17,@msdev488,Was fur ein schoner Tag heute!,2026-01-01 13:18:00,59,3.0,4.0,de
5080,@drnews6,...,2026-04-23 15:23:00,3,1.0,1.0,en
135,@luckypanda930,Ich freue mich aufs Wochenende!,2026-01-03 22:35:00,19,1.0,3.0,de
4098,@mrdev414,Traffic this morning was unreal.,2026-05-28 17:40:00,258,9.0,4.0,en
438,@truenews347,This is exactly why I love this community.,2026-01-14 19:12:00,72,7.0,5.0,en
3635,@techexplorer296,Cooking experiment gone right for once!,2026-05-10 23:53:00,115,18.0,4.0,en
2041,@quietrunner149,Can we talk about how good this weather is today?,2026-03-13 19:21:00,15,5.0,3.0,en
4873,@drartist738,"New blog post is live, check it out!",2026-06-25 13:34:00,44,5.0,,en
3759,@silentstudent341,"Big news coming soon, stay tuned!",2026-05-15 20:16:00,56,4.0,1.0,en
445,@truepanda203,Conference talk today was so inspiring.,2026-01-15 05:26:00,22,6.0,1.0,en
2567,@quietpanda67,Cette nouvelle est incroyable.,2026-04-02 04:57:00,148,22.0,,fr
3240,@quietlife552,Que buen dia para salir a caminar!,2026-04-26 14:16:00,17,3.0,0.0,es
2748,@silentpanda529,Can we talk about how good this weather is today?,2026-04-09 01:18:00,33,4.0,3.0,en
2257,@reallife812,,2026-03-20 21:40:00,38,7.0,1.0,en
1192,@silentvoice982,Traffic this morning was unreal.,2026-02-10 16:26:00,207,10.0,,en
5119,@justnews132,😴,2026-06-28 23:17:00,0,1.0,0.0,en
1087,@realgamer938,Reading a great book on data science right now.,2026-02-06 21:34:00,3,2.0,1.0,en
426,@justnews237,Was fur ein schoner Tag heute!,2026-01-14 05:10:00,119,13.0,10.0,de
3983,@luckyvibes228,Just tried the new update and it's amazing! #tech,2026-05-24 00:29:00,100,5.0,2.0,en
1114,@urbanartist763,"New blog post is live, check it out!",2026-02-08 00:53:00,86,,5.0,en
275,@coderthinker615,Why is nobody talking about this documentary?,2026-01-09 15:48:00,52,8.0,,en
4661,@wilddreamer783,"Working from the coffee shop again, love this place.",2026-06-18 01:27:00,197,13.0,15.0,en
1181,@justrunner59,Reading a great book on data science right now.,2026-02-10 08:24:00,12,3.0,1.0,en
3667,@silentmind741,Conference talk today was so inspiring.,2026-05-12 19:40:00,43,,4.0,en
2524,@nightlife455,Anyone else excited for the weekend?,2026-03-31 10:59:00,27,1.0,2.0,en
3065,@coderchef574,Just tried the new update and it's amazing! #tech,2026-04-20 04:47:00,171,20.0,6.0,en
3625,@dailysoul400,Je viens de terminer mon projet.,2026-05-10 13:52:00,123,14.0,2.0,fr
1536,@sunnynews435,Was fur ein schoner Tag heute!,2026-02-22 02:56:00,44,9.0,,de
3818,@digitalchef762,Can we talk about how good this weather is today?,2026-05-17 22:44:00,40,5.0,2.0,en
5020,@codertraveler495,...,2026-05-26 07:33:00,2,0.0,1.0,en
2696,@nightdreamer384,Feliz viernes a todos!,2026-04-06 22:24:00,204,19.0,7.0,es
3836,@quietpanda247,Je viens de terminer mon projet.,2026-05-18 16:53:00,28,1.0,0.0,fr
3896,@justwriter143,This is exactly why I love this community.,2026-05-21 11:29:00,16,4.0,2.0,en
871,@reallife812,Why is nobody talking about this documentary?,2026-01-30 16:23:00,179,9.0,9.0,en
768,@mrsoul935,,2026-01-26 03:45:00,16,,0.0,en
1954,@nightstudent848,Feliz viernes a todos!,2026-03-09 21:36:00,10,4.0,0.0,es
2865,@dailytechupdate,Quelle belle journee aujourd'hui!,2026-04-13 05:06:00,792,50.0,37.0,fr
2238,@luckyrunner462,Que buen dia para salir a caminar!,2026-03-20 19:30:00,65,4.0,3.0,es
1205,@msdreamer242,Wat een mooie dag vandaag!,2026-02-11 00:46:00,25,5.0,2.0,nl
4276,@drartist738,Ich freue mich aufs Wochenende!,2026-06-04 10:37:00,6,3.0,2.0,de
1061,@sunnystudent109,Feliz viernes a todos!,2026-02-06 19:20:00,9,4.0,2.0,es
1122,@mrvoice745,Finally finished my project after weeks of work.,2026-02-08 05:46:00,14,4.0,2.0,en
2903,@msdreamer242,Traffic this morning was unreal.,2026-04-14 21:31:00,21,2.0,3.0,en
1962,@msstudent408,Just tried the new update and it's amazing! #tech,2026-03-10 10:14:00,21,7.0,2.0,en
4864,@quietexplorer877,Just tried the new update and it's amazing! #tech,2026-06-25 03:31:00,38,5.0,2.0,en
3474,@trueexplorer879,Anyone else excited for the weekend?,2026-05-05 06:25:00,192,20.0,16.0,en
3777,@realtraveler885,Kan niet wachten op het weekend!,2026-05-15 21:32:00,5,3.0,2.0,nl
864,@codervoice415,Why is nobody talking about this documentary?,2026-01-30 07:23:00,15,5.0,2.0,en
2723,@mrfox923,This is exactly why I love this community.,2026-04-08 09:45:00,5,2.0,1.0,en
4442,@realtraveler132,This is exactly why I love this community.,2026-06-10 00:13:00,16,3.0,0.0,en
1275,@luckyrunner277,No puedo creer las noticias de hoy.,2026-02-13 18:19:00,206,26.0,17.0,es
1320,@dailymind993,Cooking experiment gone right for once!,2026-02-14 07:38:00,28,,,en
3709,@happyvibes37,Diese Nachricht ist unglaublich.,2026-05-14 11:30:00,17,5.0,2.0,de
51,@codervibes571,This is exactly why I love this community.,2026-01-02 11:24:00,282,36.0,15.0,en
4612,@quietexplorer877,"Feeling grateful today, small wins count.",2026-06-16 08:17:00,15,0.0,3.0,en
4217,@quietnews847,Just tried the new update and it's amazing! #tech,2026-06-01 11:46:00,29,4.0,3.0,en
4923,@cosmicsoul411,Just tried the new update and it's amazing! #tech,2026-06-26 21:17:00,5,0.0,1.0,en
1317,@silentfox174,Just tried the new update and it's amazing! #tech,2026-02-14 02:53:00,3,2.0,1.0,en
75,@cosmicfox319,"Big news coming soon, stay tuned!",2026-01-02 19:45:00,28,6.0,2.0,en
1968,@dailyvibes974,Anyone else excited for the weekend?,2026-03-10 14:33:00,34,2.0,4.0,en
1217,@theexplorer402,Je viens de terminer mon projet.,2026-02-11 09:53:00,39,5.0,3.0,fr
4093,@quietwanderer193,Que buen dia para salir a caminar!,2026-05-28 13:46:00,13,0.0,2.0,es
844,@mrartist788,"Working from the coffee shop again, love this place.",2026-01-29 10:37:00,24,5.0,0.0,en
2339,@digitalfox339,"Big news coming soon, stay tuned!",2026-03-24 13:47:00,34,5.0,2.0,en
2741,@nightlife231,Can we talk about how good this weather is today?,2026-04-08 21:26:00,7,4.0,0.0,en
1286,@quietrunner149,Cette nouvelle est incroyable.,2026-02-13 19:55:00,51,9.0,2.0,fr
1995,@thetraveler554,Terminando el proyecto por fin.,2026-03-12 00:15:00,75,3.0,5.0,es
479,@techartist752,Anyone else excited for the weekend?,2026-01-16 05:28:00,74,6.0,6.0,en
3462,@coderfox932,Cooking experiment gone right for once!,2026-05-04 15:20:00,34,4.0,3.0,en
4171,@sunnylife494,,2026-05-31 01:30:00,395,48.0,24.0,nl
575,@mslife244,Cooking experiment gone right for once!,2026-01-19 05:19:00,39,2.0,,en
1457,@dailymind993,Wat een mooie dag vandaag!,2026-02-19 20:42:00,56,8.0,3.0,nl
3669,@urbanstudent257,This is exactly why I love this community.,2026-05-12 21:34:00,40,5.0,2.0,en
4077,@techdreamer95,"Big news coming soon, stay tuned!",2026-05-27 18:44:00,27,4.0,,en
2366,@msdreamer242,Traffic this morning was unreal.,2026-03-25 16:44:00,122,10.0,6.0,en
655,@quietchef544,Conference talk today was so inspiring.,2026-01-22 06:57:00,13,2.0,2.0,en
3807,@techthinker22,"New blog post is live, check it out!",2026-05-17 05:30:00,9,3.0,,en
4647,@dailytechupdate,"New blog post is live, check it out!",2026-06-17 08:35:00,538,60.0,5.0,en
3741,@justnews408,This is exactly why I love this community.,2026-05-15 18:18:00,7,2.0,1.0,en
1234,@theartist36,Dit nieuws is ongelooflijk.,2026-02-11 23:06:00,59,1.0,,nl
2310,@happyvibes37,Feliz viernes a todos!,2026-03-23 01:44:00,136,7.0,10.0,es
4008,@drfox907,This is exactly why I love this community.,2026-05-25 04:25:00,52,3.0,5.0,en
3719,@dailywriter529,Finally finished my project after weeks of work.,2026-05-14 20:42:00,13,3.0,2.0,en
2562,@reallife2,This is exactly why I love this community.,2026-04-02 02:34:00,34,4.0,2.0,en
3385,@cosmicsoul411,Just tried the new update and it's amazing! #tech,2026-05-01 20:49:00,64,4.0,4.0,en
441,@dailywriter148,"Big news coming soon, stay tuned!",2026-01-14 22:22:00,36,6.0,2.0,en
984,@trueexplorer296,Just tried the new update and it's amazing! #tech,2026-02-03 10:55:00,85,,3.0,en
1881,@sunnystudent109,Why is nobody talking about this documentary?,2026-03-06 21:55:00,4,2.0,2.0,en
3449,@mrgamer661,Kan niet wachten op het weekend!,2026-05-04 04:00:00,23,3.0,1.0,nl
206,@dailytraveler231,Just tried the new update and it's amazing! #tech,2026-01-07 02:31:00,9,2.0,0.0,en
5006,@msdev103,.,2026-03-08 01:30:00,0,1.0,0.0,en
3361,@drmind640,Anyone else excited for the weekend?,2026-05-01 15:01:00,22,1.0,,en
2105,@dailytechupdate,,2026-03-15 09:57:00,472,55.0,,en
3757,@techexplorer915,Que buen dia para salir a caminar!,2026-05-15 20:10:00,28,6.0,2.0,es
1409,@silentnews94,Je viens de terminer mon projet.,2026-02-18 03:48:00,27,3.0,2.0,fr
4597,@therunner54,Je viens de terminer mon projet.,2026-06-15 19:22:00,35,3.0,2.0,fr
1039,@thedev461,Ich freue mich aufs Wochenende!,2026-02-06 02:17:00,70,3.0,2.0,de
532,@urbanwriter806,Just tried the new update and it's amazing! #tech,2026-01-17 12:57:00,18,4.0,1.0,en
3723,@happysoul650,Cooking experiment gone right for once!,2026-05-15 01:20:00,65,6.0,1.0,en
980,@wildsoul854,Que buen dia para salir a caminar!,2026-02-03 08:25:00,22,4.0,1.0,es
590,@dailyfox546,Why is nobody talking about this documentary?,2026-01-19 19:17:00,19,1.0,,en
2286,@justwriter143,"Working from the coffee shop again, love this place.",2026-03-22 02:13:00,11,2.0,2.0,en
1905,@truepanda203,Dit nieuws is ongelooflijk.,2026-03-07 15:24:00,16,2.0,1.0,nl
1451,@drdev183,Anyone else excited for the weekend?,2026-02-19 14:04:00,64,9.0,6.0,en
1174,@codersoul455,Ich freue mich aufs Wochenende!,2026-02-10 03:43:00,69,5.0,4.0,de
606,@urbanwanderer741,"Feeling grateful today, small wins count.",2026-01-20 07:24:00,55,,5.0,en
1786,@urbanlife82,Finally finished my project after weeks of work.,2026-03-03 21:40:00,60,6.0,2.0,en
176,@msgamer420,,2026-01-05 16:55:00,10,3.0,2.0,en
4055,@dailythinker783,Just tried the new update and it's amazing! #tech,2026-05-26 22:51:00,14,3.0,2.0,en
1481,@mrlife702,"Big news coming soon, stay tuned!",2026-02-20 19:21:00,200,30.0,15.0,en
3483,@truedreamer722,Finally finished my project after weeks of work.,2026-05-05 11:35:00,41,4.0,2.0,en
413,@truevibes652,Endlich mein Projekt fertig.,2026-01-13 17:30:00,17,0.0,2.0,de
1391,@drchef61,Feliz viernes a todos!,2026-02-17 11:51:00,52,8.0,3.0,es
1342,@silentmind241,Just tried the new update and it's amazing! #tech,2026-02-15 07:20:00,29,6.0,3.0,en
5079,@dailyvoice565,.,2026-03-02 04:05:00,1,0.0,1.0,en
2078,@mrexplorer871,Que buen dia para salir a caminar!,2026-03-14 09:23:00,21,3.0,0.0,es
3744,@luckylife2,Dit nieuws is ongelooflijk.,2026-05-15 19:29:00,149,19.0,11.0,nl
3631,@dailyfox84,Anyone else excited for the weekend?,2026-05-10 19:11:00,6,3.0,0.0,en
5003,@justvoice443,!!,2026-03-29 15:36:00,2,1.0,1.0,en
3372,@thechef938,Conference talk today was so inspiring.,2026-05-01 19:47:00,45,4.0,2.0,en
79,@techrunner535,This is exactly why I love this community.,2026-01-02 20:04:00,42,5.0,2.0,en
2908,@urbanstudent257,Je viens de terminer mon projet.,2026-04-15 03:16:00,118,,,fr
4189,@mslife308,"Big news coming soon, stay tuned!",2026-05-31 15:29:00,43,1.0,3.0,en
4445,@quietthinker269,Dit nieuws is ongelooflijk.,2026-06-10 03:45:00,37,1.0,,nl
3825,@msfox106,Cooking experiment gone right for once!,2026-05-18 05:30:00,14,4.0,0.0,en
265,@coderwanderer867,Cooking experiment gone right for once!,2026-01-09 09:07:00,8,4.0,2.0,en
4395,@digitalchef762,No puedo creer las noticias de hoy.,2026-06-07 15:06:00,38,6.0,4.0,es
1599,@msdreamer316,Cooking experiment gone right for once!,2026-02-24 15:13:00,19,1.0,,en
2323,@digitalexplorer54,Finally finished my project after weeks of work.,2026-03-23 22:33:00,78,12.0,3.0,en
4361,@quietdreamer51,Traffic this morning was unreal.,2026-06-06 06:11:00,88,12.0,5.0,en
5096,@silentdreamer438,🙂,2026-06-02 01:56:00,0,0.0,1.0,en
5115,@happylife828,🙂,2026-05-10 11:00:00,0,1.0,1.0,en
5061,@dailypanda659,🙂,2026-04-24 22:16:00,2,0.0,1.0,en
1179,@wilddev434,"Working from the coffee shop again, love this place.",2026-02-10 05:54:00,80,9.0,5.0,en
2071,@justmind588,"Working from the coffee shop again, love this place.",2026-03-14 00:51:00,4,3.0,0.0,en
3787,@dailyvibes599,,2026-05-16 08:33:00,33,4.0,3.0,en
4936,@techvibes895,Just adopted a puppy and I'm obsessed.,2026-06-27 05:36:00,18,4.0,2.0,en
2387,@happystudent901,Finally finished my project after weeks of work.,2026-03-27 04:37:00,19,5.0,1.0,en
2276,@dailyvibes599,Feliz viernes a todos!,2026-03-21 09:54:00,67,7.0,4.0,es
1341,@technews549,This is exactly why I love this community.,2026-02-15 07:12:00,46,6.0,1.0,en
4888,@silentwriter862,Traffic this morning was unreal.,2026-06-26 04:24:00,73,9.0,,en
3238,@quietlife552,"Big news coming soon, stay tuned!",2026-04-26 12:16:00,5,1.0,1.0,en
2641,@techstudent671,"Big news coming soon, stay tuned!",2026-04-04 02:17:00,8,0.0,0.0,en
4221,@digitalartist333,Kan niet wachten op het weekend!,2026-06-01 18:00:00,29,4.0,1.0,nl
11,@dailyartist662,"Big news coming soon, stay tuned!",2026-01-01 08:35:00,69,8.0,5.0,en
439,@urbanartist874,Cooking experiment gone right for once!,2026-01-14 20:18:00,99,16.0,7.0,en
1367,@silentwriter862,,2026-02-16 10:49:00,22,3.0,0.0,en
972,@cosmicvibes266,Eindelijk mijn project afgerond.,2026-02-03 00:25:00,136,11.0,7.0,nl
2461,@drrunner405,Why is nobody talking about this documentary?,2026-03-28 23:16:00,162,24.0,,en
1483,@cosmicthinker904,Can we talk about how good this weather is today?,2026-02-20 19:29:00,54,4.0,,en
670,@trueexplorer981,Just adopted a puppy and I'm obsessed.,2026-01-22 22:31:00,40,1.0,4.0,en
2915,@techrunner200,Reading a great book on data science right now.,2026-04-15 07:26:00,19,4.0,0.0,en
2894,@happyvibes58,Finally finished my project after weeks of work.,2026-04-14 11:54:00,3,3.0,0.0,en
4222,@techtraveler996,,2026-06-01 20:13:00,10,2.0,2.0,en
2306,@coderchef721,Can we talk about how good this weather is today?,2026-03-22 22:57:00,130,9.0,6.0,en
4081,@justrunner59,Reading a great book on data science right now.,2026-05-27 22:05:00,57,5.0,3.0,en
4757,@sunnydreamer555,Cooking experiment gone right for once!,2026-06-20 23:03:00,10,0.0,1.0,en
1927,@happyrunner56,Reading a great book on data science right now.,2026-03-08 11:26:00,19,1.0,2.0,en
1338,@nightthinker734,This is exactly why I love this community.,2026-02-15 03:04:00,117,15.0,8.0,en
3588,@digitalvoice610,Conference talk today was so inspiring.,2026-05-08 21:56:00,215,18.0,7.0,en
3077,@techthinker731,Cooking experiment gone right for once!,2026-04-20 18:14:00,13,0.0,1.0,en
4295,@mrsoul458,This is exactly why I love this community.,2026-06-05 01:33:00,4,4.0,0.0,en
629,@techsoul957,Cooking experiment gone right for once!,2026-01-21 05:09:00,106,,7.0,en
410,@techtraveler996,Cette nouvelle est incroyable.,2026-01-13 15:35:00,43,7.0,4.0,fr
3020,@thechef632,No puedo creer las noticias de hoy.,2026-04-18 09:25:00,46,4.0,2.0,es
1199,@cosmicchef738,Reading a great book on data science right now.,2026-02-10 22:23:00,40,6.0,,en
2637,@silentthinker892,"Feeling grateful today, small wins count.",2026-04-03 21:56:00,11,0.0,0.0,en
3668,@digitalartist418,"New blog post is live, check it out!",2026-05-12 20:23:00,94,6.0,2.0,en
2680,@mrvibes839,"Working from the coffee shop again, love this place.",2026-04-06 04:12:00,26,2.0,1.0,en
1202,@nightsoul653,Feliz viernes a todos!,2026-02-10 23:58:00,7,3.0,0.0,es
4110,@realartist719,"Working from the coffee shop again, love this place.",2026-05-29 07:33:00,8,3.0,1.0,en
761,@techvibes895,Just adopted a puppy and I'm obsessed.,2026-01-25 20:51:00,4,0.0,2.0,en
3107,@luckythinker140,Terminando el proyecto por fin.,2026-04-22 09:30:00,83,7.0,4.0,es
3611,@digitaltraveler160,Reading a great book on data science right now.,2026-05-10 00:50:00,15,1.0,2.0,en
4079,@happygamer41,Cette nouvelle est incroyable.,2026-05-27 21:38:00,16,4.0,1.0,fr
4633,@silentmind241,Terminando el proyecto por fin.,2026-06-16 22:25:00,72,11.0,5.0,es
4937,@nighttraveler146,Finally finished my project after weeks of work.,2026-06-27 07:04:00,34,1.0,2.0,en
1601,@digitalpanda954,Terminando el proyecto por fin.,2026-02-24 16:18:00,54,2.0,0.0,es
2212,@techstudent623,Eindelijk mijn project afgerond.,2026-03-20 00:51:00,3,0.0,2.0,nl
3417,@silentthinker438,Je viens de terminer mon projet.,2026-05-02 19:01:00,20,2.0,1.0,fr
1594,@happytraveler328,Reading a great book on data science right now.,2026-02-24 12:13:00,154,4.0,12.0,en
1459,@wildstudent902,Was fur ein schoner Tag heute!,2026-02-19 23:10:00,44,6.0,3.0,de
4579,@techdreamer896,Terminando el proyecto por fin.,2026-06-15 01:44:00,15,0.0,1.0,es
4785,@techdreamer95,"Big news coming soon, stay tuned!",2026-06-22 03:02:00,60,9.0,3.0,en
2179,@dailytechupdate,Feliz viernes a todos!,2026-03-18 12:37:00,1540,62.0,63.0,es
3112,@urbanpanda555,Traffic this morning was unreal.,2026-04-22 16:37:00,15,4.0,1.0,en
2282,@truevibes165,"New blog post is live, check it out!",2026-03-21 18:56:00,70,9.0,5.0,en
694,@sunnystudent968,Finally finished my project after weeks of work.,2026-01-23 19:51:00,13,5.0,1.0,en
1579,@urbanlife82,,2026-02-23 22:32:00,46,4.0,2.0,de
2061,@quietwanderer488,Reading a great book on data science right now.,2026-03-13 21:37:00,8,2.0,0.0,en
3284,@silentstudent765,Wat een mooie dag vandaag!,2026-04-28 06:15:00,24,2.0,1.0,nl
4658,@nightstudent256,Cette nouvelle est incroyable.,2026-06-17 22:30:00,8,4.0,2.0,fr
2985,@happylife828,"New blog post is live, check it out!",2026-04-17 20:16:00,302,44.0,4.0,en
2352,@silentfox174,Wat een mooie dag vandaag!,2026-03-25 06:06:00,5,3.0,0.0,nl
2614,@quietlife239,"New blog post is live, check it out!",2026-04-03 19:38:00,5,4.0,,en
3931,@thelife285,Just adopted a puppy and I'm obsessed.,2026-05-22 13:01:00,13,2.0,0.0,en
3717,@dailytechupdate,Why is nobody talking about this documentary?,2026-05-14 20:21:00,430,40.0,5.0,en
3064,@techexplorer840,"Feeling grateful today, small wins count.",2026-04-20 04:37:00,10,0.0,0.0,en
1371,@codertraveler458,Je viens de terminer mon projet.,2026-02-16 13:42:00,22,6.0,1.0,fr
4250,@happytraveler328,Reading a great book on data science right now.,2026-06-03 08:53:00,71,8.0,,en
1751,@wildwriter840,Kan niet wachten op het weekend!,2026-03-02 11:04:00,36,,3.0,nl
43,@techdreamer896,Traffic this morning was unreal.,2026-01-02 04:25:00,23,6.0,1.0,en
1241,@drchef61,This is exactly why I love this community.,2026-02-12 12:17:00,16,6.0,2.0,en
1419,@silentpanda419,Conference talk today was so inspiring.,2026-02-18 06:55:00,27,7.0,2.0,en
879,@digitalvoice610,Conference talk today was so inspiring.,2026-01-30 19:53:00,50,4.0,4.0,en
1484,@digitalartist418,Anyone else excited for the weekend?,2026-02-20 19:34:00,17,1.0,0.0,en
3780,@truedreamer447,,2026-05-15 22:31:00,46,5.0,1.0,en
2472,@sunnyvoice684,Just adopted a puppy and I'm obsessed.,2026-03-29 11:47:00,73,2.0,7.0,en
4456,@techvibes895,Can we talk about how good this weather is today?,2026-06-10 14:58:00,393,20.0,23.0,en
56,@dailywriter863,This is exactly why I love this community.,2026-01-02 14:56:00,59,8.0,4.0,en
880,@dailynews763,Ich freue mich aufs Wochenende!,2026-01-30 20:02:00,23,5.0,3.0,de
1319,@digitalartist418,Terminando el proyecto por fin.,2026-02-14 04:32:00,19,1.0,2.0,es
2634,@sunnysoul514,"Big news coming soon, stay tuned!",2026-04-03 21:29:00,37,3.0,1.0,en
4123,@sunnychef401,Anyone else excited for the weekend?,2026-05-29 19:29:00,313,17.0,16.0,en
1239,@luckypanda930,"Big news coming soon, stay tuned!",2026-02-12 11:37:00,50,4.0,1.0,en
1514,@urbandreamer38,"New blog post is live, check it out!",2026-02-21 02:34:00,98,13.0,6.0,en
136,@quietnews990,Just adopted a puppy and I'm obsessed.,2026-01-03 22:47:00,8,2.0,0.0,en
2259,@thedev461,This is exactly why I love this community.,2026-03-20 21:45:00,85,12.0,2.0,en
2829,@drlife685,Anyone else excited for the weekend?,2026-04-11 15:54:00,35,1.0,,en
2969,@therunner406,Je viens de terminer mon projet.,2026-04-17 15:57:00,7,0.0,,fr
1863,@quiettraveler800,Reading a great book on data science right now.,2026-03-06 20:21:00,48,7.0,,en
3929,@cosmicgamer542,Conference talk today was so inspiring.,2026-05-22 11:35:00,151,22.0,5.0,en
3232,@techstudent671,Cooking experiment gone right for once!,2026-04-26 08:31:00,55,,2.0,en
3957,@msthinker530,Anyone else excited for the weekend?,2026-05-22 21:08:00,14,1.0,0.0,en
4493,@drdev183,Anyone else excited for the weekend?,2026-06-12 02:56:00,5,2.0,1.0,en
1499,@dailychef65,Why is nobody talking about this documentary?,2026-02-20 20:44:00,30,4.0,1.0,en
4150,@mrvoice745,"Big news coming soon, stay tuned!",2026-05-30 00:35:00,96,11.0,7.0,en
4285,@dailytechupdate,Cette nouvelle est incroyable.,2026-06-04 17:58:00,915,69.0,49.0,fr
2942,@nighttraveler146,Vivement le week-end!,2026-04-16 11:07:00,5,3.0,2.0,fr
179,@wildtraveler520,Que buen dia para salir a caminar!,2026-01-05 20:46:00,132,18.0,,es
2789,@realartist719,"Working from the coffee shop again, love this place.",2026-04-10 19:45:00,63,11.0,,en
4604,@digitalwriter446,Vivement le week-end!,2026-06-15 20:49:00,16,4.0,0.0,fr
5100,@nightdev849,.,2026-05-17 07:54:00,2,1.0,1.0,en
3213,@techwanderer832,Que buen dia para salir a caminar!,2026-04-25 15:29:00,41,7.0,2.0,es
301,@truewriter874,Anyone else excited for the weekend?,2026-01-09 21:15:00,14,1.0,0.0,en
3276,@msthinker530,Anyone else excited for the weekend?,2026-04-27 17:17:00,119,13.0,7.0,en
1664,@silentdev771,Why is nobody talking about this documentary?,2026-02-27 07:31:00,74,13.0,2.0,en
4982,@urbanpanda555,Finally finished my project after weeks of work.,2026-06-29 07:33:00,6,2.0,2.0,en
1002,@luckywriter709,Je viens de terminer mon projet.,2026-02-04 12:24:00,84,11.0,1.0,fr
3262,@happyvibes58,Reading a great book on data science right now.,2026-04-27 08:11:00,7,0.0,2.0,en
4175,@realtraveler885,Anyone else excited for the weekend?,2026-05-31 03:25:00,69,10.0,3.0,en
3591,@thegamer839,This is exactly why I love this community.,2026-05-08 23:49:00,36,5.0,1.0,en
229,@techwriter588,Vivement le week-end!,2026-01-07 20:32:00,156,14.0,9.0,fr
819,@drartist738,"New blog post is live, check it out!",2026-01-28 09:44:00,48,8.0,3.0,en
989,@nightvoice746,This is exactly why I love this community.,2026-02-04 00:25:00,15,2.0,1.0,en
30,@happyvibes58,Reading a great book on data science right now.,2026-01-01 23:26:00,27,2.0,1.0,en
1658,@thenews924,Cooking experiment gone right for once!,2026-02-27 03:19:00,69,,5.0,en
562,@sunnyvoice684,Just adopted a puppy and I'm obsessed.,2026-01-18 17:55:00,71,6.0,1.0,en
3465,@sunnyexplorer926,Que buen dia para salir a caminar!,2026-05-04 21:03:00,26,4.0,2.0,es
2912,@truevoice465,Traffic this morning was unreal.,2026-04-15 06:25:00,1,0.0,1.0,en
226,@happywriter500,"Working from the coffee shop again, love this place.",2026-01-07 16:36:00,15,4.0,2.0,en
4102,@realfox601,Traffic this morning was unreal.,2026-05-28 20:40:00,118,12.0,6.0,en
4090,@urbandev22,"Feeling grateful today, small wins count.",2026-05-28 09:07:00,80,6.0,6.0,en
4541,@thedev705,Wat een mooie dag vandaag!,2026-06-13 01:25:00,40,6.0,4.0,nl
3444,@silentmind741,Cette nouvelle est incroyable.,2026-05-03 22:53:00,22,2.0,,fr
4129,@msdreamer316,Cooking experiment gone right for once!,2026-05-29 19:59:00,6,0.0,0.0,en
3011,@mrvoice745,Finally finished my project after weeks of work.,2026-04-18 00:39:00,66,9.0,3.0,en
669,@dailydev686,This is exactly why I love this community.,2026-01-22 20:52:00,5,2.0,0.0,en
2944,@silentstudent915,This is exactly why I love this community.,2026-04-16 13:27:00,16,5.0,,en
3007,@cosmicartist98,Kan niet wachten op het weekend!,2026-04-17 21:53:00,73,3.0,5.0,nl
4899,@sunnythinker776,Feliz viernes a todos!,2026-06-26 15:18:00,53,3.0,3.0,es
3540,@sunnynews100,Just adopted a puppy and I'm obsessed.,2026-05-07 17:42:00,5,3.0,2.0,en
152,@realfox601,Vivement le week-end!,2026-01-04 16:47:00,98,15.0,9.0,fr
1803,@realfox601,Finally finished my project after weeks of work.,2026-03-04 17:04:00,32,5.0,2.0,en
4319,@happygamer649,Wat een mooie dag vandaag!,2026-06-05 19:40:00,58,,,nl
703,@digitalpanda954,"New blog post is live, check it out!",2026-01-23 20:40:00,108,15.0,4.0,en
4078,@sunnyfox219,"Big news coming soon, stay tuned!",2026-05-27 19:21:00,36,7.0,4.0,en
1445,@wildmind106,"Working from the coffee shop again, love this place.",2026-02-19 10:37:00,41,9.0,3.0,en
2951,@justnews408,Traffic this morning was unreal.,2026-04-17 00:19:00,68,7.0,,en
3518,@nightstudent616,,2026-05-07 03:13:00,28,4.0,2.0,en
855,@drartist539,Ich freue mich aufs Wochenende!,2026-01-29 21:26:00,32,,3.0,de
1833,@cosmicwanderer850,"Big news coming soon, stay tuned!",2026-03-05 18:22:00,31,1.0,2.0,en
2882,@urbanmind722,Can we talk about how good this weather is today?,2026-04-13 23:08:00,12,3.0,0.0,en
3295,@cosmiclife757,Just tried the new update and it's amazing! #tech,2026-04-28 17:15:00,60,10.0,,en
4877,@techwanderer832,Why is nobody talking about this documentary?,2026-06-25 17:21:00,39,6.0,,en
4210,@msdreamer316,Traffic this morning was unreal.,2026-06-01 06:34:00,184,10.0,14.0,en
2338,@msgamer420,"New blog post is live, check it out!",2026-03-24 12:22:00,39,7.0,,en
207,@codertraveler972,Je viens de terminer mon projet.,2026-01-07 02:57:00,215,25.0,14.0,fr
1148,@realchef424,This is exactly why I love this community.,2026-02-09 06:51:00,50,7.0,4.0,en
3137,@luckylife2,Can we talk about how good this weather is today?,2026-04-23 18:26:00,14,4.0,2.0,en
3298,@mssoul242,,2026-04-28 18:22:00,21,4.0,2.0,fr
3239,@dailyvibes114,Finally finished my project after weeks of work.,2026-04-26 12:22:00,25,3.0,2.0,en
5097,@quietexplorer877,??,2026-01-11 07:37:00,2,1.0,1.0,en
1246,@nightthinker724,Que buen dia para salir a caminar!,2026-02-12 18:32:00,21,5.0,2.0,es
4085,@msstudent630,"Feeling grateful today, small wins count.",2026-05-28 02:54:00,27,0.0,1.0,en
3853,@quietexplorer877,Just tried the new update and it's amazing! #tech,2026-05-19 16:29:00,44,6.0,0.0,en
2732,@sunnylife494,Feliz viernes a todos!,2026-04-08 15:23:00,6,2.0,1.0,es
3334,@therunner54,Que buen dia para salir a caminar!,2026-04-30 16:30:00,11,3.0,2.0,es
2666,@dailypanda659,Cooking experiment gone right for once!,2026-04-05 13:17:00,208,33.0,6.0,en
1983,@wilddreamer783,Feliz viernes a todos!,2026-03-11 06:35:00,26,2.0,2.0,es
870,@coderfox932,Reading a great book on data science right now.,2026-01-30 15:18:00,145,8.0,6.0,en
1660,@digitalwriter882,This is exactly why I love this community.,2026-02-27 05:20:00,39,4.0,1.0,en
3234,@reallife832,Just tried the new update and it's amazing! #tech,2026-04-26 10:00:00,12,4.0,1.0,en
4770,@happyvibes58,Dit nieuws is ongelooflijk.,2026-06-21 11:54:00,18,5.0,3.0,nl
3051,@realtraveler885,Was fur ein schoner Tag heute!,2026-04-19 17:41:00,26,0.0,3.0,de
4886,@techvibes252,Reading a great book on data science right now.,2026-06-26 03:53:00,83,6.0,5.0,en
2678,@happyvoice838,Diese Nachricht ist unglaublich.,2026-04-06 03:03:00,9,4.0,2.0,de
3398,@sunnywanderer454,Traffic this morning was unreal.,2026-05-01 21:51:00,20,5.0,0.0,en
3079,@mswriter535,Cette nouvelle est incroyable.,2026-04-20 19:01:00,6,3.0,1.0,fr
3986,@drsoul591,Can we talk about how good this weather is today?,2026-05-24 03:42:00,40,1.0,4.0,en
1139,@happyvibes37,Je viens de terminer mon projet.,2026-02-08 21:34:00,1,0.0,0.0,fr
2695,@mrnews877,"Big news coming soon, stay tuned!",2026-04-06 18:51:00,10,1.0,1.0,en
4236,@urbanrunner384,Feliz viernes a todos!,2026-06-02 14:09:00,64,4.0,,es
4586,@dailytechupdate,Je viens de terminer mon projet.,2026-06-15 10:50:00,411,60.0,27.0,fr
4907,@dailyrunner531,Wat een mooie dag vandaag!,2026-06-26 19:26:00,16,3.0,2.0,nl
4311,@urbandreamer38,"New blog post is live, check it out!",2026-06-05 16:18:00,30,2.0,0.0,en
5009,@drdev183,-,2026-03-05 10:21:00,0,1.0,1.0,en
3370,@drlife925,Terminando el proyecto por fin.,2026-05-01 19:25:00,132,13.0,12.0,es
2180,@sunnystudent968,Dit nieuws is ongelooflijk.,2026-03-18 12:46:00,68,11.0,1.0,nl
4411,@realrunner705,"Working from the coffee shop again, love this place.",2026-06-08 07:42:00,58,10.0,3.0,en
2187,@reallife832,Cette nouvelle est incroyable.,2026-03-19 04:18:00,8,2.0,0.0,fr
2640,@happygamer649,Kan niet wachten op het weekend!,2026-04-04 01:02:00,27,5.0,,nl
3502,@nightdev849,Eindelijk mijn project afgerond.,2026-05-06 10:58:00,29,4.0,2.0,nl
417,@silentchef208,Quelle belle journee aujourd'hui!,2026-01-13 21:14:00,73,11.0,6.0,fr
2087,@truewanderer994,Endlich mein Projekt fertig.,2026-03-14 14:24:00,71,3.0,4.0,de
4055,@dailythinker783,Just tried the new update and it's amazing! #tech,2026-05-26 22:51:00,14,3.0,2.0,en
3987,@silentwriter862,Anyone else excited for the weekend?,2026-05-24 03:48:00,41,2.0,4.0,en
2755,@drrunner405,Anyone else excited for the weekend?,2026-04-09 06:05:00,21,2.0,1.0,en
137,@nighttraveler146,Endlich mein Projekt fertig.,2026-01-03 23:50:00,52,5.0,5.0,de
4843,@sunnywanderer454,Anyone else excited for the weekend?,2026-06-24 06:13:00,96,5.0,5.0,en
1475,@realfox601,Finally finished my project after weeks of work.,2026-02-20 13:02:00,7,0.0,0.0,en
1123,@truevoice465,Quelle belle journee aujourd'hui!,2026-02-08 05:48:00,13,1.0,2.0,fr
4132,@luckytraveler235,"Feeling grateful today, small wins count.",2026-05-29 20:25:00,195,18.0,8.0,en
26,@cosmicsoul411,Finally finished my project after weeks of work.,2026-01-01 18:42:00,86,8.0,2.0,en
658,@mrsoul331,"Feeling grateful today, small wins count.",2026-01-22 09:36:00,76,11.0,3.0,en
3943,@justwriter143,"Feeling grateful today, small wins count.",2026-05-22 19:19:00,11,4.0,0.0,en
450,@nightfox572,Je viens de terminer mon projet.,2026-01-15 09:06:00,19,2.0,0.0,fr
3433,@happytraveler328,Just adopted a puppy and I'm obsessed.,2026-05-03 08:49:00,50,7.0,2.0,en
3297,@justdev775,"Working from the coffee shop again, love this place.",2026-04-28 17:42:00,20,3.0,2.0,en
3125,@digitaltraveler160,Reading a great book on data science right now.,2026-04-23 05:14:00,58,5.0,2.0,en
1402,@drchef131,This is exactly why I love this community.,2026-02-17 21:07:00,28,4.0,0.0,en
3283,@nightexplorer406,Eindelijk mijn project afgerond.,2026-04-28 05:42:00,36,6.0,3.0,nl
1259,@mrdev46,Feliz viernes a todos!,2026-02-13 04:28:00,23,4.0,,es
4848,@drartist738,Dit nieuws is ongelooflijk.,2026-06-24 09:48:00,81,11.0,2.0,nl
1271,@dailytechupdate,Why is nobody talking about this documentary?,2026-02-13 17:26:00,468,28.0,7.0,en
5081,@codertraveler458,??,2026-03-21 19:37:00,1,1.0,1.0,en
1450,@digitalvoice610,Conference talk today was so inspiring.,2026-02-19 13:47:00,9,4.0,2.0,en
1053,@coderdev433,Conference talk today was so inspiring.,2026-02-06 14:24:00,23,4.0,1.0,en
2826,@therunner54,Cooking experiment gone right for once!,2026-04-11 13:14:00,52,6.0,4.0,en
2438,@justthinker414,Conference talk today was so inspiring.,2026-03-28 04:55:00,15,0.0,0.0,en
3991,@realsoul108,Wat een mooie dag vandaag!,2026-05-24 09:15:00,21,3.0,1.0,nl
4341,@techartist141,Quelle belle journee aujourd'hui!,2026-06-05 21:36:00,41,5.0,2.0,fr
277,@drchef677,This is exactly why I love this community.,2026-01-09 17:46:00,14,3.0,3.0,en
2442,@msthinker917,Cooking experiment gone right for once!,2026-03-28 07:09:00,133,21.0,8.0,en
2159,@reallife371,Je viens de terminer mon projet.,2026-03-17 15:03:00,60,6.0,1.0,fr
589,@happyvibes37,"Working from the coffee shop again, love this place.",2026-01-19 17:44:00,29,3.0,0.0,en
2208,@mrrunner251,Anyone else excited for the weekend?,2026-03-19 20:28:00,11,4.0,0.0,en
971,@msthinker530,"Working from the coffee shop again, love this place.",2026-02-03 00:23:00,63,7.0,6.0,en
4851,@cosmicwanderer850,"Big news coming soon, stay tuned!",2026-06-24 17:17:00,26,1.0,0.0,en
3185,@truewanderer361,Why is nobody talking about this documentary?,2026-04-24 20:59:00,21,,2.0,en
2709,@quietpanda434,"Feeling grateful today, small wins count.",2026-04-07 19:09:00,44,7.0,5.0,en
4241,@mswriter173,Why is nobody talking about this documentary?,2026-06-02 20:38:00,15,2.0,2.0,en
3335,@mrchef836,Dit nieuws is ongelooflijk.,2026-04-30 17:26:00,8,1.0,2.0,nl
1760,@dailypanda227,"Feeling grateful today, small wins count.",2026-03-02 17:22:00,43,8.0,2.0,en
2182,@msthinker764,Wat een mooie dag vandaag!,2026-03-18 18:26:00,7,2.0,0.0,nl
3758,@digitalwriter882,Wat een mooie dag vandaag!,2026-05-15 20:11:00,208,18.0,7.0,nl
4264,@urbanlife82,"Feeling grateful today, small wins count.",2026-06-04 01:45:00,7,4.0,2.0,en
2273,@wildthinker933,Reading a great book on data science right now.,2026-03-21 08:01:00,208,14.0,13.0,en
3826,@dailytechupdate,Just tried the new update and it's amazing! #tech,2026-05-18 05:37:00,1298,118.0,,en
928,@justwriter143,"Feeling grateful today, small wins count.",2026-02-01 05:36:00,29,3.0,3.0,en
3227,@msfox106,No puedo creer las noticias de hoy.,2026-04-26 02:46:00,145,15.0,5.0,es
3069,@realsoul108,Why is nobody talking about this documentary?,2026-04-20 11:07:00,367,20.0,27.0,en
5086,@happyvibes58,-,2026-04-15 00:09:00,1,0.0,1.0,en
25,@dailyrunner531,"Working from the coffee shop again, love this place.",2026-01-01 17:43:00,12,1.0,1.0,en
4903,@realsoul108,Why is nobody talking about this documentary?,2026-06-26 16:45:00,18,1.0,1.0,en
5030,@quietnews847,!!,2026-02-28 20:28:00,1,1.0,1.0,en
444,@wildvoice536,Cette nouvelle est incroyable.,2026-01-15 03:36:00,81,10.0,2.0,fr
4247,@justsoul302,Can we talk about how good this weather is today?,2026-06-03 05:03:00,30,4.0,2.0,en
1513,@sunnysoul449,Dit nieuws is ongelooflijk.,2026-02-21 01:18:00,46,7.0,2.0,nl
2143,@luckythinker140,"New blog post is live, check it out!",2026-03-17 03:01:00,119,11.0,2.0,en
755,@sunnydreamer992,This is exactly why I love this community.,2026-01-25 16:00:00,248,14.0,14.0,en
2266,@techtraveler651,,2026-03-21 05:48:00,11,1.0,0.0,en
1048,@cosmicchef846,Cette nouvelle est incroyable.,2026-02-06 11:05:00,29,7.0,1.0,fr
781,@nightdreamer384,No puedo creer las noticias de hoy.,2026-01-26 20:56:00,2,3.0,0.0,es
901,@nightlife231,Can we talk about how good this weather is today?,2026-01-30 22:42:00,35,3.0,2.0,en
3036,@digitalwriter441,Just tried the new update and it's amazing! #tech,2026-04-19 07:19:00,71,7.0,2.0,en
1953,@msthinker530,Que buen dia para salir a caminar!,2026-03-09 20:47:00,56,4.0,4.0,es
2761,@nightfox572,Cooking experiment gone right for once!,2026-04-09 17:33:00,159,3.0,8.0,en
1198,@happyvoice637,Eindelijk mijn project afgerond.,2026-02-10 21:39:00,16,3.0,1.0,nl
101,@silentgamer114,Endlich mein Projekt fertig.,2026-01-02 21:38:00,4,4.0,,de
1050,@happyrunner56,Just tried the new update and it's amazing! #tech,2026-02-06 12:30:00,149,11.0,4.0,en
1628,@drrunner10,Cooking experiment gone right for once!,2026-02-25 21:09:00,33,5.0,2.0,en
2355,@urbantraveler501,Reading a great book on data science right now.,2026-03-25 09:16:00,85,14.0,1.0,en
2832,@silentchef321,Traffic this morning was unreal.,2026-04-11 19:10:00,69,2.0,3.0,en
3801,@urbanthinker660,Reading a great book on data science right now.,2026-05-16 22:55:00,69,11.0,,en
2444,@luckyfox283,Reading a great book on data science right now.,2026-03-28 08:16:00,6,1.0,1.0,en
1272,@happysoul423,Endlich mein Projekt fertig.,2026-02-13 17:46:00,66,8.0,,de
4839,@nightthinker724,"Feeling grateful today, small wins count.",2026-06-24 03:26:00,18,5.0,3.0,en
2749,@drsoul916,Just adopted a puppy and I'm obsessed.,2026-04-09 01:21:00,8,0.0,2.0,en
767,@dailywriter529,Finally finished my project after weeks of work.,2026-01-26 03:29:00,3,0.0,,en
4847,@dailychef65,Why is nobody talking about this documentary?,2026-06-24 09:19:00,12,0.0,1.0,en
1890,@msfox106,Cooking experiment gone right for once!,2026-03-07 04:31:00,15,3.0,1.0,en
3661,@digitalnews238,Finally finished my project after weeks of work.,2026-05-12 15:35:00,56,5.0,3.0,en
3061,@cosmicchef738,Reading a great book on data science right now.,2026-04-20 03:37:00,8,4.0,,en
169,@digitalrunner393,Just adopted a puppy and I'm obsessed.,2026-01-05 05:46:00,72,7.0,0.0,en
74,@realgamer418,"Big news coming soon, stay tuned!",2026-01-02 19:45:00,117,6.0,10.0,en
2654,@techfox917,Feliz viernes a todos!,2026-04-04 23:03:00,506,61.0,10.0,es
5098,@technews313,🙂,2026-04-18 07:19:00,2,0.0,1.0,en
2986,@happyfox796,Cooking experiment gone right for once!,2026-04-17 20:17:00,9,2.0,2.0,en
1884,@msdreamer316,No puedo creer las noticias de hoy.,2026-03-07 01:27:00,31,4.0,1.0,es
4045,@nightthinker734,,2026-05-26 15:17:00,11,0.0,2.0,nl
2167,@technews343,Why is nobody talking about this documentary?,2026-03-17 21:34:00,56,9.0,2.0,en
2569,@realtraveler132,Anyone else excited for the weekend?,2026-04-02 08:09:00,17,5.0,2.0,en
993,@sunnynews853,"New blog post is live, check it out!",2026-02-04 02:34:00,49,7.0,,en
3217,@msvibes786,Endlich mein Projekt fertig.,2026-04-25 19:26:00,51,7.0,4.0,de
1906,@realgamer938,Reading a great book on data science right now.,2026-03-07 15:41:00,98,13.0,4.0,en
3087,@luckyfox283,Cooking experiment gone right for once!,2026-04-20 23:55:00,26,5.0,3.0,en
1385,@urbanrunner384,Eindelijk mijn project afgerond.,2026-02-17 07:13:00,7,3.0,,nl
3442,@sunnysoul449,Why is nobody talking about this documentary?,2026-05-03 21:41:00,87,10.0,4.0,en
1739,@quietwanderer193,"Big news coming soon, stay tuned!",2026-03-01 13:13:00,45,3.0,,en
4997,@dailyfox84,Ich freue mich aufs Wochenende!,2026-06-29 20:35:00,13,3.0,,de
1504,@digitalexplorer54,Cooking experiment gone right for once!,2026-02-20 21:19:00,97,9.0,4.0,en
2565,@techdreamer505,Reading a great book on data science right now.,2026-04-02 04:14:00,15,4.0,0.0,en
1632,@quietwanderer195,Reading a great book on data science right now.,2026-02-26 01:22:00,10,3.0,,en
3725,@nightthinker724,"Feeling grateful today, small wins count.",2026-05-15 02:46:00,11,2.0,1.0,en
2103,@nightdev719,"Feeling grateful today, small wins count.",2026-03-15 08:57:00,15,4.0,1.0,en
267,@dailynews763,Eindelijk mijn project afgerond.,2026-01-09 11:00:00,48,2.0,2.0,nl
1034,@coderchef888,"Big news coming soon, stay tuned!",2026-02-05 22:21:00,63,5.0,2.0,en
2632,@justwriter143,Terminando el proyecto por fin.,2026-04-03 21:17:00,55,4.0,0.0,es
3587,@mrexplorer753,Anyone else excited for the weekend?,2026-05-08 21:45:00,6,4.0,,en
2586,@mrsoul935,Vivement le week-end!,2026-04-02 20:43:00,36,4.0,2.0,fr
1845,@silentmind598,Vivement le week-end!,2026-03-06 07:49:00,69,3.0,,fr
5052,@mrfox152,🙂,2026-01-17 05:10:00,3,0.0,1.0,en
4701,@wildchef664,Why is nobody talking about this documentary?,2026-06-19 08:05:00,21,5.0,0.0,en
2215,@urbanthinker849,Just adopted a puppy and I'm obsessed.,2026-03-20 02:46:00,23,0.0,,en
145,@thevibes878,Traffic this morning was unreal.,2026-01-04 10:47:00,11,2.0,2.0,en
4428,@thewriter521,Anyone else excited for the weekend?,2026-06-09 03:18:00,27,3.0,1.0,en
3960,@mrsoul935,"Big news coming soon, stay tuned!",2026-05-22 21:38:00,34,4.0,3.0,en
4344,@dailytechupdate,Why is nobody talking about this documentary?,2026-06-05 21:53:00,478,39.0,37.0,en
4470,@trueartist840,Quelle belle journee aujourd'hui!,2026-06-11 03:13:00,46,4.0,5.0,fr
4477,@drrunner405,Anyone else excited for the weekend?,2026-06-11 11:02:00,52,,3.0,en
2548,@silentvoice503,Cooking experiment gone right for once!,2026-04-01 13:08:00,71,12.0,5.0,en
321,@luckyrunner277,Endlich mein Projekt fertig.,2026-01-10 06:11:00,10,2.0,2.0,de
4733,@wildexplorer290,"Working from the coffee shop again, love this place.",2026-06-19 23:32:00,12,4.0,,en
1588,@sunnywriter182,Cooking experiment gone right for once!,2026-02-24 05:17:00,42,,4.0,en
1585,@quietexplorer509,"New blog post is live, check it out!",2026-02-24 02:07:00,18,,,en
3574,@truewanderer482,Endlich mein Projekt fertig.,2026-05-08 20:39:00,14,,2.0,de
3700,@realgamer418,"Big news coming soon, stay tuned!",2026-05-13 23:20:00,49,6.0,5.0,en
2283,@luckylife2,"Feeling grateful today, small wins count.",2026-03-21 22:37:00,22,3.0,1.0,en
4527,@nightnews757,Cooking experiment gone right for once!,2026-06-12 20:48:00,18,4.0,2.0,en
1011,@silentchef208,Eindelijk mijn project afgerond.,2026-02-04 21:45:00,25,4.0,1.0,nl
3914,@luckyrunner462,Dit nieuws is ongelooflijk.,2026-05-21 22:01:00,26,5.0,1.0,nl
3025,@technews41,Ich freue mich aufs Wochenende!,2026-04-18 19:59:00,20,5.0,2.0,de
3997,@silentpanda419,Conference talk today was so inspiring.,2026-05-24 15:35:00,49,8.0,2.0,en
192,@sunnynews853,Conference talk today was so inspiring.,2026-01-06 13:45:00,32,4.0,1.0,en
4784,@silentgamer282,Vivement le week-end!,2026-06-22 01:02:00,13,0.0,,fr
1176,@dailychef65,Why is nobody talking about this documentary?,2026-02-10 04:15:00,58,3.0,1.0,en
4532,@silentdreamer438,Why is nobody talking about this documentary?,2026-06-12 21:35:00,122,9.0,2.0,en
4993,@happywriter807,Just tried the new update and it's amazing! #tech,2026-06-29 14:33:00,50000,4629.0,,en
1691,@nightdreamer388,Cooking experiment gone right for once!,2026-02-27 20:12:00,3,,1.0,en
1281,@codervoice30,Just adopted a puppy and I'm obsessed.,2026-02-13 19:14:00,83,8.0,4.0,en
3351,@thedreamer792,Terminando el proyecto por fin.,2026-05-01 05:04:00,22,4.0,1.0,es
2233,@truevibes236,Conference talk today was so inspiring.,2026-03-20 18:02:00,30,2.0,3.0,en
688,@wildexplorer642,Just tried the new update and it's amazing! #tech,2026-01-23 19:26:00,10,2.0,1.0,en
639,@luckyfox246,"Working from the coffee shop again, love this place.",2026-01-21 19:50:00,13,0.0,0.0,en
570,@coderwriter454,Finally finished my project after weeks of work.,2026-01-19 00:24:00,14,3.0,1.0,en
3655,@wildstudent902,This is exactly why I love this community.,2026-05-12 06:04:00,321,11.0,24.0,en
934,@drgamer893,Finally finished my project after weeks of work.,2026-02-01 10:56:00,40,1.0,2.0,en
1170,@drartist738,"New blog post is live, check it out!",2026-02-10 01:02:00,6,0.0,,en
1361,@realartist455,Can we talk about how good this weather is today?,2026-02-16 02:41:00,167,15.0,5.0,en
4630,@digitalpanda228,Quelle belle journee aujourd'hui!,2026-06-16 19:45:00,26,3.0,,fr
3288,@luckyrunner462,,2026-04-28 09:43:00,54,10.0,3.0,en
3463,@dailywriter529,Finally finished my project after weeks of work.,2026-05-04 15:59:00,51,6.0,1.0,en
1823,@mrnews877,Feliz viernes a todos!,2026-03-05 07:52:00,62,11.0,3.0,es
2791,@techrunner92,"New blog post is live, check it out!",2026-04-10 19:50:00,25,4.0,2.0,en
197,@realmind514,Can we talk about how good this weather is today?,2026-01-06 17:36:00,8,0.0,0.0,en
4592,@silentmind741,Conference talk today was so inspiring.,2026-06-15 14:51:00,3,0.0,2.0,en
3090,@drchef61,Que buen dia para salir a caminar!,2026-04-21 08:10:00,195,11.0,,es
3786,@mrnews674,Finally finished my project after weeks of work.,2026-05-16 08:28:00,57,4.0,,en
2429,@dailyfox546,Why is nobody talking about this documentary?,2026-03-27 21:17:00,29,,2.0,en
2076,@happyfox796,Cooking experiment gone right for once!,2026-03-14 03:34:00,24,6.0,3.0,en
4492,@drfox907,Feliz viernes a todos!,2026-06-12 01:43:00,60,10.0,3.0,es
1706,@wildwriter233,Terminando el proyecto por fin.,2026-02-28 00:38:00,22,2.0,3.0,es
148,@wildsoul663,"Big news coming soon, stay tuned!",2026-01-04 14:02:00,137,4.0,3.0,en
798,@techstudent104,"Working from the coffee shop again, love this place.",2026-01-27 13:18:00,3,1.0,0.0,en
1751,@wildwriter840,Kan niet wachten op het weekend!,2026-03-02 11:04:00,36,,3.0,nl
624,@codernews486,Why is nobody talking about this documentary?,2026-01-21 01:01:00,6,0.0,2.0,en
2287,@wildpanda661,Vivement le week-end!,2026-03-22 03:49:00,65,3.0,2.0,fr
4068,@luckyrunner277,Finally finished my project after weeks of work.,2026-05-27 10:42:00,601,60.0,16.0,en
2029,@thedev461,This is exactly why I love this community.,2026-03-13 13:51:00,67,10.0,2.0,en
2702,@urbanpanda555,No puedo creer las noticias de hoy.,2026-04-07 08:40:00,20,5.0,1.0,es
4992,@technews343,Why is nobody talking about this documentary?,2026-06-29 12:24:00,26,5.0,0.0,en
1474,@truerunner583,Terminando el proyecto por fin.,2026-02-20 12:36:00,20,5.0,2.0,es
723,@truedreamer722,Wat een mooie dag vandaag!,2026-01-24 05:55:00,7,4.0,1.0,nl
1362,@quiettraveler128,Finally finished my project after weeks of work.,2026-02-16 06:16:00,77,9.0,2.0,en
107,@drchef61,Why is nobody talking about this documentary?,2026-01-02 21:52:00,132,11.0,10.0,en
4447,@sunnypanda453,"New blog post is live, check it out!",2026-06-10 06:56:00,7,3.0,0.0,en
4747,@sunnystudent968,Vivement le week-end!,2026-06-20 15:07:00,133,19.0,1.0,fr
4486,@nightthinker801,"Working from the coffee shop again, love this place.",2026-06-11 19:04:00,25,4.0,,en
3053,@msgamer717,"Working from the coffee shop again, love this place.",2026-04-19 21:07:00,12,2.0,0.0,en
1473,@techdreamer926,"Working from the coffee shop again, love this place.",2026-02-20 12:16:00,27,7.0,4.0,en
1118,@dailynews763,"Big news coming soon, stay tuned!",2026-02-08 04:29:00,3,0.0,2.0,en
555,@cosmicwanderer288,,2026-01-18 13:07:00,10,0.0,0.0,en
300,@drthinker824,"New blog post is live, check it out!",2026-01-09 21:12:00,94,8.0,8.0,en
171,@themind737,Can we talk about how good this weather is today?,2026-01-05 07:16:00,33,4.0,,en
3327,@luckythinker140,Cette nouvelle est incroyable.,2026-04-30 09:19:00,10,1.0,0.0,fr
3804,@mrchef470,Traffic this morning was unreal.,2026-05-17 03:59:00,130,,9.0,en
3675,@coderfox932,,2026-05-13 01:08:00,39,2.0,,en
1277,@justnews132,Just tried the new update and it's amazing! #tech,2026-02-13 18:49:00,42,6.0,1.0,en
2355,@urbantraveler501,Reading a great book on data science right now.,2026-03-25 09:16:00,85,14.0,1.0,en
3620,@digitalvoice610,Just adopted a puppy and I'm obsessed.,2026-05-10 09:15:00,64,3.0,3.0,en
416,@techdreamer95,Reading a great book on data science right now.,2026-01-13 19:58:00,93,10.0,2.0,en
4861,@mrexplorer610,Eindelijk mijn project afgerond.,2026-06-25 01:30:00,14,0.0,0.0,nl
4525,@cosmictraveler626,Quelle belle journee aujourd'hui!,2026-06-12 20:45:00,12,1.0,2.0,fr
4283,@quietvibes333,Kan niet wachten op het weekend!,2026-06-04 17:49:00,7,3.0,,nl
3054,@cosmicchef738,Cette nouvelle est incroyable.,2026-04-19 21:30:00,19,4.0,0.0,fr
3924,@sunnynews853,"New blog post is live, check it out!",2026-05-22 09:16:00,97,13.0,,en
1840,@cosmicartist98,Cette nouvelle est incroyable.,2026-03-06 03:48:00,54,6.0,2.0,fr
2957,@mrdev46,Ich freue mich aufs Wochenende!,2026-04-17 04:48:00,97,6.0,4.0,de
2318,@luckylife2,Que buen dia para salir a caminar!,2026-03-23 17:10:00,9,,2.0,es
2916,@msfox106,Cooking experiment gone right for once!,2026-04-15 09:09:00,2,3.0,2.0,en
631,@sunnydev298,,2026-01-21 07:19:00,38,9.0,0.0,en
1442,@cosmicgamer860,"Working from the coffee shop again, love this place.",2026-02-19 05:03:00,29,4.0,2.0,en
163,@happyvoice637,Quelle belle journee aujourd'hui!,2026-01-05 00:44:00,49,7.0,5.0,fr
414,@silentvoice982,Why is nobody talking about this documentary?,2026-01-13 19:25:00,38,3.0,3.0,en
1074,@dailytechupdate,Conference talk today was so inspiring.,2026-02-06 20:35:00,458,41.0,25.0,en
2018,@sunnytraveler110,,2026-03-12 21:49:00,73,7.0,3.0,nl
877,@drchef677,Que buen dia para salir a caminar!,2026-01-30 19:27:00,7,4.0,1.0,es
818,@silentmind741,Conference talk today was so inspiring.,2026-01-28 07:06:00,20,2.0,0.0,en
4919,@silentstudent341,Que buen dia para salir a caminar!,2026-06-26 21:06:00,16,0.0,1.0,es
2256,@digitalsoul866,Ich freue mich aufs Wochenende!,2026-03-20 21:39:00,57,4.0,2.0,de
2735,@cosmiclife650,Anyone else excited for the weekend?,2026-04-08 17:29:00,41,6.0,3.0,en
873,@happythinker443,Finally finished my project after weeks of work.,2026-01-30 17:29:00,13,2.0,0.0,en
4342,@luckythinker140,Quelle belle journee aujourd'hui!,2026-06-05 21:49:00,51,9.0,1.0,fr
3684,@techexplorer915,Traffic this morning was unreal.,2026-05-13 10:29:00,27,2.0,1.0,en
230,@sunnynews435,Cette nouvelle est incroyable.,2026-01-07 20:58:00,5,3.0,2.0,fr
907,@urbantraveler501,Why is nobody talking about this documentary?,2026-01-31 09:52:00,156,23.0,7.0,en
2057,@nightvibes838,"Feeling grateful today, small wins count.",2026-03-13 21:35:00,28,,2.0,en
897,@mswriter173,Why is nobody talking about this documentary?,2026-01-30 21:33:00,77,4.0,2.0,en
3872,@mrstudent530,Can we talk about how good this weather is today?,2026-05-20 10:24:00,56,4.0,4.0,en
2154,@cosmictraveler626,Vivement le week-end!,2026-03-17 11:55:00,35,6.0,2.0,fr
792,@sunnyfox219,"Big news coming soon, stay tuned!",2026-01-27 03:59:00,17,6.0,0.0,en
1911,@silentvoice503,Cooking experiment gone right for once!,2026-03-08 01:11:00,26,5.0,1.0,en
1328,@luckyfox283,Reading a great book on data science right now.,2026-02-14 18:45:00,10,0.0,2.0,en
2309,@quietmind15,Can we talk about how good this weather is today?,2026-03-23 01:02:00,13,3.0,1.0,en
2877,@thechef938,This is exactly why I love this community.,2026-04-13 20:20:00,5,2.0,1.0,en
699,@mrthinker789,Finally finished my project after weeks of work.,2026-01-23 20:14:00,4,2.0,2.0,en
3084,@cosmictraveler958,Cooking experiment gone right for once!,2026-04-20 22:41:00,22,7.0,2.0,en
3081,@dailytechupdate,Why is nobody talking about this documentary?,2026-04-20 21:04:00,596,65.0,28.0,en
4987,@wilddreamer783,Que buen dia para salir a caminar!,2026-06-29 09:23:00,23,3.0,2.0,es
1718,@realgamer938,Reading a great book on data science right now.,2026-02-28 18:31:00,61,,,en
2580,@happyrunner800,Conference talk today was so inspiring.,2026-04-02 13:58:00,8,1.0,,en
895,@justthinker414,Cooking experiment gone right for once!,2026-01-30 21:26:00,37,4.0,2.0,en
3021,@silentwriter862,Can we talk about how good this weather is today?,2026-04-18 10:56:00,25,,1.0,en
3542,@luckylife2,"Feeling grateful today, small wins count.",2026-05-07 18:11:00,53,9.0,3.0,en
4154,@mrstudent530,"Big news coming soon, stay tuned!",2026-05-30 03:54:00,35,5.0,1.0,en
1980,@sunnyartist166,Diese Nachricht ist unglaublich.,2026-03-11 05:02:00,6,0.0,1.0,de
1058,@truevoice35,Can we talk about how good this weather is today?,2026-02-06 19:00:00,90,3.0,3.0,en
3310,@thedreamer792,Anyone else excited for the weekend?,2026-04-29 04:59:00,18,1.0,1.0,en
3519,@coderthinker974,"Big news coming soon, stay tuned!",2026-05-07 03:49:00,26,4.0,2.0,en
2331,@silentmind598,Cooking experiment gone right for once!,2026-03-24 06:19:00,68,11.0,5.0,en
3659,@wilddev434,Reading a great book on data science right now.,2026-05-12 12:58:00,52,8.0,2.0,en
93,@dailylife895,Finally finished my project after weeks of work.,2026-01-02 20:55:00,92,6.0,5.0,en
1235,@digitalwriter446,Anyone else excited for the weekend?,2026-02-11 23:39:00,18,1.0,0.0,en
1014,@silentmind741,,2026-02-04 22:40:00,7,2.0,2.0,en
3864,@sunnynews853,"New blog post is live, check it out!",2026-05-20 02:36:00,26,6.0,3.0,en
948,@nightgamer97,Cette nouvelle est incroyable.,2026-02-02 03:30:00,67,11.0,4.0,fr
1794,@happygamer649,Can we talk about how good this weather is today?,2026-03-04 09:11:00,12,4.0,,en
191,@cosmicartist98,"Big news coming soon, stay tuned!",2026-01-06 13:31:00,9,4.0,2.0,en
1532,@reallife2,Anyone else excited for the weekend?,2026-02-22 00:49:00,6,1.0,1.0,en
2683,@luckypanda930,This is exactly why I love this community.,2026-04-06 08:04:00,72,10.0,1.0,en
2813,@quietpanda247,Just adopted a puppy and I'm obsessed.,2026-04-10 23:26:00,20,2.0,1.0,en
3895,@msdev427,Can we talk about how good this weather is today?,2026-05-21 11:10:00,57,,4.0,en
3589,@msgamer981,Cooking experiment gone right for once!,2026-05-08 22:59:00,98,13.0,4.0,en
4820,@technews506,This is exactly why I love this community.,2026-06-23 11:43:00,13,5.0,0.0,en
3177,@dailychef584,Anyone else excited for the weekend?,2026-04-24 20:04:00,16,5.0,1.0,en
2112,@techsoul134,"Big news coming soon, stay tuned!",2026-03-15 12:16:00,76,4.0,1.0,en
4773,@drsoul916,Just adopted a puppy and I'm obsessed.,2026-06-21 15:27:00,102,18.0,3.0,en
106,@techthinker448,Conference talk today was so inspiring.,2026-01-02 21:51:00,199,19.0,,en
3414,@dailytraveler153,Je viens de terminer mon projet.,2026-05-02 15:06:00,13,3.0,2.0,fr
2802,@happygamer467,Ich freue mich aufs Wochenende!,2026-04-10 21:11:00,66,8.0,1.0,de
1964,@wildpanda875,Cooking experiment gone right for once!,2026-03-10 10:29:00,15,2.0,0.0,en
4999,@quietwanderer195,Reading a great book on data science right now.,2026-06-29 22:45:00,46,7.0,,en
2302,@cosmicsoul800,This is exactly why I love this community.,2026-03-22 19:19:00,6,0.0,2.0,en
775,@msrunner579,Cooking experiment gone right for once!,2026-01-26 14:01:00,33,1.0,3.0,en
1233,@truepanda203,Conference talk today was so inspiring.,2026-02-11 22:30:00,28,1.0,2.0,en
859,@msstudent132,Endlich mein Projekt fertig.,2026-01-30 03:02:00,32,5.0,2.0,de
201,@truemind499,Vivement le week-end!,2026-01-06 21:22:00,11,1.0,2.0,fr
3155,@dailyvibes92,Quelle belle journee aujourd'hui!,2026-04-24 11:00:00,13,2.0,0.0,fr
4594,@mrvoice745,Finally finished my project after weeks of work.,2026-06-15 15:42:00,36,,,en
5066,@luckywriter983,.,2026-01-08 03:57:00,3,1.0,0.0,en
3431,@nightexplorer406,Just tried the new update and it's amazing! #tech,2026-05-03 07:26:00,134,15.0,7.0,en
4161,@codernews486,Why is nobody talking about this documentary?,2026-05-30 16:11:00,50,8.0,1.0,en
4371,@mswriter879,Traffic this morning was unreal.,2026-06-06 15:40:00,45,3.0,3.0,en
726,@mslife244,"Feeling grateful today, small wins count.",2026-01-24 13:29:00,8,2.0,1.0,en
1680,@quietvibes721,Anyone else excited for the weekend?,2026-02-27 19:24:00,56,11.0,2.0,en
2202,@luckystudent449,"Feeling grateful today, small wins count.",2026-03-19 15:23:00,45,4.0,2.0,en
3944,@cosmictraveler958,Cooking experiment gone right for once!,2026-05-22 19:20:00,81,8.0,5.0,en
1364,@cosmiclife650,Ich freue mich aufs Wochenende!,2026-02-16 08:51:00,213,27.0,4.0,de
411,@msdreamer316,Feliz viernes a todos!,2026-01-13 16:34:00,50,8.0,4.0,es
831,@justmind541,Terminando el proyecto por fin.,2026-01-28 21:37:00,20,2.0,2.0,es
3782,@nightthinker765,Que buen dia para salir a caminar!,2026-05-16 03:24:00,9,1.0,1.0,es
913,@truedev87,Feliz viernes a todos!,2026-01-31 14:28:00,29,7.0,3.0,es
2093,@nightgamer200,Can we talk about how good this weather is today?,2026-03-14 20:48:00,41,7.0,4.0,en
391,@drdev183,Terminando el proyecto por fin.,2026-01-12 21:10:00,326,25.0,20.0,es
4819,@msrunner198,Cette nouvelle est incroyable.,2026-06-23 11:33:00,26,3.0,2.0,fr
4358,@mrvoice30,,2026-06-06 05:12:00,34,5.0,3.0,de
4995,@msfox106,Just tried the new update and it's amazing! #tech,2026-06-29 18:47:00,78,5.0,4.0,en
2244,@quietlife239,Feliz viernes a todos!,2026-03-20 20:14:00,18,2.0,0.0,es
3124,@drchef131,Conference talk today was so inspiring.,2026-04-23 04:16:00,48,3.0,,en
3122,@sunnydev554,Just adopted a puppy and I'm obsessed.,2026-04-23 03:31:00,2,3.0,0.0,en
3958,@therunner987,Cooking experiment gone right for once!,2026-05-22 21:20:00,33,6.0,2.0,en
719,@wilddev280,,2026-01-23 23:47:00,22,3.0,3.0,en
3453,@dailytechupdate,Why is nobody talking about this documentary?,2026-05-04 09:51:00,968,129.0,56.0,en
2441,@mschef852,Que buen dia para salir a caminar!,2026-03-28 05:56:00,30,7.0,1.0,es
3257,@truedreamer447,Finally finished my project after weeks of work.,2026-04-27 03:35:00,20,5.0,2.0,en
3109,@urbanlife621,Que buen dia para salir a caminar!,2026-04-22 13:02:00,28,2.0,0.0,es
3412,@dailyvibes599,Traffic this morning was unreal.,2026-05-02 13:11:00,208,,8.0,en
3049,@quietthinker647,Reading a great book on data science right now.,2026-04-19 17:04:00,155,6.0,9.0,en
3290,@realgamer857,Que buen dia para salir a caminar!,2026-04-28 11:34:00,43,7.0,3.0,es
421,@happyvoice637,"Big news coming soon, stay tuned!",2026-01-14 02:02:00,30,4.0,1.0,en
2198,@dailytechupdate,Why is nobody talking about this documentary?,2026-03-19 09:44:00,615,65.0,34.0,en
4106,@quietthinker979,Cooking experiment gone right for once!,2026-05-29 00:54:00,27,7.0,1.0,en
3878,@urbandreamer38,Anyone else excited for the weekend?,2026-05-20 19:10:00,93,5.0,,en
3913,@urbanstudent404,Feliz viernes a todos!,2026-05-21 21:14:00,31,5.0,3.0,es
3118,@dailytraveler153,Traffic this morning was unreal.,2026-04-22 21:12:00,15,4.0,1.0,en
1938,@happyvoice223,Just adopted a puppy and I'm obsessed.,2026-03-08 22:32:00,42,6.0,5.0,en
1120,@urbanartist285,Just tried the new update and it's amazing! #tech,2026-02-08 04:32:00,8,3.0,0.0,en
4116,@dailywriter863,This is exactly why I love this community.,2026-05-29 12:24:00,191,,6.0,en
535,@luckypanda930,Feliz viernes a todos!,2026-01-17 16:14:00,12,1.0,1.0,es
549,@digitaltraveler160,This is exactly why I love this community.,2026-01-18 05:08:00,103,11.0,6.0,en
299,@digitalartist418,,2026-01-09 21:05:00,20,1.0,0.0,es
3363,@digitalwriter446,Vivement le week-end!,2026-05-01 16:14:00,56,6.0,5.0,fr
3730,@drrunner405,Kan niet wachten op het weekend!,2026-05-15 08:32:00,87,4.0,5.0,nl
2171,@happygamer41,Just adopted a puppy and I'm obsessed.,2026-03-18 03:55:00,12,3.0,0.0,en
1386,@quietrunner431,Reading a great book on data science right now.,2026-02-17 07:23:00,255,33.0,,en
3208,@urbandreamer38,Je viens de terminer mon projet.,2026-04-25 11:21:00,48,6.0,2.0,fr
3136,@coderartist746,Terminando el proyecto por fin.,2026-04-23 17:04:00,10,2.0,1.0,es
3900,@codersoul455,Can we talk about how good this weather is today?,2026-05-21 14:55:00,28,3.0,1.0,en
5008,@truevibes165,🙂,2026-03-03 13:08:00,1,0.0,0.0,en
4185,@drlife925,This is exactly why I love this community.,2026-05-31 12:44:00,51,9.0,1.0,en
3159,@msdreamer242,,2026-04-24 14:07:00,39,3.0,1.0,en
98,@coderwanderer447,"Feeling grateful today, small wins count.",2026-01-02 21:23:00,38,4.0,,en
2100,@digitallife302,Reading a great book on data science right now.,2026-03-15 06:14:00,39,5.0,2.0,en
4606,@mrstudent530,"Big news coming soon, stay tuned!",2026-06-15 21:44:00,30,3.0,2.0,en
2260,@truefox665,"New blog post is live, check it out!",2026-03-20 21:49:00,95,7.0,3.0,en
4800,@wildtraveler685,Traffic this morning was unreal.,2026-06-22 16:33:00,25,4.0,1.0,en
1970,@quietpanda67,Why is nobody talking about this documentary?,2026-03-10 17:13:00,32,6.0,3.0,en
2795,@thewanderer677,Conference talk today was so inspiring.,2026-04-10 20:23:00,14,4.0,0.0,en
1046,@sunnystudent109,Why is nobody talking about this documentary?,2026-02-06 08:12:00,31,3.0,,en
940,@realartist719,"Working from the coffee shop again, love this place.",2026-02-01 23:15:00,13,1.0,1.0,en
5065,@nightvibes838,-,2026-04-13 20:17:00,2,0.0,0.0,en
608,@digitalartist533,"New blog post is live, check it out!",2026-01-20 07:53:00,55,6.0,3.0,en
2527,@cosmiclife757,Que buen dia para salir a caminar!,2026-03-31 15:12:00,12,3.0,1.0,es
2540,@realfox601,Finally finished my project after weeks of work.,2026-04-01 05:51:00,83,4.0,3.0,en
1071,@silentchef321,Traffic this morning was unreal.,2026-02-06 20:02:00,74,13.0,4.0,en
297,@coderwriter454,Wat een mooie dag vandaag!,2026-01-09 20:57:00,27,3.0,0.0,nl
50,@realrunner705,Cette nouvelle est incroyable.,2026-01-02 09:40:00,8,3.0,1.0,fr
225,@msstudent408,Just tried the new update and it's amazing! #tech,2026-01-07 14:56:00,275,8.0,,en
1775,@nightstudent616,Why is nobody talking about this documentary?,2026-03-03 08:34:00,12,,1.0,en
1244,@happyvoice637,Can we talk about how good this weather is today?,2026-02-12 16:13:00,22,3.0,,en
3280,@techsoul957,Just adopted a puppy and I'm obsessed.,2026-04-28 02:40:00,109,9.0,5.0,en
1922,@coderchef184,No puedo creer las noticias de hoy.,2026-03-08 07:36:00,108,4.0,9.0,es
851,@dailygamer259,Ich freue mich aufs Wochenende!,2026-01-29 18:30:00,48,2.0,3.0,de
1226,@mrvoice745,Traffic this morning was unreal.,2026-02-11 15:32:00,5,0.0,2.0,en
4659,@quietvoice816,This is exactly why I love this community.,2026-06-17 22:46:00,19,5.0,3.0,en
2853,@realdev36,Terminando el proyecto por fin.,2026-04-12 18:19:00,48,5.0,4.0,es
4701,@wildchef664,Why is nobody talking about this documentary?,2026-06-19 08:05:00,21,5.0,0.0,en
3318,@msgamer420,Conference talk today was so inspiring.,2026-04-29 23:11:00,21,3.0,2.0,en
443,@msgamer420,"Working from the coffee shop again, love this place.",2026-01-15 01:42:00,17,5.0,1.0,en
2473,@dailychef65,Que buen dia para salir a caminar!,2026-03-29 12:18:00,111,6.0,6.0,es
4923,@cosmicsoul411,Just tried the new update and it's amazing! #tech,2026-06-26 21:17:00,5,0.0,1.0,en
2588,@mssoul776,No puedo creer las noticias de hoy.,2026-04-02 22:19:00,37,7.0,1.0,es
2816,@coderartist746,Anyone else excited for the weekend?,2026-04-11 02:26:00,25,4.0,0.0,en
2917,@techsoul957,Just adopted a puppy and I'm obsessed.,2026-04-15 09:53:00,38,3.0,4.0,en
188,@trueexplorer291,This is exactly why I love this community.,2026-01-06 08:35:00,78,10.0,5.0,en
4503,@dailygamer259,Anyone else excited for the weekend?,2026-06-12 11:59:00,15,4.0,2.0,en
2800,@silentgamer282,Quelle belle journee aujourd'hui!,2026-04-10 21:02:00,132,17.0,6.0,fr
3904,@msthinker764,"Feeling grateful today, small wins count.",2026-05-21 15:59:00,55,3.0,2.0,en
4076,@cosmicwanderer850,"Big news coming soon, stay tuned!",2026-05-27 18:27:00,31,2.0,3.0,en
462,@thefox52,Feliz viernes a todos!,2026-01-15 19:42:00,41,5.0,3.0,es
4767,@drchef677,Wat een mooie dag vandaag!,2026-06-21 10:39:00,6,4.0,1.0,nl
3132,@dailygamer259,Eindelijk mijn project afgerond.,2026-04-23 11:29:00,19,4.0,0.0,nl
715,@sunnygamer479,Just tried the new update and it's amazing! #tech,2026-01-23 21:43:00,31,5.0,3.0,en
4521,@mrexplorer871,"Big news coming soon, stay tuned!",2026-06-12 20:12:00,120,10.0,4.0,en
636,@urbanwriter806,Just tried the new update and it's amazing! #tech,2026-01-21 13:24:00,19,3.0,3.0,en
4086,@wildthinker128,Conference talk today was so inspiring.,2026-05-28 05:23:00,46,7.0,3.0,en
4625,@luckydev635,Traffic this morning was unreal.,2026-06-16 16:09:00,42,5.0,1.0,en
2267,@nightexplorer653,Why is nobody talking about this documentary?,2026-03-21 06:23:00,9,1.0,1.0,en
4041,@wildtraveler685,"New blog post is live, check it out!",2026-05-26 13:13:00,8,4.0,0.0,en
4043,@luckydev518,"Big news coming soon, stay tuned!",2026-05-26 14:23:00,7,4.0,0.0,en
1766,@luckychef502,Eindelijk mijn project afgerond.,2026-03-02 23:32:00,57,7.0,6.0,nl
2348,@dailytechupdate,Why is nobody talking about this documentary?,2026-03-25 02:31:00,900,96.0,49.0,en
3824,@happypanda983,Why is nobody talking about this documentary?,2026-05-18 05:10:00,19,0.0,2.0,en
2904,@justvoice443,Finally finished my project after weeks of work.,2026-04-14 21:43:00,68,12.0,4.0,en
610,@codernews486,"Big news coming soon, stay tuned!",2026-01-20 11:16:00,12,3.0,0.0,en
486,@digitalchef759,Reading a great book on data science right now.,2026-01-16 15:48:00,106,9.0,9.0,en
1086,@luckyvibes228,Just adopted a puppy and I'm obsessed.,2026-02-06 21:32:00,32,7.0,3.0,en
2130,@techstudent104,Que buen dia para salir a caminar!,2026-03-16 08:08:00,234,14.0,4.0,es
4421,@dailyvibes974,Anyone else excited for the weekend?,2026-06-08 19:10:00,33,5.0,3.0,en
3539,@techwriter588,Can we talk about how good this weather is today?,2026-05-07 17:34:00,29,3.0,2.0,en
3129,@digitalexplorer54,Dit nieuws is ongelooflijk.,2026-04-23 08:55:00,26,4.0,3.0,nl
20,@drartist738,Endlich mein Projekt fertig.,2026-01-01 15:19:00,3,,1.0,de
4935,@realwanderer449,Just adopted a puppy and I'm obsessed.,2026-06-27 03:14:00,7,3.0,1.0,en
1674,@realgamer418,Dit nieuws is ongelooflijk.,2026-02-27 14:11:00,4,4.0,2.0,nl
2857,@sunnyvoice739,,2026-04-12 20:03:00,10,0.0,0.0,en
1791,@happydev433,Just tried the new update and it's amazing! #tech,2026-03-04 04:47:00,33,4.0,3.0,en
4897,@quietchef544,Quelle belle journee aujourd'hui!,2026-06-26 14:22:00,19,2.0,1.0,fr
97,@techdev574,Why is nobody talking about this documentary?,2026-01-02 21:21:00,21,3.0,0.0,en
3156,@sunnylife494,This is exactly why I love this community.,2026-04-24 12:26:00,9,3.0,1.0,en
2495,@dailymind993,Why is nobody talking about this documentary?,2026-03-30 07:41:00,57,7.0,3.0,en
4571,@truevibes165,No puedo creer las noticias de hoy.,2026-06-14 13:41:00,25,4.0,0.0,es
367,@justnews792,Just tried the new update and it's amazing! #tech,2026-01-11 18:28:00,146,5.0,7.0,en
1722,@justnews408,Just tried the new update and it's amazing! #tech,2026-02-28 21:01:00,28,7.0,2.0,en
3658,@wildpanda875,Cooking experiment gone right for once!,2026-05-12 07:47:00,72,7.0,6.0,en
1910,@drchef61,This is exactly why I love this community.,2026-03-08 01:07:00,90,11.0,1.0,en
4857,@dailyfox546,Terminando el proyecto por fin.,2026-06-24 20:57:00,48,4.0,5.0,es
919,@dailywriter529,"New blog post is live, check it out!",2026-01-31 20:50:00,52,5.0,2.0,en
1426,@nightexplorer406,Endlich mein Projekt fertig.,2026-02-18 18:09:00,57,2.0,5.0,de
2808,@coderchef654,Just tried the new update and it's amazing! #tech,2026-04-10 21:43:00,28,,3.0,en
4489,@thedreamer792,Je viens de terminer mon projet.,2026-06-11 20:35:00,22,5.0,0.0,fr
3566,@drlife685,Anyone else excited for the weekend?,2026-05-08 19:38:00,9,2.0,2.0,en
4603,@drrunner10,Was fur ein schoner Tag heute!,2026-06-15 20:33:00,892,38.0,27.0,de
4531,@dailychef584,Anyone else excited for the weekend?,2026-06-12 21:27:00,3,1.0,,en
2991,@dailyexplorer949,Just adopted a puppy and I'm obsessed.,2026-04-17 20:41:00,24,0.0,1.0,en
3392,@urbandev990,No puedo creer las noticias de hoy.,2026-05-01 21:28:00,32,6.0,2.0,es
5109,@luckypanda930,??,2026-06-01 18:57:00,2,1.0,1.0,en
4229,@cosmicgamer860,"Working from the coffee shop again, love this place.",2026-06-02 08:12:00,86,8.0,1.0,en
3123,@mssoul242,Why is nobody talking about this documentary?,2026-04-23 03:36:00,15,5.0,0.0,en
3311,@mrexplorer753,Je viens de terminer mon projet.,2026-04-29 07:15:00,36,4.0,1.0,fr
1589,@urbandreamer38,"New blog post is live, check it out!",2026-02-24 06:57:00,62,2.0,2.0,en
3665,@happyvibes37,Just adopted a puppy and I'm obsessed.,2026-05-12 18:01:00,13,3.0,1.0,en
2499,@techstudent104,"New blog post is live, check it out!",2026-03-30 10:51:00,15,,1.0,en
32,@thevibes878,Traffic this morning was unreal.,2026-01-02 00:07:00,111,17.0,8.0,en
3284,@silentstudent765,Wat een mooie dag vandaag!,2026-04-28 06:15:00,24,2.0,1.0,nl
1376,@digitallife302,Ich freue mich aufs Wochenende!,2026-02-16 18:47:00,68,9.0,2.0,de
1327,@drartist738,Wat een mooie dag vandaag!,2026-02-14 17:06:00,49,10.0,2.0,nl
3781,@coderartist746,Dit nieuws is ongelooflijk.,2026-05-16 01:59:00,31,3.0,2.0,nl
5029,@urbanvoice918,👍👍,2026-05-04 19:52:00,1,0.0,1.0,en
1350,@justthinker414,Cooking experiment gone right for once!,2026-02-15 16:42:00,101,6.0,,en
256,@luckywriter709,Conference talk today was so inspiring.,2026-01-08 23:32:00,8,1.0,1.0,en
4989,@coderpanda118,Reading a great book on data science right now.,2026-06-29 10:38:00,77,,7.0,en
3643,@nightvoice746,Vivement le week-end!,2026-05-11 09:10:00,52,5.0,1.0,fr
3623,@sunnynews100,"Working from the coffee shop again, love this place.",2026-05-10 11:51:00,16,3.0,0.0,en
4148,@mrwriter530,Why is nobody talking about this documentary?,2026-05-29 21:57:00,55,4.0,2.0,en
4972,@quietlife151,Ich freue mich aufs Wochenende!,2026-06-28 23:55:00,20,6.0,1.0,de
349,@digitalpanda228,Anyone else excited for the weekend?,2026-01-11 02:13:00,14,1.0,2.0,en
5043,@coderchef654,!!,2026-04-13 08:40:00,3,1.0,0.0,en
2728,@codernews486,This is exactly why I love this community.,2026-04-08 13:14:00,2,0.0,2.0,en
3701,@nightstudent616,Just adopted a puppy and I'm obsessed.,2026-05-13 23:23:00,27,3.0,1.0,en
125,@cosmicpanda822,Terminando el proyecto por fin.,2026-01-03 15:51:00,37,4.0,3.0,es
2779,@sunnyvoice684,Cette nouvelle est incroyable.,2026-04-10 14:23:00,157,21.0,8.0,fr
2880,@codertraveler972,,2026-04-13 21:35:00,27,,2.0,fr
1549,@nightsoul653,Can we talk about how good this weather is today?,2026-02-22 19:08:00,94,15.0,6.0,en
2774,@digitalwriter882,This is exactly why I love this community.,2026-04-10 05:59:00,19,5.0,2.0,en
2636,@mspanda608,Anyone else excited for the weekend?,2026-04-03 21:42:00,19,2.0,0.0,en
434,@truethinker286,Traffic this morning was unreal.,2026-01-14 11:25:00,20,3.0,3.0,en
4771,@mrsoul331,Cette nouvelle est incroyable.,2026-06-21 14:32:00,7,4.0,2.0,fr
3336,@codertraveler458,"Big news coming soon, stay tuned!",2026-04-30 18:50:00,63,13.0,,en
1100,@nightstudent848,"Working from the coffee shop again, love this place.",2026-02-07 08:32:00,23,2.0,0.0,en
2515,@realnews22,Kan niet wachten op het weekend!,2026-03-31 02:06:00,50,6.0,,nl
3607,@theexplorer402,Anyone else excited for the weekend?,2026-05-09 18:22:00,62,7.0,2.0,en
2576,@cosmicvibes338,Anyone else excited for the weekend?,2026-04-02 12:41:00,16,0.0,1.0,en
